ts,stage,active_mb,max_mb,sb_min_mb,dyn_target_mb,dyn_used_mb,dyn_free_mb,grant_debt_mb,ap_count,ap_queue_len,ap_queue_admit,ap_queue_timeout,backpressure_cnt,bp_reason,buf_active_gr,buf_draining_gr,reclaiming_gr,free_gr,ap_reserved_gr,ap_active_gr,total_gr,gr_consistent,tp_baseline_tps,tp_recent_tps,tp_drop_ratio,tp_guard_hot,io_guard_hot,spill_rate,last_grant_mb,eff_grant_kb,eff_downgrade,grant_shrink,pool_event_id,pool_action,binding,tps,blks_hit,blks_read,buffer_hit_pct
1786506864,-,1984,2048,512,768,0,768,5201,0,0,11,168,332,resize_cooldown,31,0,0,1,0,0,32,true,7.346,2.895,0.000000,false,false,0.000000,0,0,495,495,936,TP_RECOVERY,,,1179202879,57144586,
1786506865,-,1984,2048,512,768,0,768,5201,0,0,11,168,332,resize_cooldown,31,0,0,1,0,0,32,true,7.017,4.062,0.000000,false,false,0.000000,0,0,495,495,936,TP_RECOVERY,,16,1179202900,57144586,100.00
1786506866,-,1984,2048,512,768,0,768,5201,0,0,11,168,332,resize_cooldown,31,0,0,1,0,0,32,true,6.769,4.528,0.000000,false,false,0.000000,0,0,495,495,936,TP_RECOVERY,,14,1179202920,57144586,100.00
1786506867,tp_warmup,1984,2048,512,768,0,768,5201,0,0,11,168,332,resize_cooldown,31,0,0,1,0,0,32,true,6.588,4.960,0.000000,false,false,0.000000,0,0,495,495,936,TP_RECOVERY,,24,1179203122,57144586,100.00
1786506868,tp_warmup,1984,2048,512,768,0,768,5201,0,0,11,168,332,resize_cooldown,31,0,0,1,0,0,32,true,8.891,8.891,0.000000,false,false,0.000000,0,0,495,495,936,TP_RECOVERY,,21,1179203247,57144590,96.90
1786506869,tp_warmup,1984,2048,512,768,0,768,5201,0,0,11,168,332,resize_cooldown,31,0,0,1,0,0,32,true,9.424,9.424,0.000000,false,false,0.000000,0,0,495,495,936,TP_RECOVERY,,16,1179203267,57144593,86.96
1786506870,tp_warmup,1984,2048,512,768,0,768,5201,0,0,11,168,332,resize_cooldown,31,0,0,1,0,0,32,true,9.956,9.956,0.000000,false,false,0.000000,0,0,495,495,936,TP_RECOVERY,,23,1179203449,57144606,93.33
1786506871,tp_warmup,1984,2048,512,768,0,768,5201,0,0,11,168,332,resize_cooldown,31,0,0,1,0,0,32,true,10.722,10.722,0.000000,false,false,0.000000,0,0,495,495,936,TP_RECOVERY,,18,1179203472,57144606,100.00
1786506872,tp_warmup,1984,2048,512,768,0,768,5201,0,0,11,168,332,resize_cooldown,31,0,0,1,0,0,32,true,11.321,11.321,0.000000,false,false,0.000000,0,0,495,495,936,TP_RECOVERY,,16,1179203494,57144606,100.00
1786506873,tp_warmup,1984,2048,512,768,0,768,5201,0,0,11,168,332,resize_cooldown,31,0,0,1,0,0,32,true,12.120,12.120,0.000000,false,false,0.000000,0,0,495,495,936,TP_RECOVERY,,58,1179337240,57408317,33.65
1786506874,tp_warmup,1984,2048,512,768,0,768,5201,0,0,11,168,332,resize_cooldown,31,0,0,1,0,0,32,true,12.654,12.654,0.000000,false,false,0.000000,0,0,495,495,936,TP_RECOVERY,,18,1179337262,57408318,95.65
1786506875,tp_warmup,1984,2048,512,768,0,768,5201,0,0,11,168,332,resize_cooldown,31,0,0,1,0,0,32,true,13.187,13.187,0.000000,false,false,0.000000,0,0,495,495,936,TP_RECOVERY,,19,1179525315,57617198,47.38
1786506876,tp_warmup,1984,2048,512,768,0,768,5201,0,0,11,168,332,resize_cooldown,31,0,0,1,0,0,32,true,24.228,24.228,0.000000,false,false,0.000000,0,0,495,495,936,TP_RECOVERY,,438,1179530866,57618194,84.79
1786506878,tp_warmup,1984,2048,512,768,0,768,5201,0,0,11,168,332,resize_cooldown,31,0,0,1,0,0,32,true,52.461,52.461,0.000000,false,false,0.000000,0,0,495,495,936,TP_RECOVERY,,860,1179541719,57619914,86.32
1786506879,tp_warmup,1984,2048,512,768,0,768,5201,0,0,11,168,332,resize_cooldown,31,0,0,1,0,0,32,true,79.074,79.074,0.000000,false,false,0.000000,0,0,495,495,936,TP_RECOVERY,,796,1179551949,57621489,86.66
1786506880,tp_warmup,1984,2048,512,768,0,768,5201,0,0,11,168,332,resize_cooldown,31,0,0,1,0,0,32,true,106.831,106.831,0.000000,false,false,0.000000,0,0,495,495,936,TP_RECOVERY,,775,1179561877,57622968,87.03
1786506881,tp_warmup,1984,2048,512,768,0,768,5201,0,0,11,168,332,resize_cooldown,31,0,0,1,0,0,32,true,127.360,127.360,0.000000,false,false,0.000000,0,0,495,495,936,TP_RECOVERY,,674,1179570564,57624320,86.53
1786506882,tp_warmup,1984,2048,512,768,0,768,5201,0,0,11,168,332,resize_cooldown,31,0,0,1,0,0,32,true,154.943,154.943,0.000000,false,false,0.000000,0,0,495,495,936,TP_RECOVERY,,836,1179581434,57625916,87.20
1786506883,tp_warmup,1984,2048,512,768,0,768,5201,0,0,11,168,332,resize_cooldown,31,0,0,1,0,0,32,true,181.987,181.987,0.000000,false,false,0.000000,0,0,495,495,936,TP_RECOVERY,,1222,1179597312,57628207,87.39
1786506884,tp_warmup,1984,2048,512,768,0,768,5201,0,0,11,168,332,resize_cooldown,31,0,0,1,0,0,32,true,209.565,209.565,0.000000,false,false,0.000000,0,0,495,495,936,TP_RECOVERY,,613,1179605164,57629331,87.48
1786506885,tp_warmup,1984,2048,512,768,0,768,5201,0,0,11,168,332,resize_cooldown,31,0,0,1,0,0,32,true,225.828,225.828,0.000000,false,false,0.000000,0,0,495,495,936,TP_RECOVERY,,701,1179614487,57630617,87.88
1786506886,tp_warmup,1984,2048,512,768,0,768,5201,0,0,11,168,332,resize_cooldown,31,0,0,1,0,0,32,true,251.601,251.601,0.000000,false,false,0.000000,0,0,495,495,936,TP_RECOVERY,,804,1179624828,57632101,87.45
1786506887,tp_warmup,1984,2048,512,768,0,768,5201,0,0,11,168,332,resize_cooldown,31,0,0,1,0,0,32,true,278.989,278.989,0.000000,false,false,0.000000,0,0,495,495,936,TP_RECOVERY,,814,1179635294,57633572,87.68
1786506888,tp_warmup,1984,2048,512,768,0,768,5201,0,0,11,168,332,resize_cooldown,31,0,0,1,0,0,32,true,305.969,305.969,0.000000,false,false,0.000000,0,0,495,495,936,TP_RECOVERY,,848,1179646327,57635124,87.67
1786506889,tp_warmup,1984,2048,512,768,0,768,5201,0,0,11,168,332,resize_cooldown,31,0,0,1,0,0,32,true,348.375,348.375,0.000000,false,false,0.000000,0,0,495,495,936,TP_RECOVERY,,634,1179654390,57636327,87.02
1786506890,tp_warmup,1984,2048,512,768,0,768,5201,0,0,11,168,332,resize_cooldown,31,0,0,1,0,0,32,true,373.045,373.045,0.000000,false,false,0.000000,0,0,495,495,936,TP_RECOVERY,,781,1179663855,57637686,87.44
1786506891,tp_warmup,1984,2048,512,768,0,768,5201,0,0,11,168,332,resize_cooldown,31,0,0,1,0,0,32,true,399.444,399.444,0.000000,false,false,0.000000,0,0,495,495,936,TP_RECOVERY,,967,1179677013,57639775,86.30
1786506892,tp_warmup,1984,2048,512,768,0,768,5201,0,0,11,168,332,resize_cooldown,31,0,0,1,0,0,32,true,425.886,425.886,0.000000,false,false,0.000000,0,0,495,495,936,TP_RECOVERY,,816,1179687504,57641330,87.09
1786506894,tp_warmup,1984,2048,512,768,0,768,5201,0,0,11,168,332,resize_cooldown,31,0,0,1,0,0,32,true,447.989,447.989,0.000000,false,false,0.000000,0,0,495,495,936,TP_RECOVERY,,669,1179696191,57642555,87.64
1786506895,tp_warmup,1984,2048,512,768,0,768,5201,0,0,11,168,332,resize_cooldown,31,0,0,1,0,0,32,true,474.368,474.368,0.000000,false,false,0.000000,0,0,495,495,936,TP_RECOVERY,,820,1179706884,57644093,87.43
1786506896,tp_warmup,1984,2048,512,768,0,768,5201,0,0,11,168,332,resize_cooldown,31,0,0,1,0,0,32,true,497.192,497.192,0.000000,false,false,0.000000,0,0,495,495,936,TP_RECOVERY,,686,1179715844,57645359,87.62
1786506897,tp_warmup,1984,2048,512,768,0,768,5201,0,0,11,168,332,resize_cooldown,31,0,0,1,0,0,32,true,524.161,524.161,0.000000,false,false,0.000000,0,0,495,495,936,TP_RECOVERY,,863,1179727111,57646923,87.81
1786506898,tp_warmup,1984,2048,512,768,0,768,5201,0,0,11,168,332,resize_cooldown,31,0,0,1,0,0,32,true,549.653,549.653,0.000000,false,false,0.000000,0,0,495,495,936,TP_RECOVERY,,829,1179737666,57648437,87.46
1786506899,tp_warmup,1984,2048,512,768,0,768,5201,0,0,11,168,332,resize_cooldown,31,0,0,1,0,0,32,true,574.158,574.158,0.000000,false,false,0.000000,0,0,495,495,936,TP_RECOVERY,,1055,1179750663,57650217,87.95
1786506900,tp_warmup,1984,2048,512,768,0,768,5201,0,0,11,168,332,resize_cooldown,31,0,0,1,0,0,32,true,600.619,600.619,0.000000,false,false,0.000000,0,0,495,495,936,TP_RECOVERY,,735,1179760415,57651560,87.90
1786506901,tp_warmup,1984,2048,512,768,0,768,5201,0,0,11,168,332,resize_cooldown,31,0,0,1,0,0,32,true,622.110,622.110,0.000000,false,false,0.000000,0,0,495,495,936,TP_RECOVERY,,870,1179772185,57653356,86.76
1786506902,tp_warmup,1984,2048,512,768,0,768,5201,0,0,11,168,332,resize_cooldown,31,0,0,1,0,0,32,true,648.521,648.521,0.000000,false,false,0.000000,0,0,495,495,936,TP_RECOVERY,,440,1179777921,57654173,87.53
1786506903,tp_warmup,1984,2048,512,768,0,768,5201,0,0,11,168,332,resize_cooldown,31,0,0,1,0,0,32,true,674.373,674.373,0.000000,false,false,0.000000,0,0,495,495,936,TP_RECOVERY,,1190,1179793307,57656359,87.56
1786506904,tp_warmup,1984,2048,512,768,0,768,5201,0,0,11,168,332,resize_cooldown,31,0,0,1,0,0,32,true,701.261,701.261,0.000000,false,false,0.000000,0,0,495,495,936,TP_RECOVERY,,828,1179803943,57657905,87.31
1786506905,tp_warmup,1984,2048,512,768,0,768,5201,0,0,11,168,332,resize_cooldown,31,0,0,1,0,0,32,true,727.822,727.822,0.000000,false,false,0.000000,0,0,495,495,936,TP_RECOVERY,,815,1179814479,57659478,87.01
1786506906,tp_warmup,1984,2048,512,768,0,768,5201,0,0,11,168,332,resize_cooldown,31,0,0,1,0,0,32,true,754.783,754.783,0.000000,false,false,0.000000,0,0,495,495,936,TP_RECOVERY,,820,1179825120,57661066,87.01
1786506907,tp_warmup,1984,2048,512,768,0,768,5201,0,0,11,168,332,resize_cooldown,31,0,0,1,0,0,32,true,769.156,760.628,0.011088,false,false,0.000000,0,0,495,495,936,TP_RECOVERY,,749,1179834632,57662478,87.07
1786506908,tp_warmup,1984,2048,512,768,0,768,5201,0,0,11,168,332,resize_cooldown,31,0,0,1,0,0,32,true,767.606,753.659,0.018170,false,false,0.000000,0,0,495,495,936,TP_RECOVERY,,576,1179842004,57663558,87.22
1786506909,tp_warmup,1984,2048,512,768,0,768,5201,0,0,11,168,332,resize_cooldown,31,0,0,1,0,0,32,true,764.459,736.131,0.037056,false,false,0.000000,0,0,495,495,936,TP_RECOVERY,,379,1179846910,57664236,87.86
1786506910,tp_warmup,1984,2048,512,768,0,768,5201,0,0,11,168,332,resize_cooldown,31,0,0,1,0,0,32,true,760.572,725.587,0.045998,false,false,0.000000,0,0,495,495,936,TP_RECOVERY,,317,1179850849,57664836,86.78
1786506912,stage1,1984,2048,512,768,0,768,5201,0,0,11,168,332,resize_cooldown,31,0,0,1,0,0,32,true,755.461,709.461,0.060890,false,false,0.000000,0,0,495,495,936,TP_RECOVERY,,402,1179856247,57665667,86.66
1786506913,stage1,1984,2048,512,768,0,768,5201,0,0,11,168,332,resize_cooldown,31,0,0,1,0,0,32,true,749.409,694.948,0.072673,false,false,0.000000,0,0,495,495,936,TP_RECOVERY,,587,1179863368,57666846,85.80
1786506914,stage1,1984,2048,512,768,0,768,5201,0,0,11,168,332,resize_cooldown,31,0,0,1,0,0,32,true,743.583,691.149,0.070515,false,false,0.000000,0,0,495,495,936,TP_RECOVERY,,396,1179868292,57667644,86.05
1786506915,stage1,1984,2048,512,768,0,768,5201,0,0,11,168,332,resize_cooldown,31,0,0,1,0,0,32,true,738.671,694.455,0.059858,false,false,0.000000,0,0,495,495,936,TP_RECOVERY,,701,1179877397,57669025,86.83
1786506916,stage1,1984,2048,512,768,0,768,5201,0,0,11,168,332,resize_cooldown,31,0,0,1,0,0,32,true,733.746,689.423,0.060406,false,false,0.000000,0,0,495,495,936,TP_RECOVERY,,680,1179886091,57670390,86.43
1786506917,stage1,1984,2048,512,768,0,768,5201,0,0,11,168,332,resize_cooldown,31,0,0,1,0,0,32,true,728.543,681.717,0.064273,false,false,0.000000,0,0,495,495,936,TP_RECOVERY,,633,1179894204,57671633,86.71
1786506918,stage1,1984,2048,512,768,0,768,5201,0,0,11,168,332,resize_cooldown,31,0,0,1,0,0,32,true,722.935,672.461,0.069818,false,false,0.000000,0,0,495,495,936,TP_RECOVERY,,743,1179903836,57673119,86.63
1786506919,stage1,1984,2048,512,768,0,768,5201,0,0,11,168,332,resize_cooldown,31,0,0,1,0,0,32,true,712.859,672.680,0.056363,false,false,0.000000,0,0,495,495,936,TP_RECOVERY,,665,1179912362,57674439,86.59
1786506921,stage1,1984,2048,512,768,0,768,5201,0,0,11,168,332,resize_cooldown,31,0,0,1,0,0,32,true,708.689,671.160,0.052955,false,false,0.000000,0,0,495,495,936,TP_RECOVERY,,1165,1179927501,57676711,86.95
1786506922,stage1,1984,2048,512,768,0,768,5201,0,0,11,168,332,resize_cooldown,31,0,0,1,0,0,32,true,705.062,672.418,0.046300,false,false,0.000000,0,0,495,495,936,TP_RECOVERY,,817,1179938238,57678251,87.46
1786506923,stage1,1984,2048,512,768,0,768,5201,0,0,11,168,332,resize_cooldown,31,0,0,1,0,0,32,true,702.077,675.212,0.038265,false,false,0.000000,0,0,495,495,936,TP_RECOVERY,,921,1179949933,57679994,87.03
1786506924,stage1,1984,2048,512,768,0,768,5201,0,0,11,168,332,resize_cooldown,31,0,0,1,0,0,32,true,699.687,678.183,0.030734,false,false,0.000000,0,0,495,495,936,TP_RECOVERY,,768,1179959919,57681447,87.30
1786506925,stage1,1984,2048,512,768,0,768,5201,0,0,11,168,332,resize_cooldown,31,0,0,1,0,0,32,true,697.766,680.468,0.024789,false,false,0.000000,0,0,495,495,936,TP_RECOVERY,,909,1179971806,57683164,87.38
1786506926,stage1,1984,2048,512,768,0,768,5201,0,0,11,168,332,resize_cooldown,31,0,0,1,0,0,32,true,696.388,683.994,0.017798,false,false,0.000000,0,0,495,495,936,TP_RECOVERY,,782,1179981942,57684610,87.52
1786506927,stage1,1984,2048,512,768,0,768,5201,0,0,11,168,332,resize_cooldown,31,0,0,1,0,0,32,true,693.883,671.332,0.032499,false,false,0.000000,0,0,495,495,936,TP_RECOVERY,,479,1179988315,57685433,88.56
1786506928,stage1,1984,2048,512,768,0,768,5201,0,0,11,168,332,resize_cooldown,31,0,0,1,0,0,32,true,690.585,660.905,0.042978,false,false,0.000000,0,0,495,495,936,TP_RECOVERY,,606,1179996161,57686578,87.27
1786506929,stage1,1984,2048,512,768,0,768,5201,0,0,11,168,332,resize_cooldown,31,0,0,1,0,0,32,true,687.323,657.965,0.042713,false,false,0.000000,0,0,495,495,936,TP_RECOVERY,,813,1180006795,57688074,87.67
1786506930,stage1,1984,2048,512,768,0,768,5201,0,0,11,168,332,resize_cooldown,31,0,0,1,0,0,32,true,683.513,649.221,0.050170,false,false,0.000000,0,0,495,495,936,TP_RECOVERY,,525,1180013650,57689062,87.40
1786506931,stage1,1984,2048,512,768,0,768,5201,0,0,11,168,332,resize_cooldown,31,0,0,1,0,0,32,true,679.537,643.754,0.052658,false,false,0.000000,0,0,495,495,936,TP_RECOVERY,,422,1180019076,57689839,87.47
1786506932,stage1,1984,2048,512,768,0,768,5201,0,0,11,168,332,resize_cooldown,31,0,0,1,0,0,32,true,675.030,634.464,0.060094,false,false,0.000000,0,0,495,495,936,TP_RECOVERY,,651,1180027537,57691089,87.13
1786506933,stage1,1984,2048,512,768,0,768,5201,0,0,11,168,332,resize_cooldown,31,0,0,1,0,0,32,true,670.361,628.342,0.062681,false,false,0.000000,0,0,495,495,936,TP_RECOVERY,,720,1180036913,57692444,87.37
1786506934,stage1,1984,2048,512,768,0,768,5201,0,0,11,168,332,resize_cooldown,31,0,0,1,0,0,32,true,665.363,620.388,0.067596,false,false,0.000000,0,0,495,495,936,TP_RECOVERY,,383,1180041773,57693163,87.11
1786506935,stage1,1984,2048,512,768,0,768,5201,0,0,11,168,332,resize_cooldown,31,0,0,1,0,0,32,true,660.418,615.906,0.067399,false,false,0.000000,0,0,495,495,936,TP_RECOVERY,,784,1180052005,57694589,87.77
1786506937,stage1,1984,2048,512,768,0,768,5201,0,0,11,168,332,resize_cooldown,31,0,0,1,0,0,32,true,650.085,603.402,0.071811,false,false,0.000000,0,0,495,495,936,TP_RECOVERY,,616,1180060092,57695714,87.79
1786506938,stage1,1984,2048,512,768,0,768,5201,0,0,11,168,332,resize_cooldown,31,0,0,1,0,0,32,true,645.680,606.034,0.061402,false,false,0.000000,0,0,495,495,936,TP_RECOVERY,,755,1180069906,57697088,87.72
1786506939,stage1,1984,2048,512,768,0,768,5201,0,0,11,168,332,resize_cooldown,31,0,0,1,0,0,32,true,641.917,608.055,0.052752,false,false,0.000000,0,0,495,495,936,TP_RECOVERY,,688,1180078910,57698392,87.35
1786506940,stage1,1984,2048,512,768,0,768,5201,0,0,11,168,332,resize_cooldown,31,0,0,1,0,0,32,true,639.536,618.108,0.033506,false,false,0.000000,0,0,495,495,936,TP_RECOVERY,,702,1180088224,57699687,87.79
1786506941,stage1,1984,2048,512,768,0,768,5201,0,0,11,168,332,resize_cooldown,31,0,0,1,0,0,32,true,638.222,626.396,0.018530,false,false,0.000000,0,0,495,495,936,TP_RECOVERY,,665,1180096862,57700911,87.59
1786506942,stage1,1984,2048,512,768,0,768,5201,0,0,11,168,332,resize_cooldown,31,0,0,1,0,0,32,true,638.124,637.236,0.001392,false,false,0.000000,0,0,495,495,936,TP_RECOVERY,,750,1180106733,57702323,87.49
1786506943,stage1,1984,2048,512,768,0,768,5201,0,0,11,168,332,resize_cooldown,31,0,0,1,0,0,32,true,648.461,648.461,0.000000,false,false,0.000000,0,0,495,495,936,TP_RECOVERY,,769,1180116726,57703719,87.74
1786506944,stage1,1984,2048,512,768,0,768,5201,0,0,11,168,332,resize_cooldown,31,0,0,1,0,0,32,true,648.326,647.114,0.001870,false,false,0.000000,0,0,495,495,936,TP_RECOVERY,,763,1180126714,57705107,87.80
1786506945,stage1,1984,2048,512,768,0,768,5201,0,0,11,168,332,resize_cooldown,31,0,0,1,0,0,32,true,648.455,648.455,0.000000,false,false,0.000000,0,0,495,495,936,TP_RECOVERY,,669,1180135529,57706306,88.03
1786506947,stage1,1984,2048,512,768,0,768,5201,0,0,11,168,332,resize_cooldown,31,0,0,1,0,0,32,true,648.552,648.552,0.000000,false,false,0.000000,0,0,495,495,936,TP_RECOVERY,,681,1180144433,57707518,88.02
1786506948,stage1,1984,2048,512,768,0,768,5201,0,0,11,168,332,resize_cooldown,31,0,0,1,0,0,32,true,652.611,652.611,0.000000,false,false,0.000000,0,0,495,495,936,TP_RECOVERY,,762,1180154303,57708962,87.24
1786506949,stage1,1984,2048,512,768,0,768,5201,0,0,11,168,332,resize_cooldown,31,0,0,1,0,0,32,true,654.199,654.199,0.000000,false,false,0.000000,0,0,495,495,936,TP_RECOVERY,,723,1180163829,57710287,87.79
1786506950,stage1,1984,2048,512,768,0,768,5201,0,0,11,168,332,resize_cooldown,31,0,0,1,0,0,32,true,653.878,650.988,0.004420,false,false,0.000000,0,0,495,495,936,TP_RECOVERY,,1000,1180176915,57712187,87.32
1786506951,stage1,1984,2048,512,768,0,768,5201,0,0,11,168,332,resize_cooldown,31,0,0,1,0,0,32,true,653.442,649.517,0.006007,false,false,0.000000,0,0,495,495,936,TP_RECOVERY,,390,1180181984,57712892,87.79
1786506952,stage1,1984,2048,512,768,0,768,5201,0,0,11,168,332,resize_cooldown,31,0,0,1,0,0,32,true,652.285,641.877,0.015957,false,false,0.000000,0,0,495,495,936,TP_RECOVERY,,723,1180191404,57714249,87.41
1786506953,stage1,1984,2048,512,768,0,768,5201,0,0,11,168,332,resize_cooldown,31,0,0,1,0,0,32,true,650.247,631.904,0.028210,false,false,0.000000,0,0,495,495,936,TP_RECOVERY,,695,1180200472,57715553,87.43
1786506955,stage1,1984,2048,512,768,0,768,5201,0,0,11,168,332,resize_cooldown,31,0,0,1,0,0,32,true,645.376,620.874,0.037966,false,false,0.000000,0,0,495,495,936,TP_RECOVERY,,741,1180210205,57716884,87.97
1786506956,stage1,1984,2048,512,768,0,768,5201,0,0,11,168,332,resize_cooldown,31,0,0,1,0,0,32,true,642.518,616.800,0.040028,false,false,0.000000,0,0,495,495,936,TP_RECOVERY,,725,1180219688,57718242,87.47
1786506957,stage1,1984,2048,512,768,0,768,5201,0,0,11,168,332,resize_cooldown,31,0,0,1,0,0,32,true,640.804,625.371,0.024084,false,false,0.000000,0,0,495,495,936,TP_RECOVERY,,788,1180229993,57719722,87.44
1786506958,stage1,1984,2048,512,768,0,768,5201,0,0,11,168,332,resize_cooldown,31,0,0,1,0,0,32,true,639.398,626.752,0.019778,false,false,0.000000,0,0,495,495,936,TP_RECOVERY,,730,1180239648,57721098,87.53
1786506959,stage1,1984,2048,512,768,0,768,5201,0,0,11,168,332,resize_cooldown,31,0,0,1,0,0,32,true,637.719,622.602,0.023705,false,false,0.000000,0,0,495,495,936,TP_RECOVERY,,770,1180249842,57722565,87.42
1786506960,stage1,1984,2048,512,768,0,768,5201,0,0,11,168,332,resize_cooldown,31,0,0,1,0,0,32,true,635.992,620.449,0.024439,false,false,0.000000,0,0,495,495,936,TP_RECOVERY,,420,1180255319,57723352,87.44
1786506961,stage1,1984,2048,512,768,0,768,5201,0,0,11,168,332,resize_cooldown,31,0,0,1,0,0,32,true,634.671,622.780,0.018735,false,false,0.000000,0,0,495,495,936,TP_RECOVERY,,691,1180264257,57724629,87.50
1786506962,stage1,1984,2048,512,768,0,768,5201,0,0,11,168,332,resize_cooldown,31,0,0,1,0,0,32,true,633.811,626.075,0.012206,false,false,0.000000,0,0,495,495,936,TP_RECOVERY,,729,1180273782,57725980,87.58
1786506964,stage1,1984,2048,512,768,0,768,5201,0,0,11,168,332,resize_cooldown,31,0,0,1,0,0,32,true,633.373,632.401,0.001534,false,false,0.000000,0,0,495,495,936,TP_RECOVERY,,794,1180284262,57727465,87.59
1786506965,stage1,1984,2048,512,768,0,768,5201,0,0,11,168,332,resize_cooldown,31,0,0,1,0,0,32,true,632.861,628.257,0.007275,false,false,0.000000,0,0,495,495,936,TP_RECOVERY,,786,1180293813,57728859,87.26
1786506966,stage1,1984,2048,512,768,0,768,5201,0,0,11,168,332,resize_cooldown,31,0,0,1,0,0,32,true,632.220,626.449,0.009128,false,false,0.000000,0,0,495,495,936,TP_RECOVERY,,650,1180302452,57730106,87.39
1786506967,stage1,1984,2048,512,768,0,768,5201,0,0,11,168,332,resize_cooldown,31,0,0,1,0,0,32,true,631.647,626.489,0.008166,false,false,0.000000,0,0,495,495,936,TP_RECOVERY,,649,1180311242,57731326,87.81
1786506968,stage1,1984,2048,512,768,0,768,5201,0,0,11,168,332,resize_cooldown,31,0,0,1,0,0,32,true,631.275,627.928,0.005302,false,false,0.000000,0,0,495,495,936,TP_RECOVERY,,744,1180321256,57732792,87.23
1786506969,stage1,1984,2048,512,768,0,768,5201,0,0,11,168,332,resize_cooldown,31,0,0,1,0,0,32,true,630.518,623.709,0.010800,false,false,0.000000,0,0,495,495,936,TP_RECOVERY,,596,1180329202,57733889,87.87
1786506970,stage1,1984,2048,512,768,0,768,5201,0,0,11,168,332,resize_cooldown,31,0,0,1,0,0,32,true,629.812,623.455,0.010093,false,false,0.000000,0,0,495,495,936,TP_RECOVERY,,692,1180338219,57735225,87.10
1786506972,stage1,1984,2048,512,768,0,768,5201,0,0,11,168,332,resize_cooldown,31,0,0,1,0,0,32,true,628.549,622.542,0.009556,false,false,0.000000,0,0,495,495,936,TP_RECOVERY,,593,1180345986,57736350,87.35
1786506973,stage1,1984,2048,512,768,0,768,5201,0,0,11,168,332,resize_cooldown,31,0,0,1,0,0,32,true,627.361,616.671,0.017039,false,false,0.000000,0,0,495,495,936,TP_RECOVERY,,665,1180354801,57737617,87.43
1786506974,stage1,1984,2048,512,768,0,768,5201,0,0,11,168,332,resize_cooldown,31,0,0,1,0,0,32,true,625.758,611.336,0.023048,false,false,0.000000,0,0,495,495,936,TP_RECOVERY,,531,1180361729,57738630,87.24
1786506975,stage1,1984,2048,512,768,0,768,5201,0,0,11,168,332,resize_cooldown,31,0,0,1,0,0,32,true,624.525,613.424,0.017776,false,false,0.000000,0,0,495,495,936,TP_RECOVERY,,785,1180371946,57740104,87.39
1786506976,stage1,1984,2048,512,768,0,768,5201,0,0,11,168,332,resize_cooldown,31,0,0,1,0,0,32,true,623.409,613.366,0.016109,false,false,0.000000,0,0,495,495,936,TP_RECOVERY,,701,1180381207,57741423,87.53
1786506977,stage1,1984,2048,512,768,0,768,5201,0,0,11,168,332,resize_cooldown,31,0,0,1,0,0,32,true,622.290,612.219,0.016184,false,false,0.000000,0,0,495,495,936,TP_RECOVERY,,662,1180389862,57742650,87.58
1786506978,stage1,1984,2048,512,768,0,768,5201,0,0,11,168,332,resize_cooldown,31,0,0,1,0,0,32,true,621.278,612.168,0.014663,false,false,0.000000,0,0,495,495,936,TP_RECOVERY,,738,1180399513,57744037,87.43
1786506979,stage1,1984,2048,512,768,0,768,5201,0,0,11,168,332,resize_cooldown,31,0,0,1,0,0,32,true,620.064,609.141,0.017617,false,false,0.000000,0,0,495,495,936,TP_RECOVERY,,866,1180410923,57745633,87.73
1786506981,stage1,1984,2048,512,768,0,768,5201,0,0,11,168,332,resize_cooldown,31,0,0,1,0,0,32,true,619.136,610.786,0.013487,false,false,0.000000,0,0,495,495,936,TP_RECOVERY,,422,1180416379,57746406,87.59
1786506982,stage1,1984,2048,512,768,0,768,5201,0,0,11,168,332,resize_cooldown,31,0,0,1,0,0,32,true,616.966,608.351,0.013964,false,false,0.000000,0,0,495,495,936,TP_RECOVERY,,613,1180424384,57747552,87.48
1786506983,stage1,1984,2048,512,768,0,768,5201,0,0,11,168,332,resize_cooldown,31,0,0,1,0,0,32,true,616.086,608.171,0.012847,false,false,0.000000,0,0,495,495,936,TP_RECOVERY,,659,1180433055,57748734,88.00
1786506984,stage1,1984,2048,512,768,0,768,5201,0,0,11,168,332,resize_cooldown,31,0,0,1,0,0,32,true,614.955,604.773,0.016557,false,false,0.000000,0,0,495,495,936,TP_RECOVERY,,590,1180440821,57749870,87.24
1786506985,stage1,1984,2048,512,768,0,768,5201,0,0,11,168,332,resize_cooldown,31,0,0,1,0,0,32,true,614.017,605.577,0.013746,false,false,0.000000,0,0,495,495,936,TP_RECOVERY,,779,1180451111,57751308,87.74
1786506986,stage1,1984,2048,512,768,0,768,5201,0,0,11,168,332,resize_cooldown,31,0,0,1,0,0,32,true,612.706,600.900,0.019268,false,false,0.000000,0,0,495,495,936,TP_RECOVERY,,639,1180459490,57752553,87.06
1786506987,stage1,1984,2048,512,768,0,768,5201,0,0,11,168,332,resize_cooldown,31,0,0,1,0,0,32,true,610.989,595.543,0.025281,false,false,0.000000,0,0,495,495,936,TP_RECOVERY,,635,1180467974,57753705,88.04
1786506988,stage1,1984,2048,512,768,0,768,5201,0,0,11,168,332,resize_cooldown,31,0,0,1,0,0,32,true,609.365,594.749,0.023986,false,false,0.000000,0,0,495,495,936,TP_RECOVERY,,620,1180476052,57754870,87.40
1786506990,stage1,1984,2048,512,768,0,768,5201,0,0,11,168,332,resize_cooldown,31,0,0,1,0,0,32,true,608.005,595.763,0.020134,false,false,0.000000,0,0,495,495,936,TP_RECOVERY,,567,1180483446,57755918,87.59
1786506991,stage1,1984,2048,512,768,0,768,5201,0,0,11,168,332,resize_cooldown,31,0,0,1,0,0,32,true,601.989,567.632,0.057073,false,false,0.000000,0,0,495,495,936,TP_RECOVERY,,47,1180483956,57755958,92.73
1786506992,stage1,1984,2048,512,768,0,768,5201,0,0,11,168,332,resize_cooldown,31,0,0,1,0,0,32,true,596.729,549.383,0.079342,false,false,0.000000,0,0,495,495,936,TP_RECOVERY,,84,1180484880,57756093,87.25
1786506993,stage1,1984,2048,512,768,0,768,5201,0,0,11,168,332,resize_cooldown,31,0,0,1,0,0,32,true,590.641,535.857,0.092754,false,false,0.000000,0,0,495,495,936,TP_RECOVERY,,325,1180489124,57756723,87.07
1786506994,stage1,1984,2048,512,768,0,768,5201,0,0,11,168,332,resize_cooldown,31,0,0,1,0,0,32,true,585.028,534.511,0.086351,false,false,0.000000,0,0,495,495,936,TP_RECOVERY,,483,1180495535,57757605,87.91
1786506995,stage1,1984,2048,512,768,0,768,5201,0,0,11,168,332,resize_cooldown,31,0,0,1,0,0,32,true,580.364,538.381,0.072339,false,false,0.000000,0,0,495,495,936,TP_RECOVERY,,666,1180504209,57758849,87.46
1786506996,stage1,1984,2048,512,768,0,768,5201,0,0,11,168,332,resize_cooldown,31,0,0,1,0,0,32,true,576.734,544.065,0.056644,false,false,0.000000,0,0,495,495,936,TP_RECOVERY,,975,1180517248,57760681,87.68
1786506997,stage1,1984,2048,512,768,0,768,5201,0,0,11,168,332,resize_cooldown,31,0,0,1,0,0,32,true,573.529,544.688,0.050288,false,false,0.000000,0,0,495,495,936,TP_RECOVERY,,432,1180522901,57761489,87.49
1786506998,stage1,1984,2048,512,768,0,768,5201,0,0,11,168,332,resize_cooldown,31,0,0,1,0,0,32,true,570.217,540.412,0.052270,false,false,0.000000,0,0,495,495,936,TP_RECOVERY,,959,1180535657,57763346,87.29
1786506999,stage1,1984,2048,512,768,0,768,5201,0,0,11,168,332,resize_cooldown,31,0,0,1,0,0,32,true,567.920,547.247,0.036402,false,false,0.000000,0,0,495,495,936,TP_RECOVERY,,401,1180540899,57764068,87.89
1786507000,stage1,1984,2048,512,768,0,768,5201,0,0,11,168,332,resize_cooldown,31,0,0,1,0,0,32,true,565.993,548.648,0.030646,false,false,0.000000,0,0,495,495,936,TP_RECOVERY,,761,1180550903,57765476,87.66
1786507001,stage1,1984,2048,512,768,0,768,5201,0,0,11,168,332,resize_cooldown,31,0,0,1,0,0,32,true,564.450,550.559,0.024609,false,false,0.000000,0,0,495,495,936,TP_RECOVERY,,702,1180560248,57766791,87.66
1786507003,stage1,1984,2048,512,768,0,768,5201,0,0,11,168,332,resize_cooldown,31,0,0,1,0,0,32,true,562.839,548.344,0.025754,false,false,0.000000,0,0,495,495,936,TP_RECOVERY,,654,1180568905,57767974,87.98
1786507004,stage1,1984,2048,512,768,0,768,5201,0,0,11,168,332,resize_cooldown,31,0,0,1,0,0,32,true,561.001,556.035,0.008853,false,false,0.000000,0,0,495,495,936,TP_RECOVERY,,782,1180579216,57769426,87.66
1786507005,stage1,1984,2048,512,768,0,768,5201,0,0,11,168,332,resize_cooldown,31,0,0,1,0,0,32,true,560.616,557.149,0.006185,false,false,0.000000,0,0,495,495,936,TP_RECOVERY,,725,1180588802,57770762,87.77
1786507006,stage1,1984,2048,512,768,0,768,5201,0,0,11,168,332,resize_cooldown,31,0,0,1,0,0,32,true,560.307,557.519,0.004975,false,false,0.000000,0,0,495,495,936,TP_RECOVERY,,820,1180599659,57772292,87.65
1786507007,stage1,1984,2048,512,768,0,768,5201,0,0,11,168,332,resize_cooldown,31,0,0,1,0,0,32,true,560.256,559.804,0.000807,false,false,0.000000,0,0,495,495,936,TP_RECOVERY,,694,1180608913,57773596,87.65
1786507008,stage1,1984,2048,512,768,0,768,5201,0,0,11,168,332,resize_cooldown,31,0,0,1,0,0,32,true,560.097,558.665,0.002557,false,false,0.000000,0,0,495,495,936,TP_RECOVERY,,747,1180618861,57774974,87.83
1786507010,stage1,1984,2048,512,768,0,768,5201,0,0,11,168,332,resize_cooldown,31,0,0,1,0,0,32,true,560.341,560.341,0.000000,false,false,0.000000,0,0,495,495,936,TP_RECOVERY,,715,1180628275,57776355,87.21
1786507011,stage1,1984,2048,512,768,0,768,5201,0,0,11,168,332,resize_cooldown,31,0,0,1,0,0,32,true,560.298,559.913,0.000688,false,false,0.000000,0,0,495,495,936,TP_RECOVERY,,669,1180637077,57777625,87.39
1786507012,stage1,1984,2048,512,768,0,768,5201,0,0,11,168,332,resize_cooldown,31,0,0,1,0,0,32,true,561.099,561.099,0.000000,false,false,0.000000,0,0,495,495,936,TP_RECOVERY,,849,1180648527,57779159,88.19
1786507013,stage1,1984,2048,512,768,0,768,5201,0,0,11,168,332,resize_cooldown,31,0,0,1,0,0,32,true,560.406,558.359,0.003654,false,false,0.000000,0,0,495,495,936,TP_RECOVERY,,674,1180657419,57780433,87.47
1786507014,stage1,1984,2048,512,768,0,768,5201,0,0,11,168,332,resize_cooldown,31,0,0,1,0,0,32,true,565.075,565.075,0.000000,false,false,0.000000,0,0,495,495,936,TP_RECOVERY,,397,1180662610,57781131,88.15
1786507015,stage1,1984,2048,512,768,0,768,5201,0,0,11,168,332,resize_cooldown,31,0,0,1,0,0,32,true,564.901,563.340,0.002764,false,false,0.000000,0,0,495,495,936,TP_RECOVERY,,788,1180673174,57782568,88.03
1786507016,stage1,1984,2048,512,768,0,768,5201,0,0,11,168,332,resize_cooldown,31,0,0,1,0,0,32,true,564.807,563.958,0.001502,false,false,0.000000,0,0,495,495,936,TP_RECOVERY,,677,1180682249,57783845,87.66
1786507017,stage1,1984,2048,512,768,0,768,5201,0,0,11,168,332,resize_cooldown,31,0,0,1,0,0,32,true,564.866,564.866,0.000000,false,false,0.000000,0,0,495,495,936,TP_RECOVERY,,608,1180690344,57784978,87.72
1786507018,stage1,1984,2048,512,768,0,768,5201,0,0,11,168,332,resize_cooldown,31,0,0,1,0,0,32,true,567.054,567.054,0.000000,false,false,0.000000,0,0,495,495,936,TP_RECOVERY,,767,1180700555,57786348,88.17
1786507020,stage1,1984,2048,512,768,0,768,5201,0,0,11,168,332,resize_cooldown,31,0,0,1,0,0,32,true,569.109,569.109,0.000000,false,false,0.000000,0,0,495,495,936,TP_RECOVERY,,742,1180710421,57787742,87.62
1786507021,stage1,1984,2048,512,768,0,768,5201,0,0,11,168,332,resize_cooldown,31,0,0,1,0,0,32,true,584.901,584.901,0.000000,false,false,0.000000,0,0,495,495,936,TP_RECOVERY,,827,1180721450,57789250,87.97
1786507022,stage1,1984,2048,512,768,0,768,5201,0,0,11,168,332,resize_cooldown,31,0,0,1,0,0,32,true,623.666,623.666,0.000000,false,false,0.000000,0,0,495,495,936,TP_RECOVERY,,644,1180730119,57790487,87.51
1786507023,stage1,1984,2048,512,768,0,768,5201,0,0,11,168,332,resize_cooldown,31,0,0,1,0,0,32,true,633.008,633.008,0.000000,false,false,0.000000,0,0,495,495,936,TP_RECOVERY,,739,1180739807,57791888,87.37
1786507024,stage1,1984,2048,512,768,0,768,5201,0,0,11,168,332,resize_cooldown,31,0,0,1,0,0,32,true,632.444,627.361,0.008036,false,false,0.000000,0,0,495,495,936,TP_RECOVERY,,713,1180749610,57793223,88.01
1786507025,stage1,1984,2048,512,768,0,768,5201,0,0,11,168,332,resize_cooldown,31,0,0,1,0,0,32,true,631.603,624.035,0.011982,false,false,0.000000,0,0,495,495,936,TP_RECOVERY,,390,1180754619,57793957,87.22
1786507026,stage1,1984,2048,512,768,0,768,5201,0,0,11,168,332,resize_cooldown,31,0,0,1,0,0,32,true,629.824,613.816,0.025417,false,false,0.000000,0,0,495,495,936,TP_RECOVERY,,528,1180761694,57794925,87.96
1786507028,stage1,1984,2048,512,768,0,768,5201,0,0,11,168,332,resize_cooldown,31,0,0,1,0,0,32,true,628.270,614.281,0.022266,false,false,0.000000,0,0,495,495,936,TP_RECOVERY,,783,1180772115,57796371,87.81
1786507029,stage1,1984,2048,512,768,0,768,5201,0,0,11,168,332,resize_cooldown,31,0,0,1,0,0,32,true,627.208,617.653,0.015234,false,false,0.000000,0,0,495,495,936,TP_RECOVERY,,738,1180781989,57797718,88.00
1786507030,stage1,1984,2048,512,768,0,768,5201,0,0,11,168,332,resize_cooldown,31,0,0,1,0,0,32,true,624.963,617.162,0.012483,false,false,0.000000,0,0,495,495,936,TP_RECOVERY,,758,1180801046,57807701,65.62
1786507031,stage1,1984,2048,512,768,0,768,5201,0,0,11,168,332,resize_cooldown,31,0,0,1,0,0,32,true,624.270,618.032,0.009993,false,false,0.000000,0,0,495,495,936,TP_RECOVERY,,740,1180810817,57809031,88.02
1786507032,stage1,1984,2048,512,768,0,768,5201,0,0,11,168,332,resize_cooldown,31,0,0,1,0,0,32,true,623.929,620.857,0.004924,false,false,0.000000,0,0,495,495,936,TP_RECOVERY,,730,1180820418,57810338,88.02
1786507033,stage1,1984,2048,512,768,0,768,5201,0,0,11,168,332,resize_cooldown,31,0,0,1,0,0,32,true,623.877,623.408,0.000751,false,false,0.000000,0,0,495,495,936,TP_RECOVERY,,809,1180831117,57811753,88.32
1786507034,stage2,1984,2048,512,768,0,768,5201,0,0,11,168,332,resize_cooldown,31,0,0,1,0,0,32,true,623.443,619.540,0.006261,false,false,0.000000,0,0,495,495,936,TP_RECOVERY,,652,1180839625,57812947,87.69
1786507036,stage2,1984,2048,512,768,0,768,5201,0,0,11,168,332,resize_cooldown,31,0,0,1,0,0,32,true,622.771,616.723,0.009711,false,false,0.000000,0,0,495,495,936,TP_RECOVERY,,825,1180850069,57814839,84.66
1786507037,stage2,1984,2048,512,768,0,768,5201,0,0,11,168,332,resize_cooldown,31,0,0,1,0,0,32,true,621.717,612.234,0.015254,false,false,0.000000,0,0,495,495,936,TP_RECOVERY,,372,1180854625,57815675,84.50
1786507038,stage2,1984,2048,512,768,0,768,5201,0,0,11,168,332,resize_cooldown,31,0,0,1,0,0,32,true,620.443,608.977,0.018480,false,false,0.000000,0,0,495,495,936,TP_RECOVERY,,706,1180863641,57817192,85.60
1786507039,stage2,1984,2048,512,768,0,768,5201,0,0,11,168,332,resize_cooldown,31,0,0,1,0,0,32,true,618.554,610.828,0.012491,false,false,0.000000,0,0,495,495,936,TP_RECOVERY,,730,1180873098,57818698,86.26
1786507040,stage2,1984,2048,512,768,0,768,5201,0,0,11,168,332,resize_cooldown,31,0,0,1,0,0,32,true,617.509,608.110,0.015222,false,false,0.000000,0,0,495,495,936,TP_RECOVERY,,550,1180880170,57819830,86.20
1786507041,stage2,1984,2048,512,768,0,768,5201,0,0,11,168,332,resize_cooldown,31,0,0,1,0,0,32,true,616.719,609.609,0.011530,false,false,0.000000,0,0,495,495,936,TP_RECOVERY,,751,1180889806,57821358,86.31
1786507042,stage2,1984,2048,512,768,0,768,5201,0,0,11,168,332,resize_cooldown,31,0,0,1,0,0,32,true,616.430,613.830,0.004219,false,false,0.000000,0,0,495,495,936,TP_RECOVERY,,693,1180898809,57822727,86.80
1786507043,stage2,1984,2048,512,768,0,768,5201,0,0,11,168,332,resize_cooldown,31,0,0,1,0,0,32,true,615.820,610.327,0.008920,false,false,0.000000,0,0,495,495,936,TP_RECOVERY,,670,1180907393,57824091,86.29
1786507045,stage2,1984,2048,512,768,0,768,5201,0,0,11,168,332,resize_cooldown,31,0,0,1,0,0,32,true,614.499,602.612,0.019344,false,false,0.000000,0,0,495,495,936,TP_RECOVERY,,608,1180915327,57825296,86.81
1786507046,stage2,1984,2048,512,768,0,768,5201,0,0,11,168,332,resize_cooldown,31,0,0,1,0,0,32,true,612.868,598.183,0.023960,false,false,0.000000,0,0,495,495,936,TP_RECOVERY,,1026,1180928523,57827416,86.16
1786507047,stage2,1984,2048,512,768,0,768,5201,0,0,11,168,332,resize_cooldown,31,0,0,1,0,0,32,true,612.045,604.640,0.012099,false,false,0.000000,0,0,495,495,936,TP_RECOVERY,,711,1180937688,57828944,85.71
1786507048,stage2,1984,2048,512,768,0,768,5201,0,0,11,168,332,resize_cooldown,31,0,0,1,0,0,32,true,611.763,611.292,0.000769,false,false,0.000000,0,0,495,495,936,TP_RECOVERY,,440,1180943352,57829840,86.34
1786507049,stage2,1984,2048,512,768,0,768,5201,0,0,11,168,332,resize_cooldown,31,0,0,1,0,0,32,true,611.763,611.292,0.000769,false,false,0.000000,0,0,495,495,936,TP_RECOVERY,,498,1180949699,57830867,86.07
1786507050,stage2,1984,2048,512,768,0,768,5201,0,0,11,168,332,resize_cooldown,31,0,0,1,0,0,32,true,608.954,599.199,0.016019,false,false,0.000000,0,0,495,495,936,TP_RECOVERY,,776,1180959778,57832459,86.36
1786507051,stage2,1984,2048,512,768,0,768,5201,0,0,11,168,332,resize_cooldown,31,0,0,1,0,0,32,true,608.659,606.010,0.004353,false,false,0.000000,0,0,495,495,936,TP_RECOVERY,,862,1180971024,57834255,86.23
1786507052,stage2,1984,2048,512,768,0,768,5201,0,0,11,168,332,resize_cooldown,31,0,0,1,0,0,32,true,611.631,611.631,0.000000,false,false,0.000000,0,0,495,495,936,TP_RECOVERY,,793,1180981313,57835875,86.40
1786507053,stage2,1984,2048,512,768,0,768,5201,0,0,11,168,332,resize_cooldown,31,0,0,1,0,0,32,true,615.312,615.312,0.000000,false,false,0.000000,0,0,495,495,936,TP_RECOVERY,,711,1180990474,57837375,85.93
1786507054,stage2,1984,2048,512,768,0,768,5201,0,0,11,168,332,resize_cooldown,31,0,0,1,0,0,32,true,624.916,624.916,0.000000,false,false,0.000000,0,0,495,495,936,TP_RECOVERY,,736,1181000009,57838917,86.08
1786507055,stage2,1984,2048,512,768,0,768,5201,0,0,11,168,332,resize_cooldown,31,0,0,1,0,0,32,true,630.492,630.492,0.000000,false,false,0.000000,0,0,495,495,936,TP_RECOVERY,,773,1181010028,57840540,86.06
1786507056,stage2,1984,2048,512,768,0,768,5201,0,0,11,168,332,resize_cooldown,31,0,0,1,0,0,32,true,637.666,637.666,0.000000,false,false,0.000000,0,0,495,495,936,TP_RECOVERY,,775,1181020074,57842081,86.70
1786507058,stage2,1984,2048,512,768,0,768,5201,0,0,11,168,332,resize_cooldown,31,0,0,1,0,0,32,true,642.732,642.732,0.000000,false,false,0.000000,0,0,495,495,936,TP_RECOVERY,,802,1181030527,57843702,86.57
1786507059,stage2,1984,2048,512,768,0,768,5201,0,0,11,168,332,resize_cooldown,31,0,0,1,0,0,32,true,647.253,647.253,0.000000,false,false,0.000000,0,0,495,495,936,TP_RECOVERY,,812,1181040925,57845386,86.06
1786507060,stage2,1984,2048,512,768,0,768,5201,0,0,11,168,332,resize_cooldown,31,0,0,1,0,0,32,true,654.178,654.178,0.000000,false,false,0.000000,0,0,495,495,936,TP_RECOVERY,,815,1181051496,57847095,86.08
1786507061,stage2,1984,2048,512,768,0,768,5201,0,0,11,168,332,resize_cooldown,31,0,0,1,0,0,32,true,654.706,654.706,0.000000,false,false,0.000000,0,0,495,495,936,TP_RECOVERY,,773,1181061516,57848658,86.51
1786507062,stage2,1984,2048,512,768,0,768,5201,0,0,11,168,332,resize_cooldown,31,0,0,1,0,0,32,true,656.364,656.364,0.000000,false,false,0.000000,0,0,495,495,936,TP_RECOVERY,,766,1181071541,57850206,86.62
1786507063,stage2,1984,2048,512,768,0,768,5201,0,0,11,168,332,resize_cooldown,31,0,0,1,0,0,32,true,662.162,662.162,0.000000,false,false,0.000000,0,0,495,495,936,TP_RECOVERY,,1205,1181087132,57852574,86.81
1786507064,stage2,1984,2048,512,768,0,768,5201,0,0,11,168,332,resize_cooldown,31,0,0,1,0,0,32,true,665.762,665.762,0.000000,false,false,0.000000,0,0,495,495,936,TP_RECOVERY,,768,1181097154,57854088,86.88
1786507065,stage2,1984,2048,512,768,0,768,5201,0,0,11,168,332,resize_cooldown,31,0,0,1,0,0,32,true,672.094,672.094,0.000000,false,false,0.000000,0,0,495,495,936,TP_RECOVERY,,810,1181107592,57855803,85.89
1786507066,stage2,1984,2048,512,768,0,768,5201,0,0,11,168,332,resize_cooldown,31,0,0,1,0,0,32,true,677.868,677.868,0.000000,false,false,0.000000,0,0,495,495,936,TP_RECOVERY,,687,1181116599,57857125,87.20
1786507067,stage2,1984,2048,512,768,0,768,5201,0,0,11,168,332,resize_cooldown,31,0,0,1,0,0,32,true,679.723,679.723,0.000000,false,false,0.000000,0,0,495,495,936,TP_RECOVERY,,289,1181120219,57857663,87.06
1786507068,stage2,1984,2048,512,768,0,768,5201,0,0,11,168,332,resize_cooldown,31,0,0,1,0,0,32,true,679.074,674.673,0.006480,false,false,0.000000,0,0,495,495,936,TP_RECOVERY,,577,1181127680,57858780,86.98
1786507069,stage2,1984,2048,512,768,0,768,5201,0,0,11,168,332,resize_cooldown,31,0,0,1,0,0,32,true,677.665,664.987,0.018709,false,false,0.000000,0,0,495,495,936,TP_RECOVERY,,589,1181135371,57859946,86.84
1786507070,stage2,1984,2048,512,768,0,768,5201,0,0,11,168,332,resize_cooldown,31,0,0,1,0,0,32,true,674.722,648.235,0.039256,false,false,0.000000,0,0,495,495,936,TP_RECOVERY,,43,1181135733,57859998,87.44
1786507072,stage2,1984,2048,512,768,0,768,5201,0,0,11,168,332,resize_cooldown,31,0,0,1,0,0,32,true,670.109,628.586,0.061964,false,false,0.000000,0,0,495,495,936,TP_RECOVERY,,38,1181136049,57860045,87.05
1786507073,stage2,1984,2048,512,768,0,768,5201,0,0,11,168,332,resize_cooldown,31,0,0,1,0,0,32,true,670.109,628.586,0.061964,false,false,0.000000,0,0,495,495,936,TP_RECOVERY,,40,1181136411,57860069,93.78
1786507074,stage2,1984,2048,512,768,0,768,5201,0,0,11,168,332,resize_cooldown,31,0,0,1,0,0,32,true,670.109,628.586,0.061964,false,false,0.000000,0,0,495,495,936,TP_RECOVERY,,21,1181136508,57860085,85.84
1786507075,stage2,1984,2048,512,768,0,768,5201,0,0,11,168,332,resize_cooldown,31,0,0,1,0,0,32,true,664.469,613.709,0.076391,false,false,0.000000,0,0,495,495,936,TP_RECOVERY,,518,1181143167,57861124,86.50
1786507076,stage2,1984,2048,512,768,0,768,5201,0,0,11,168,332,resize_cooldown,31,0,0,1,0,0,32,true,654.909,611.339,0.066528,false,false,0.000000,0,0,495,495,936,TP_RECOVERY,,626,1181151352,57862335,87.11
1786507077,stage2,1984,2048,512,768,0,768,5201,0,0,11,168,332,resize_cooldown,31,0,0,1,0,0,32,true,649.769,603.506,0.071199,false,false,0.000000,0,0,495,495,936,TP_RECOVERY,,546,1181158406,57863399,86.89
1786507078,stage2,1984,2048,512,768,0,768,5201,0,0,11,168,332,resize_cooldown,31,0,0,1,0,0,32,true,649.769,591.280,0.000000,false,false,0.000000,0,0,495,495,936,TP_RECOVERY,,343,1181162786,57864091,86.36
1786507079,stage2,1984,2048,512,768,0,768,5201,0,0,11,168,332,resize_cooldown,31,0,0,1,0,0,32,true,643.152,583.604,0.092588,false,false,0.000000,0,0,495,495,936,TP_RECOVERY,,365,1181167523,57864806,86.89
1786507080,stage2,1984,2048,512,768,0,768,5201,0,0,11,168,332,resize_cooldown,31,0,0,1,0,0,32,true,638.074,592.373,0.071624,false,false,0.000000,0,0,495,495,936,TP_RECOVERY,,354,1181172036,57865500,86.67
1786507081,stage2,1984,2048,512,768,0,768,5201,0,0,11,168,332,resize_cooldown,31,0,0,1,0,0,32,true,632.045,577.781,0.085855,false,false,0.000000,0,0,495,495,936,TP_RECOVERY,,558,1181179412,57866581,87.22
1786507082,stage2,1984,2048,512,768,0,768,5201,0,0,11,168,332,resize_cooldown,31,0,0,1,0,0,32,true,624.749,559.083,0.105107,false,false,0.000000,0,0,495,495,936,TP_RECOVERY,,315,1181183422,57867180,87.00
1786507084,stage2,1984,2048,512,768,0,768,5201,0,0,11,168,332,resize_cooldown,31,0,0,1,0,0,32,true,616.134,538.597,0.125844,false,false,0.000000,0,0,495,495,936,TP_RECOVERY,,166,1181185466,57867482,87.13
1786507085,stage2,1984,2048,512,768,0,768,5201,0,0,11,168,332,resize_cooldown,31,0,0,1,0,0,32,true,606.649,521.284,0.140716,false,false,0.000000,0,0,495,495,936,TP_RECOVERY,,290,1181189299,57868004,88.01
1786507086,stage2,1984,2048,512,768,0,768,5201,0,0,11,168,332,resize_cooldown,31,0,0,1,0,0,32,true,597.305,513.211,0.140790,false,false,0.000000,0,0,495,495,936,TP_RECOVERY,,668,1181197981,57869258,87.38
1786507087,stage2,1984,2048,512,768,0,768,5201,0,0,11,168,332,resize_cooldown,31,0,0,1,0,0,32,true,588.983,514.081,0.127170,false,false,0.000000,0,0,495,495,936,TP_RECOVERY,,702,1181207134,57870623,87.02
1786507088,stage2,1984,2048,512,768,0,768,5201,0,0,11,168,332,resize_cooldown,31,0,0,1,0,0,32,true,581.749,516.645,0.111910,false,false,0.000000,0,0,495,495,936,TP_RECOVERY,,798,1181217587,57872180,87.04
1786507089,stage2,1984,2048,512,768,0,768,5201,0,0,11,168,332,resize_cooldown,31,0,0,1,0,0,32,true,575.239,516.652,0.101848,false,false,0.000000,0,0,495,495,936,TP_RECOVERY,,696,1181226686,57873571,86.74
1786507090,stage2,1984,2048,512,768,0,768,5201,0,0,11,168,332,resize_cooldown,31,0,0,1,0,0,32,true,568.831,511.160,0.101386,false,false,0.000000,0,0,495,495,936,TP_RECOVERY,,1150,1181241764,57875814,87.05
1786507091,stage2,1984,2048,512,768,0,768,5201,0,0,11,168,332,resize_cooldown,31,0,0,1,0,0,32,true,557.669,509.992,0.085493,false,false,0.000000,0,0,495,495,936,TP_RECOVERY,,775,1181251896,57877305,87.17
1786507092,stage2,1984,2048,512,768,0,768,5201,0,0,11,168,332,resize_cooldown,31,0,0,1,0,0,32,true,553.255,513.533,0.071798,false,false,0.000000,0,0,495,495,936,TP_RECOVERY,,798,1181262357,57878883,86.89
1786507093,stage2,1984,2048,512,768,0,768,5201,0,0,11,168,332,resize_cooldown,31,0,0,1,0,0,32,true,549.203,512.736,0.066400,false,false,0.000000,0,0,495,495,936,TP_RECOVERY,,817,1181273168,57880473,87.18
1786507094,stage2,1984,2048,512,768,0,768,5201,0,0,11,168,332,resize_cooldown,31,0,0,1,0,0,32,true,545.525,512.418,0.060688,false,false,0.000000,0,0,495,495,936,TP_RECOVERY,,751,1181282969,57881907,87.24
1786507095,stage2,1984,2048,512,768,0,768,5201,0,0,11,168,332,resize_cooldown,31,0,0,1,0,0,32,true,542.359,513.869,0.052530,false,false,0.000000,0,0,495,495,936,TP_RECOVERY,,816,1181293591,57883485,87.07
1786507096,stage2,1984,2048,512,768,0,768,5201,0,0,11,168,332,resize_cooldown,31,0,0,1,0,0,32,true,539.372,512.492,0.049837,false,false,0.000000,0,0,495,495,936,TP_RECOVERY,,776,1181303805,57884973,87.28
1786507097,stage2,1984,2048,512,768,0,768,5201,0,0,11,168,332,resize_cooldown,31,0,0,1,0,0,32,true,537.516,520.804,0.031090,false,false,0.000000,0,0,495,495,936,TP_RECOVERY,,794,1181314231,57886494,87.27
1786507098,stage2,1984,2048,512,768,0,768,5201,0,0,11,168,332,resize_cooldown,31,0,0,1,0,0,32,true,536.961,531.970,0.009294,false,false,0.000000,0,0,495,495,936,TP_RECOVERY,,1153,1181329509,57888703,87.37
1786507100,stage2,1984,2048,512,768,0,768,5201,0,0,11,168,332,resize_cooldown,31,0,0,1,0,0,32,true,539.203,539.203,0.000000,false,false,0.000000,0,0,495,495,936,TP_RECOVERY,,831,1181340479,57890286,87.39
1786507101,stage2,1984,2048,512,768,0,768,5201,0,0,11,168,332,resize_cooldown,31,0,0,1,0,0,32,true,552.332,552.332,0.000000,false,false,0.000000,0,0,495,495,936,TP_RECOVERY,,661,1181349083,57891509,87.55
1786507102,stage2,1984,2048,512,768,0,768,5201,0,0,11,168,332,resize_cooldown,31,0,0,1,0,0,32,true,574.568,574.568,0.000000,false,false,0.000000,0,0,495,495,936,TP_RECOVERY,,776,1181359211,57892983,87.30
1786507103,stage2,1984,2048,512,768,0,768,5201,0,0,11,168,332,resize_cooldown,31,0,0,1,0,0,32,true,574.568,601.972,0.000000,false,false,0.000000,0,0,495,495,936,TP_RECOVERY,,820,1181370032,57894560,87.28
1786507104,stage2,1984,2048,512,768,0,768,5201,0,0,11,168,332,resize_cooldown,31,0,0,1,0,0,32,true,606.735,606.735,0.000000,false,false,0.000000,0,0,495,495,936,TP_RECOVERY,,748,1181379845,57895923,87.80
1786507105,stage2,1984,2048,512,768,0,768,5201,0,0,11,168,332,resize_cooldown,31,0,0,1,0,0,32,true,632.199,632.199,0.000000,false,false,0.000000,0,0,495,495,936,TP_RECOVERY,,741,1181389605,57897323,87.46
1786507106,stage2,1984,2048,512,768,0,768,5201,0,0,11,168,332,resize_cooldown,31,0,0,1,0,0,32,true,635.099,635.099,0.000000,false,false,0.000000,0,0,495,495,936,TP_RECOVERY,,756,1181399691,57898744,87.65
1786507107,stage2,1984,2048,512,768,0,768,5201,0,0,11,168,332,resize_cooldown,31,0,0,1,0,0,32,true,643.064,643.064,0.000000,false,false,0.000000,0,0,495,495,936,TP_RECOVERY,,818,1181410542,57900269,87.68
1786507108,stage2,1984,2048,512,768,0,768,5201,0,0,11,168,332,resize_cooldown,31,0,0,1,0,0,32,true,666.557,666.557,0.000000,false,false,0.000000,0,0,495,495,936,TP_RECOVERY,,772,1181420746,57901750,87.33
1786507109,stage2,1984,2048,512,768,0,768,5201,0,0,11,168,332,resize_cooldown,31,0,0,1,0,0,32,true,682.388,682.388,0.000000,false,false,0.000000,0,0,495,495,936,TP_RECOVERY,,1247,1181437384,57904150,87.39
1786507110,stage2,1984,2048,512,768,0,768,5201,0,0,11,168,332,resize_cooldown,31,0,0,1,0,0,32,true,697.879,697.879,0.000000,false,false,0.000000,0,0,495,495,936,TP_RECOVERY,,850,1181448492,57905762,87.33
1786507111,stage2,1984,2048,512,768,0,768,5201,0,0,11,168,332,resize_cooldown,31,0,0,1,0,0,32,true,711.256,711.256,0.000000,false,false,0.000000,0,0,495,495,936,TP_RECOVERY,,776,1181458866,57907227,87.63
1786507112,stage2,1984,2048,512,768,0,768,5201,0,0,11,168,332,resize_cooldown,31,0,0,1,0,0,32,true,723.865,723.865,0.000000,false,false,0.000000,0,0,495,495,936,TP_RECOVERY,,726,1181468483,57908548,87.92
1786507113,stage2,1984,2048,512,768,0,768,5201,0,0,11,168,332,resize_cooldown,31,0,0,1,0,0,32,true,744.576,744.576,0.000000,false,false,0.000000,0,0,495,495,936,TP_RECOVERY,,794,1181479045,57910065,87.44
1786507114,stage2,1984,2048,512,768,0,768,5201,0,0,11,168,332,resize_cooldown,31,0,0,1,0,0,32,true,763.693,763.693,0.000000,false,false,0.000000,0,0,495,495,936,TP_RECOVERY,,791,1181489627,57911519,87.92
1786507115,stage2,1984,2048,512,768,0,768,5201,0,0,11,168,332,resize_cooldown,31,0,0,1,0,0,32,true,773.456,773.456,0.000000,false,false,0.000000,0,0,495,495,936,TP_RECOVERY,,782,1181499937,57913011,87.36
1786507117,stage2,1984,2048,512,768,0,768,5201,0,0,11,168,332,resize_cooldown,31,0,0,1,0,0,32,true,775.591,775.591,0.000000,false,false,0.000000,0,0,495,495,936,TP_RECOVERY,,836,1181510997,57914567,87.67
1786507118,stage2,1984,2048,512,768,0,768,5201,0,0,11,168,332,resize_cooldown,31,0,0,1,0,0,32,true,775.541,775.090,0.000581,false,false,0.000000,0,0,495,495,936,TP_RECOVERY,,712,1181520423,57915858,87.95
1786507119,stage2,1984,2048,512,768,0,768,5201,0,0,11,168,332,resize_cooldown,31,0,0,1,0,0,32,true,775.461,774.739,0.000931,false,false,0.000000,0,0,495,495,936,TP_RECOVERY,,1172,1181535934,57918065,87.54
1786507120,stage2,1984,2048,512,768,0,768,5201,0,0,11,168,332,resize_cooldown,31,0,0,1,0,0,32,true,780.061,780.061,0.000000,false,false,0.000000,0,0,495,495,936,TP_RECOVERY,,826,1181546866,57919612,87.60
1786507121,stage2,1984,2048,512,768,0,768,5201,0,0,11,168,332,resize_cooldown,31,0,0,1,0,0,32,true,781.308,781.308,0.000000,false,false,0.000000,0,0,495,495,936,TP_RECOVERY,,745,1181556795,57920976,87.92
1786507122,stage2,1984,2048,512,768,0,768,5201,0,0,11,168,332,resize_cooldown,31,0,0,1,0,0,32,true,781.196,780.196,0.001280,false,false,0.000000,0,0,495,495,936,TP_RECOVERY,,773,1181567054,57922375,88.00
1786507123,stage2,1984,2048,512,768,0,768,5201,0,0,11,168,332,resize_cooldown,31,0,0,1,0,0,32,true,781.012,779.349,0.002129,false,false,0.000000,0,0,495,495,936,TP_RECOVERY,,813,1181577773,57923912,87.46
1786507124,stage2,1984,2048,512,768,0,768,5201,0,0,11,168,332,resize_cooldown,31,0,0,1,0,0,32,true,780.837,779.269,0.002008,false,false,0.000000,0,0,495,495,936,TP_RECOVERY,,805,1181588684,57925271,88.92
1786507125,stage2,1984,2048,512,768,0,768,5201,0,0,11,168,332,resize_cooldown,31,0,0,1,0,0,32,true,780.905,780.905,0.000000,false,false,0.000000,0,0,495,495,936,TP_RECOVERY,,792,1181599310,57926700,88.15
1786507126,stage2,1984,2048,512,768,0,768,5201,0,0,11,168,332,resize_cooldown,31,0,0,1,0,0,32,true,780.875,780.612,0.000337,false,false,0.000000,0,0,495,495,936,TP_RECOVERY,,827,1181610299,57928213,87.90
1786507127,stage2,1984,2048,512,768,0,768,5201,0,0,11,168,332,resize_cooldown,31,0,0,1,0,0,32,true,781.528,779.500,0.002596,false,false,0.000000,0,0,495,495,936,TP_RECOVERY,,1132,1181625615,57930239,88.32
1786507128,stage2,1984,2048,512,768,0,768,5201,0,0,11,168,332,resize_cooldown,31,0,0,1,0,0,32,true,781.211,778.350,0.003662,false,false,0.000000,0,0,495,495,936,TP_RECOVERY,,773,1181636069,57931652,88.09
1786507129,stage2,1984,2048,512,768,0,768,5201,0,0,11,168,332,resize_cooldown,31,0,0,1,0,0,32,true,780.862,777.727,0.004015,false,false,0.000000,0,0,495,495,936,TP_RECOVERY,,742,1181646022,57933010,87.99
1786507130,stage2,1984,2048,512,768,0,768,5201,0,0,11,168,332,resize_cooldown,31,0,0,1,0,0,32,true,780.787,780.108,0.000869,false,false,0.000000,0,0,495,495,936,TP_RECOVERY,,782,1181656619,57934377,88.57
1786507131,stage2,1984,2048,512,768,0,768,5201,0,0,11,168,332,resize_cooldown,31,0,0,1,0,0,32,true,781.381,781.381,0.000000,false,false,0.000000,0,0,495,495,936,TP_RECOVERY,,729,1181666406,57935687,88.20
1786507132,stage2,1984,2048,512,768,0,768,5201,0,0,11,168,332,resize_cooldown,31,0,0,1,0,0,32,true,781.174,779.307,0.002390,false,false,0.000000,0,0,495,495,936,TP_RECOVERY,,770,1181676931,57937093,88.22
1786507133,stage2,1984,2048,512,768,0,768,5201,0,0,11,168,332,resize_cooldown,31,0,0,1,0,0,32,true,780.867,778.110,0.003531,false,false,0.000000,0,0,495,495,936,TP_RECOVERY,,702,1181686372,57938335,88.37
1786507135,stage2,1984,2048,512,768,0,768,5201,0,0,11,168,332,resize_cooldown,31,0,0,1,0,0,32,true,780.128,773.470,0.008534,false,false,0.000000,0,0,495,495,936,TP_RECOVERY,,666,1181695212,57939536,88.04
1786507136,stage2,1984,2048,512,768,0,768,5201,0,0,11,168,332,resize_cooldown,31,0,0,1,0,0,32,true,778.980,768.646,0.013265,false,false,0.000000,0,0,495,495,936,TP_RECOVERY,,550,1181702665,57940529,88.24
1786507137,stage2,1984,2048,512,768,0,768,5201,0,0,11,168,332,resize_cooldown,31,0,0,1,0,0,32,true,776.589,755.077,0.027701,false,false,0.000000,0,0,495,495,936,TP_RECOVERY,,559,1181710146,57941532,88.18
1786507138,stage2,1984,2048,512,768,0,768,5201,0,0,11,168,332,resize_cooldown,31,0,0,1,0,0,32,true,773.482,745.520,0.036152,false,false,0.000000,0,0,495,495,936,TP_RECOVERY,,627,1181718559,57942623,88.52
1786507139,stage2,1984,2048,512,768,0,768,5201,0,0,11,168,332,resize_cooldown,31,0,0,1,0,0,32,true,770.216,740.814,0.038173,false,false,0.000000,0,0,495,495,936,TP_RECOVERY,,681,1181727789,57943850,88.27
1786507140,stage2,1984,2048,512,768,0,768,5201,0,0,11,168,332,resize_cooldown,31,0,0,1,0,0,32,true,766.347,731.528,0.045434,false,false,0.000000,0,0,495,495,936,TP_RECOVERY,,662,1181736703,57945022,88.38
1786507141,stage2,1984,2048,512,768,0,768,5201,0,0,11,168,332,resize_cooldown,31,0,0,1,0,0,32,true,762.201,724.889,0.048953,false,false,0.000000,0,0,495,495,936,TP_RECOVERY,,249,1181739922,57945453,88.19
1786507142,stage2,1984,2048,512,768,0,768,5201,0,0,11,168,332,resize_cooldown,31,0,0,1,0,0,32,true,756.146,701.648,0.072073,false,false,0.000000,0,0,495,495,936,TP_RECOVERY,,272,1181743704,57945916,89.09
1786507143,stage2,1984,2048,512,768,0,768,5201,0,0,11,168,332,resize_cooldown,31,0,0,1,0,0,32,true,749.878,693.470,0.075223,false,false,0.000000,0,0,495,495,936,TP_RECOVERY,,517,1181750474,57946839,88.00
1786507144,stage2,1984,2048,512,768,0,768,5201,0,0,11,168,332,resize_cooldown,31,0,0,1,0,0,32,true,736.881,678.604,0.079086,false,false,0.000000,0,0,495,495,936,TP_RECOVERY,,602,1181758561,57947928,88.13
1786507145,stage2,1984,2048,512,768,0,768,5201,0,0,11,168,332,resize_cooldown,31,0,0,1,0,0,32,true,730.335,671.420,0.080669,false,false,0.000000,0,0,495,495,936,TP_RECOVERY,,879,1181770475,57949543,88.06
1786507146,stage2,1984,2048,512,768,0,768,5201,0,0,11,168,332,resize_cooldown,31,0,0,1,0,0,32,true,723.661,663.597,0.083000,false,false,0.000000,0,0,495,495,936,TP_RECOVERY,,597,1181778480,57950637,87.98
1786507147,stage2,1984,2048,512,768,0,768,5201,0,0,11,168,332,resize_cooldown,31,0,0,1,0,0,32,true,717.555,662.602,0.076584,false,false,0.000000,0,0,495,495,936,TP_RECOVERY,,681,1181787841,57951833,88.67
1786507149,stage2,1984,2048,512,768,0,768,5201,0,0,11,168,332,resize_cooldown,31,0,0,1,0,0,32,true,711.227,654.275,0.080076,false,false,0.000000,0,0,495,495,936,TP_RECOVERY,,546,1181795069,57952859,87.57
1786507150,stage2,1984,2048,512,768,0,768,5201,0,0,11,168,332,resize_cooldown,31,0,0,1,0,0,32,true,705.214,651.097,0.076738,false,false,0.000000,0,0,495,495,936,TP_RECOVERY,,710,1181804658,57954156,88.09
1786507151,stage2,1984,2048,512,768,0,768,5201,0,0,11,168,332,resize_cooldown,31,0,0,1,0,0,32,true,699.614,649.209,0.072046,false,false,0.000000,0,0,495,495,936,TP_RECOVERY,,772,1181815047,57955583,87.92
1786507152,stage2,1984,2048,512,768,0,768,5201,0,0,11,168,332,resize_cooldown,31,0,0,1,0,0,32,true,694.899,652.461,0.061069,false,false,0.000000,0,0,495,495,936,TP_RECOVERY,,826,1181826119,57957102,87.94
1786507153,stage2,1984,2048,512,768,0,768,5201,0,0,11,168,332,resize_cooldown,31,0,0,1,0,0,32,true,690.645,652.366,0.055425,false,false,0.000000,0,0,495,495,936,TP_RECOVERY,,1148,1181841625,57959213,88.02
1786507154,stage2,1984,2048,512,768,0,768,5201,0,0,11,168,332,resize_cooldown,31,0,0,1,0,0,32,true,686.823,652.425,0.050083,false,false,0.000000,0,0,495,495,936,TP_RECOVERY,,831,1181990590,57994780,80.73
1786507155,stage2,1984,2048,512,768,0,768,5201,0,0,11,168,332,resize_cooldown,31,0,0,1,0,0,32,true,683.313,651.717,0.046239,false,false,0.000000,0,0,495,495,936,TP_RECOVERY,,732,1182000204,57996153,87.50
1786507156,stage3,1984,2048,512,768,0,768,5201,0,0,11,168,332,resize_cooldown,31,0,0,1,0,0,32,true,679.817,648.354,0.046282,false,false,0.000000,0,0,495,495,936,TP_RECOVERY,,725,1182009666,57997466,87.81
1786507157,stage3,1984,2048,512,768,0,768,5201,0,0,11,168,332,resize_cooldown,31,0,0,1,0,0,32,true,676.308,644.729,0.046693,false,false,0.000000,0,0,495,495,936,TP_RECOVERY,,604,1182017469,57998762,85.76
1786507158,stage3,1984,2048,512,768,0,768,5201,0,0,11,168,332,resize_cooldown,31,0,0,1,0,0,32,true,672.741,640.637,0.047721,false,false,0.000000,0,0,495,495,936,TP_RECOVERY,,670,1182026040,58000239,85.30
1786507159,stage3,1984,2048,512,768,0,768,5201,0,0,11,168,332,resize_cooldown,31,0,0,1,0,0,32,true,665.727,632.327,0.050170,false,false,0.000000,0,0,495,495,936,TP_RECOVERY,,739,1182035495,58001865,85.33
1786507160,stage3,1984,2048,512,768,0,768,5201,0,0,11,168,332,resize_cooldown,31,0,0,1,0,0,32,true,661.941,627.869,0.051473,false,false,0.000000,0,0,495,495,936,TP_RECOVERY,,830,1182046321,58003615,86.08
1786507161,stage3,1984,2048,512,768,0,768,5201,0,0,11,168,332,resize_cooldown,31,0,0,1,0,0,32,true,658.102,623.553,0.052498,false,false,0.000000,0,0,495,495,936,TP_RECOVERY,,597,1182053984,58004875,85.88
1786507162,stage3,1984,2048,512,768,0,768,5201,0,0,11,168,332,resize_cooldown,31,0,0,1,0,0,32,true,654.424,621.317,0.050589,false,false,0.000000,0,0,495,495,936,TP_RECOVERY,,713,1182063339,58006288,86.88
1786507163,stage3,1984,2048,512,768,0,768,5201,0,0,11,168,332,resize_cooldown,31,0,0,1,0,0,32,true,651.022,620.407,0.047025,false,false,0.000000,0,0,495,495,936,TP_RECOVERY,,672,1182072028,58007643,86.51
1786507165,stage3,1984,2048,512,768,0,768,5201,0,0,11,168,332,resize_cooldown,31,0,0,1,0,0,32,true,648.263,623.433,0.038303,false,false,0.000000,0,0,495,495,936,TP_RECOVERY,,756,1182081773,58009198,86.24
1786507166,stage3,1984,2048,512,768,0,768,5201,0,0,11,168,332,resize_cooldown,31,0,0,1,0,0,32,true,646.479,630.424,0.024835,false,false,0.000000,0,0,495,495,936,TP_RECOVERY,,756,1182091613,58010770,86.23
1786507167,stage3,1984,2048,512,768,0,768,5201,0,0,11,168,332,resize_cooldown,31,0,0,1,0,0,32,true,645.922,640.912,0.007757,false,false,0.000000,0,0,495,495,936,TP_RECOVERY,,716,1182100936,58012176,86.90
1786507168,stage3,1984,2048,512,768,0,768,5201,0,0,11,168,332,resize_cooldown,31,0,0,1,0,0,32,true,647.424,647.424,0.000000,false,false,0.000000,0,0,495,495,936,TP_RECOVERY,,726,1182110490,58013618,86.89
1786507169,stage3,1984,2048,512,768,0,768,5201,0,0,11,168,332,resize_cooldown,31,0,0,1,0,0,32,true,647.271,645.893,0.002129,false,false,0.000000,0,0,495,495,936,TP_RECOVERY,,985,1182123467,58015609,86.70
1786507170,stage3,1984,2048,512,768,0,768,5201,0,0,11,168,332,resize_cooldown,31,0,0,1,0,0,32,true,654.373,654.373,0.000000,false,false,0.000000,0,0,495,495,936,TP_RECOVERY,,822,1182134093,58017256,86.58
1786507171,stage3,1984,2048,512,768,0,768,5201,0,0,11,168,332,resize_cooldown,31,0,0,1,0,0,32,true,659.285,659.285,0.000000,false,false,0.000000,0,0,495,495,936,TP_RECOVERY,,767,1182144060,58018787,86.68
1786507172,stage3,1984,2048,512,768,0,768,5201,0,0,11,168,332,resize_cooldown,31,0,0,1,0,0,32,true,681.568,681.568,0.000000,false,false,0.000000,0,0,495,495,936,TP_RECOVERY,,742,1182153739,58020303,86.46
1786507173,stage3,1984,2048,512,768,0,768,5201,0,0,11,168,332,resize_cooldown,31,0,0,1,0,0,32,true,691.871,691.871,0.000000,false,false,0.000000,0,0,495,495,936,TP_RECOVERY,,694,1182162754,58021675,86.79
1786507174,stage3,1984,2048,512,768,0,768,5201,0,0,11,168,332,resize_cooldown,31,0,0,1,0,0,32,true,696.705,696.705,0.000000,false,false,0.000000,0,0,495,495,936,TP_RECOVERY,,779,1182172817,58023270,86.32
1786507175,stage3,1984,2048,512,768,0,768,5201,0,0,11,168,332,resize_cooldown,31,0,0,1,0,0,32,true,702.936,702.936,0.000000,false,false,0.000000,0,0,495,495,936,TP_RECOVERY,,799,1182183270,58024864,86.77
1786507176,stage3,1984,2048,512,768,0,768,5201,0,0,11,168,332,resize_cooldown,31,0,0,1,0,0,32,true,710.230,710.230,0.000000,false,false,0.000000,0,0,495,495,936,TP_RECOVERY,,785,1182193469,58026445,86.58
1786507177,stage3,1984,2048,512,768,0,768,5201,0,0,11,168,332,resize_cooldown,31,0,0,1,0,0,32,true,716.665,716.665,0.000000,false,false,0.000000,0,0,495,495,936,TP_RECOVERY,,965,1182205490,58028256,86.91
1786507178,stage3,1984,2048,512,768,0,768,5201,0,0,11,168,332,resize_cooldown,31,0,0,1,0,0,32,true,717.422,717.422,0.000000,false,false,0.000000,0,0,495,495,936,TP_RECOVERY,,923,1182218396,58030197,86.93
1786507179,stage3,1984,2048,512,768,0,768,5201,0,0,11,168,332,resize_cooldown,31,0,0,1,0,0,32,true,725.162,721.724,0.004741,false,false,0.000000,0,0,495,495,936,TP_RECOVERY,,330,1182222638,58030843,86.78
1786507181,stage3,1984,2048,512,768,0,768,5201,0,0,11,168,332,resize_cooldown,31,0,0,1,0,0,32,true,723.516,708.710,0.020465,false,false,0.000000,0,0,495,495,936,TP_RECOVERY,,736,1182232294,58032327,86.68
1786507182,stage3,1984,2048,512,768,0,768,5201,0,0,11,168,332,resize_cooldown,31,0,0,1,0,0,32,true,720.793,696.283,0.034004,false,false,0.000000,0,0,495,495,936,TP_RECOVERY,,442,1182238000,58033151,87.38
1786507183,stage3,1984,2048,512,768,0,768,5201,0,0,11,168,332,resize_cooldown,31,0,0,1,0,0,32,true,717.651,689.369,0.039408,false,false,0.000000,0,0,495,495,936,TP_RECOVERY,,599,1182245848,58034306,87.17
1786507184,stage3,1984,2048,512,768,0,768,5201,0,0,11,168,332,resize_cooldown,31,0,0,1,0,0,32,true,713.629,677.437,0.050717,false,false,0.000000,0,0,495,495,936,TP_RECOVERY,,502,1182252435,58035289,87.01
1786507185,stage3,1984,2048,512,768,0,768,5201,0,0,11,168,332,resize_cooldown,31,0,0,1,0,0,32,true,709.926,676.593,0.046953,false,false,0.000000,0,0,495,495,936,TP_RECOVERY,,761,1182262355,58036757,87.11
1786507186,stage3,1984,2048,512,768,0,768,5201,0,0,11,168,332,resize_cooldown,31,0,0,1,0,0,32,true,706.770,678.372,0.040180,false,false,0.000000,0,0,495,495,936,TP_RECOVERY,,769,1182272480,58038256,87.10
1786507187,stage3,1984,2048,512,768,0,768,5201,0,0,11,168,332,resize_cooldown,31,0,0,1,0,0,32,true,703.760,676.666,0.038498,false,false,0.000000,0,0,495,495,936,TP_RECOVERY,,604,1182280462,58039433,87.15
1786507188,stage3,1984,2048,512,768,0,768,5201,0,0,11,168,332,resize_cooldown,31,0,0,1,0,0,32,true,700.723,673.388,0.039010,false,false,0.000000,0,0,495,495,936,TP_RECOVERY,,502,1182287089,58040390,87.38
1786507189,stage3,1984,2048,512,768,0,768,5201,0,0,11,168,332,resize_cooldown,31,0,0,1,0,0,32,true,697.796,671.456,0.037747,false,false,0.000000,0,0,495,495,936,TP_RECOVERY,,730,1182296696,58041864,86.70
1786507190,stage3,1984,2048,512,768,0,768,5201,0,0,11,168,332,resize_cooldown,31,0,0,1,0,0,32,true,696.145,681.282,0.021349,false,false,0.000000,0,0,495,495,936,TP_RECOVERY,,1220,1182312785,58044272,86.98
1786507191,stage3,1984,2048,512,768,0,768,5201,0,0,11,168,332,resize_cooldown,31,0,0,1,0,0,32,true,695.172,686.421,0.012588,false,false,0.000000,0,0,495,495,936,TP_RECOVERY,,810,1182323332,58045865,86.88
1786507192,stage3,1984,2048,512,768,0,768,5201,0,0,11,168,332,resize_cooldown,31,0,0,1,0,0,32,true,695.006,693.506,0.002158,false,false,0.000000,0,0,495,495,936,TP_RECOVERY,,743,1182332976,58047368,86.52
1786507193,stage3,1984,2048,512,768,0,768,5201,0,0,11,168,332,resize_cooldown,31,0,0,1,0,0,32,true,695.021,695.021,0.000000,false,false,0.000000,0,0,495,495,936,TP_RECOVERY,,828,1182343831,58048994,86.97
1786507194,stage3,1984,2048,512,768,0,768,5201,0,0,11,168,332,resize_cooldown,31,0,0,1,0,0,32,true,699.986,699.986,0.000000,false,false,0.000000,0,0,495,495,936,TP_RECOVERY,,680,1182352771,58050288,87.36
1786507195,stage3,1984,2048,512,768,0,768,5201,0,0,11,168,332,resize_cooldown,31,0,0,1,0,0,32,true,699.267,692.791,0.009261,false,false,0.000000,0,0,495,495,936,TP_RECOVERY,,526,1182359703,58051302,87.24
1786507196,stage3,1984,2048,512,768,0,768,5201,0,0,11,168,332,resize_cooldown,31,0,0,1,0,0,32,true,695.384,674.698,0.029748,false,false,0.000000,0,0,495,495,936,TP_RECOVERY,,239,1182362750,58051749,87.21
1786507198,stage3,1984,2048,512,768,0,768,5201,0,0,11,168,332,resize_cooldown,31,0,0,1,0,0,32,true,691.761,659.148,0.047145,false,false,0.000000,0,0,495,495,936,TP_RECOVERY,,426,1182368203,58052557,87.09
1786507199,stage3,1984,2048,512,768,0,768,5201,0,0,11,168,332,resize_cooldown,31,0,0,1,0,0,32,true,687.152,645.675,0.060361,false,false,0.000000,0,0,495,495,936,TP_RECOVERY,,192,1182370681,58052868,88.85
1786507200,stage3,1984,2048,512,768,0,768,5201,0,0,11,168,332,resize_cooldown,31,0,0,1,0,0,32,true,682.783,643.456,0.057598,false,false,0.000000,0,0,495,495,936,TP_RECOVERY,,735,1182380434,58054264,87.48
1786507201,stage3,1984,2048,512,768,0,768,5201,0,0,11,168,332,resize_cooldown,31,0,0,1,0,0,32,true,677.905,634.007,0.064755,false,false,0.000000,0,0,495,495,936,TP_RECOVERY,,618,1182388620,58055433,87.50
1786507202,stage3,1984,2048,512,768,0,768,5201,0,0,11,168,332,resize_cooldown,31,0,0,1,0,0,32,true,672.799,626.844,0.068304,false,false,0.000000,0,0,495,495,936,TP_RECOVERY,,549,1182395910,58056481,87.43
1786507203,stage3,1984,2048,512,768,0,768,5201,0,0,11,168,332,resize_cooldown,31,0,0,1,0,0,32,true,666.692,611.729,0.082442,false,false,0.000000,0,0,495,495,936,TP_RECOVERY,,337,1182400161,58057119,86.95
1786507204,stage3,1984,2048,512,768,0,768,5201,0,0,11,168,332,resize_cooldown,31,0,0,1,0,0,32,true,660.793,607.705,0.080340,false,false,0.000000,0,0,495,495,936,TP_RECOVERY,,610,1182408226,58058257,87.63
1786507205,stage3,1984,2048,512,768,0,768,5201,0,0,11,168,332,resize_cooldown,31,0,0,1,0,0,32,true,654.461,597.466,0.087086,false,false,0.000000,0,0,495,495,936,TP_RECOVERY,,623,1182416431,58059490,86.94
1786507206,stage3,1984,2048,512,768,0,768,5201,0,0,11,168,332,resize_cooldown,31,0,0,1,0,0,32,true,647.616,586.013,0.095123,false,false,0.000000,0,0,495,495,936,TP_RECOVERY,,471,1182422553,58060375,87.37
1786507207,stage3,1984,2048,512,768,0,768,5201,0,0,11,168,332,resize_cooldown,31,0,0,1,0,0,32,true,640.443,575.886,0.100800,false,false,0.000000,0,0,495,495,936,TP_RECOVERY,,525,1182429464,58061404,87.04
1786507208,stage3,1984,2048,512,768,0,768,5201,0,0,11,168,332,resize_cooldown,31,0,0,1,0,0,32,true,633.272,568.732,0.101914,false,false,0.000000,0,0,495,495,936,TP_RECOVERY,,290,1182433259,58061936,87.71
1786507209,stage3,1984,2048,512,768,0,768,5201,0,0,11,168,332,resize_cooldown,31,0,0,1,0,0,32,true,625.585,556.401,0.110591,false,false,0.000000,0,0,495,495,936,TP_RECOVERY,,668,1182442078,58063200,87.46
1786507210,stage3,1984,2048,512,768,0,768,5201,0,0,11,168,332,resize_cooldown,31,0,0,1,0,0,32,true,617.550,545.236,0.117098,false,false,0.000000,0,0,495,495,936,TP_RECOVERY,,36,1182442384,58063236,89.47
1786507211,stage3,1984,2048,512,768,0,768,5201,0,0,11,168,332,resize_cooldown,31,0,0,1,0,0,32,true,609.603,538.082,0.117325,false,false,0.000000,0,0,495,495,936,TP_RECOVERY,,492,1182448864,58064167,87.44
1786507213,stage3,1984,2048,512,768,0,768,5201,0,0,11,168,332,resize_cooldown,31,0,0,1,0,0,32,true,603.582,549.390,0.089784,false,false,0.000000,0,0,495,495,936,TP_RECOVERY,,830,1182459758,58065778,87.12
1786507214,stage3,1984,2048,512,768,0,768,5201,0,0,11,168,332,resize_cooldown,31,0,0,1,0,0,32,true,599.004,557.804,0.068781,false,false,0.000000,0,0,495,495,936,TP_RECOVERY,,838,1182470950,58067385,87.44
1786507215,stage3,1984,2048,512,768,0,768,5201,0,0,11,168,332,resize_cooldown,31,0,0,1,0,0,32,true,596.095,569.915,0.043920,false,false,0.000000,0,0,495,495,936,TP_RECOVERY,,1164,1182486356,58069591,87.47
1786507216,stage3,1984,2048,512,768,0,768,5201,0,0,11,168,332,resize_cooldown,31,0,0,1,0,0,32,true,590.945,567.106,0.040340,false,false,0.000000,0,0,495,495,936,TP_RECOVERY,,652,1182494990,58070849,87.28
1786507217,stage3,1984,2048,512,768,0,768,5201,0,0,11,168,332,resize_cooldown,31,0,0,1,0,0,32,true,588.313,564.618,0.040276,false,false,0.000000,0,0,495,495,936,TP_RECOVERY,,602,1182503034,58072026,87.24
1786507218,stage3,1984,2048,512,768,0,768,5201,0,0,11,168,332,resize_cooldown,31,0,0,1,0,0,32,true,586.430,569.490,0.028887,false,false,0.000000,0,0,495,495,936,TP_RECOVERY,,638,1182511475,58073241,87.42
1786507219,stage3,1984,2048,512,768,0,768,5201,0,0,11,168,332,resize_cooldown,31,0,0,1,0,0,32,true,584.601,568.136,0.028165,false,false,0.000000,0,0,495,495,936,TP_RECOVERY,,648,1182520073,58074443,87.73
1786507220,stage3,1984,2048,512,768,0,768,5201,0,0,11,168,332,resize_cooldown,31,0,0,1,0,0,32,true,582.402,562.613,0.033979,false,false,0.000000,0,0,495,495,936,TP_RECOVERY,,665,1182528911,58075699,87.56
1786507221,stage3,1984,2048,512,768,0,768,5201,0,0,11,168,332,resize_cooldown,31,0,0,1,0,0,32,true,579.387,552.256,0.046828,false,false,0.000000,0,0,495,495,936,TP_RECOVERY,,473,1182535138,58076612,87.21
1786507222,stage3,1984,2048,512,768,0,768,5201,0,0,11,168,332,resize_cooldown,31,0,0,1,0,0,32,true,576.340,548.913,0.047588,false,false,0.000000,0,0,495,495,936,TP_RECOVERY,,712,1182544701,58077981,87.48
1786507223,stage3,1984,2048,512,768,0,768,5201,0,0,11,168,332,resize_cooldown,31,0,0,1,0,0,32,true,573.424,547.177,0.045772,false,false,0.000000,0,0,495,495,936,TP_RECOVERY,,833,1182555786,58079520,87.81
1786507224,stage3,1984,2048,512,768,0,768,5201,0,0,11,168,332,resize_cooldown,31,0,0,1,0,0,32,true,569.053,529.718,0.069124,false,false,0.000000,0,0,495,495,936,TP_RECOVERY,,553,1182563020,58080546,87.58
1786507225,stage3,1984,2048,512,768,0,768,5201,0,0,11,168,332,resize_cooldown,31,0,0,1,0,0,32,true,565.497,533.497,0.056589,false,false,0.000000,0,0,495,495,936,TP_RECOVERY,,636,1182571472,58081737,87.65
1786507226,stage3,1984,2048,512,768,0,768,5201,0,0,11,168,332,resize_cooldown,31,0,0,1,0,0,32,true,562.639,536.910,0.045728,false,false,0.000000,0,0,495,495,936,TP_RECOVERY,,548,1182578710,58082792,87.28
1786507228,stage3,1984,2048,512,768,0,768,5201,0,0,11,168,332,resize_cooldown,31,0,0,1,0,0,32,true,560.468,540.931,0.034858,false,false,0.000000,0,0,495,495,936,TP_RECOVERY,,552,1182586032,58083878,87.08
1786507229,stage3,1984,2048,512,768,0,768,5201,0,0,11,168,332,resize_cooldown,31,0,0,1,0,0,32,true,558.743,543.221,0.027780,false,false,0.000000,0,0,495,495,936,TP_RECOVERY,,16,1182586054,58083878,100.00
1786507230,stage3,1984,2048,512,768,0,768,5201,0,0,11,168,332,resize_cooldown,31,0,0,1,0,0,32,true,556.971,541.016,0.028645,false,false,0.000000,0,0,495,495,936,TP_RECOVERY,,831,1182597125,58085407,87.87
1786507231,stage3,1984,2048,512,768,0,768,5201,0,0,11,168,332,resize_cooldown,31,0,0,1,0,0,32,true,555.325,540.517,0.026666,false,false,0.000000,0,0,495,495,936,TP_RECOVERY,,687,1182606278,58086723,87.43
1786507232,stage3,1984,2048,512,768,0,768,5201,0,0,11,168,332,resize_cooldown,31,0,0,1,0,0,32,true,555.955,555.955,0.000000,false,false,0.000000,0,0,495,495,936,TP_RECOVERY,,780,1182616775,58088121,88.25
1786507233,stage3,1984,2048,512,768,0,768,5201,0,0,11,168,332,resize_cooldown,31,0,0,1,0,0,32,true,571.979,571.979,0.000000,false,false,0.000000,0,0,495,495,936,TP_RECOVERY,,787,1182627305,58089639,87.40
1786507234,stage3,1984,2048,512,768,0,768,5201,0,0,11,168,332,resize_cooldown,31,0,0,1,0,0,32,true,571.944,571.631,0.000547,false,false,0.000000,0,0,495,495,936,TP_RECOVERY,,607,1182635375,58090778,87.63
1786507235,stage3,1984,2048,512,768,0,768,5201,0,0,11,168,332,resize_cooldown,31,0,0,1,0,0,32,true,571.543,567.938,0.006307,false,false,0.000000,0,0,495,495,936,TP_RECOVERY,,430,1182641143,58091574,87.87
1786507236,stage3,1984,2048,512,768,0,768,5201,0,0,11,168,332,resize_cooldown,31,0,0,1,0,0,32,true,571.269,568.798,0.004325,false,false,0.000000,0,0,495,495,936,TP_RECOVERY,,481,1182647481,58092453,87.82
1786507237,stage3,1984,2048,512,768,0,768,5201,0,0,11,168,332,resize_cooldown,31,0,0,1,0,0,32,true,571.112,569.697,0.002477,false,false,0.000000,0,0,495,495,936,TP_RECOVERY,,520,1182654415,58093449,87.44
1786507238,stage3,1984,2048,512,768,0,768,5201,0,0,11,168,332,resize_cooldown,31,0,0,1,0,0,32,true,571.061,570.608,0.000793,false,false,0.000000,0,0,495,495,936,TP_RECOVERY,,513,1182661282,58094456,87.21
1786507239,stage3,1984,2048,512,768,0,768,5201,0,0,11,168,332,resize_cooldown,31,0,0,1,0,0,32,true,570.071,561.158,0.015635,false,false,0.000000,0,0,495,495,936,TP_RECOVERY,,146,1182663081,58094715,87.41
1786507241,stage3,1984,2048,512,768,0,768,5201,0,0,11,168,332,resize_cooldown,31,0,0,1,0,0,32,true,570.758,570.758,0.000000,false,false,0.000000,0,0,495,495,936,TP_RECOVERY,,682,1182672123,58095982,87.71
1786507242,stage3,1984,2048,512,768,0,768,5201,0,0,11,168,332,resize_cooldown,31,0,0,1,0,0,32,true,570.758,570.758,0.000000,false,false,0.000000,0,0,495,495,936,TP_RECOVERY,,105,1182673417,58096129,89.80
1786507243,stage3,1984,2048,512,768,0,768,5201,0,0,11,168,332,resize_cooldown,31,0,0,1,0,0,32,true,569.861,561.791,0.014162,false,false,0.000000,0,0,495,495,936,TP_RECOVERY,,334,1182677762,58096737,87.72
1786507244,stage3,1984,2048,512,768,0,768,5201,0,0,11,168,332,resize_cooldown,31,0,0,1,0,0,32,true,568.143,552.680,0.027218,false,false,0.000000,0,0,495,495,936,TP_RECOVERY,,261,1182681195,58097190,88.34
1786507245,stage3,1984,2048,512,768,0,768,5201,0,0,11,168,332,resize_cooldown,31,0,0,1,0,0,32,true,566.222,548.929,0.030541,false,false,0.000000,0,0,495,495,936,TP_RECOVERY,,1099,1182695962,58099274,87.63
1786507246,stage3,1984,2048,512,768,0,768,5201,0,0,11,168,332,resize_cooldown,31,0,0,1,0,0,32,true,564.494,548.943,0.027548,false,false,0.000000,0,0,495,495,936,TP_RECOVERY,,815,1182706823,58100833,87.45
1786507247,stage3,1984,2048,512,768,0,768,5201,0,0,11,168,332,resize_cooldown,31,0,0,1,0,0,32,true,563.185,551.409,0.020910,false,false,0.000000,0,0,495,495,936,TP_RECOVERY,,690,1182716077,58102092,88.02
1786507248,stage3,1984,2048,512,768,0,768,5201,0,0,11,168,332,resize_cooldown,31,0,0,1,0,0,32,true,562.573,557.064,0.009793,false,false,0.000000,0,0,495,495,936,TP_RECOVERY,,749,1182726087,58103459,87.98
1786507249,stage3,1984,2048,512,768,0,768,5201,0,0,11,168,332,resize_cooldown,31,0,0,1,0,0,32,true,562.126,558.097,0.007167,false,false,0.000000,0,0,495,495,936,TP_RECOVERY,,571,1182733683,58104495,88.00
1786507250,stage3,1984,2048,512,768,0,768,5201,0,0,11,168,332,resize_cooldown,31,0,0,1,0,0,32,true,561.018,551.048,0.017771,false,false,0.000000,0,0,495,495,936,TP_RECOVERY,,503,1182740450,58105392,88.30
1786507251,stage3,1984,2048,512,768,0,768,5201,0,0,11,168,332,resize_cooldown,31,0,0,1,0,0,32,true,559.418,545.020,0.025738,false,false,0.000000,0,0,495,495,936,TP_RECOVERY,,240,1182743471,58105809,87.87
1786507252,stage3,1984,2048,512,768,0,768,5201,0,0,11,168,332,resize_cooldown,31,0,0,1,0,0,32,true,557.046,535.695,0.038328,false,false,0.000000,0,0,495,495,936,TP_RECOVERY,,162,1182745450,58106082,87.88
1786507253,stage3,1984,2048,512,768,0,768,5201,0,0,11,168,332,resize_cooldown,31,0,0,1,0,0,32,true,552.557,512.155,0.073119,false,false,0.000000,0,0,495,495,936,TP_RECOVERY,,29,1182745742,58106097,95.11
1786507255,stage3,1984,2048,512,768,0,768,5201,0,0,11,168,332,resize_cooldown,31,0,0,1,0,0,32,true,546.940,496.392,0.092419,false,false,0.000000,0,0,495,495,936,TP_RECOVERY,,255,1182748661,58106532,87.03
1786507256,stage3,1984,2048,512,768,0,768,5201,0,0,11,168,332,resize_cooldown,31,0,0,1,0,0,32,true,540.783,485.365,0.102477,false,false,0.000000,0,0,495,495,936,TP_RECOVERY,,107,1182750310,58106769,87.43
1786507257,stage3,1984,2048,512,768,0,768,5201,0,0,11,168,332,resize_cooldown,31,0,0,1,0,0,32,true,533.408,467.039,0.124425,false,false,0.000000,0,0,495,495,936,TP_RECOVERY,,542,1182757530,58107747,88.07
1786507258,stage3,1984,2048,512,768,0,768,5201,0,0,11,168,332,resize_cooldown,31,0,0,1,0,0,32,true,520.656,467.233,0.102607,false,false,0.000000,0,0,495,495,936,TP_RECOVERY,,405,1182762555,58108445,87.80
1786507259,stage3,1984,2048,512,768,0,768,5201,0,0,11,168,332,resize_cooldown,31,0,0,1,0,0,32,true,520.656,467.233,0.102607,false,false,0.000000,0,0,495,495,936,TP_RECOVERY,,111,1182764219,58108639,89.56
1786507260,stage3,1984,2048,512,768,0,768,5201,0,0,11,168,332,resize_cooldown,31,0,0,1,0,0,32,true,514.102,455.111,0.114745,false,false,0.000000,0,0,495,495,936,TP_RECOVERY,,27,1182764350,58108658,87.33
1786507261,stage3,1984,2048,512,768,0,768,5201,0,0,11,168,332,resize_cooldown,31,0,0,1,0,0,32,true,505.544,428.527,0.152345,false,false,0.000000,0,0,495,495,936,TP_RECOVERY,,38,1182764681,58108701,88.50
1786507262,stage3,1984,2048,512,768,0,768,5201,0,0,11,168,332,resize_cooldown,31,0,0,1,0,0,32,true,505.544,428.527,0.152345,false,false,0.000000,0,0,495,495,936,TP_RECOVERY,,23,1182764972,58108717,94.79
1786507263,stage3,1984,2048,512,768,0,768,5201,0,0,11,168,332,resize_cooldown,31,0,0,1,0,0,32,true,495.163,401.727,0.188696,false,false,0.000000,0,0,495,495,936,TP_RECOVERY,,46,1182765269,58108761,87.10
1786507265,stage3,1984,2048,512,768,0,768,5201,0,0,11,168,332,resize_cooldown,31,0,0,1,0,0,32,true,483.030,373.832,0.226067,false,false,0.000000,0,0,495,495,936,TP_RECOVERY,,170,1182767341,58109047,87.87
1786507266,stage3,1984,2048,512,768,0,768,5201,0,0,11,168,332,resize_cooldown,31,0,0,1,0,0,32,true,460.842,369.129,0.199012,false,false,0.000000,0,0,495,495,936,TP_RECOVERY,,555,1182774761,58110028,88.32
1786507267,stage3,1984,2048,512,768,0,768,5201,0,0,11,168,332,resize_cooldown,31,0,0,1,0,0,32,true,452.472,377.137,0.166497,false,false,0.000000,0,0,495,495,936,TP_RECOVERY,,646,1182783269,58111231,87.61
1786507268,stage3,1984,2048,512,768,0,768,5201,0,0,11,168,332,resize_cooldown,31,0,0,1,0,0,32,true,445.467,382.423,0.141523,false,false,0.000000,0,0,495,495,936,TP_RECOVERY,,668,1182792181,58112448,87.98
1786507269,stage3,1984,2048,512,768,0,768,5201,0,0,11,168,332,resize_cooldown,31,0,0,1,0,0,32,true,439.645,387.249,0.119178,false,false,0.000000,0,0,495,495,936,TP_RECOVERY,,798,1182803319,58113991,87.83
1786507270,stage3,1984,2048,512,768,0,768,5201,0,0,11,168,332,resize_cooldown,31,0,0,1,0,0,32,true,435.472,397.911,0.086252,false,false,0.000000,0,0,495,495,936,TP_RECOVERY,,443,1182809057,58114783,87.87
1786507271,stage3,1984,2048,512,768,0,768,5201,0,0,11,168,332,resize_cooldown,31,0,0,1,0,0,32,true,435.472,397.926,0.000000,false,false,0.000000,0,0,495,495,936,TP_RECOVERY,,703,1182818521,58116116,87.65
1786507272,stage3,1984,2048,512,768,0,768,5201,0,0,11,168,332,resize_cooldown,31,0,0,1,0,0,32,true,433.111,411.863,0.049060,false,false,0.000000,0,0,495,495,936,TP_RECOVERY,,407,1182823915,58116796,88.80
1786507273,stage3,1984,2048,512,768,0,768,5201,0,0,11,168,332,resize_cooldown,31,0,0,1,0,0,32,true,432.389,425.894,0.015022,false,false,0.000000,0,0,495,495,936,TP_RECOVERY,,905,1182836197,58118502,87.80
1786507274,stage3,1984,2048,512,768,0,768,5201,0,0,11,168,332,resize_cooldown,31,0,0,1,0,0,32,true,431.440,422.896,0.019802,false,false,0.000000,0,0,495,495,936,TP_RECOVERY,,600,1182844224,58119582,88.14
1786507275,stage3,1984,2048,512,768,0,768,5201,0,0,11,168,332,resize_cooldown,31,0,0,1,0,0,32,true,429.640,413.444,0.037697,false,false,0.000000,0,0,495,495,936,TP_RECOVERY,,145,1183095189,58145625,90.60
1786507276,stage3,1984,2048,512,768,0,768,5201,0,0,11,168,332,resize_cooldown,31,0,0,1,0,0,32,true,425.356,386.801,0.090642,false,false,0.000000,0,0,495,495,936,TP_RECOVERY,,37,1183095476,58145660,89.13
1786507277,stage3,1984,2048,512,768,0,768,5201,0,0,11,168,332,resize_cooldown,31,0,0,1,0,0,32,true,419.081,362.607,0.134758,false,false,0.000000,0,0,495,495,936,TP_RECOVERY,,46,1183095980,58145703,92.14
1786507279,stage4,1984,2048,512,768,0,768,5201,0,0,11,168,332,resize_cooldown,31,0,0,1,0,0,32,true,410.986,338.128,0.177276,false,false,0.000000,0,0,495,495,936,TP_RECOVERY,,58,1183096392,58145764,87.10
1786507280,stage4,1984,2048,512,768,0,768,5201,0,0,11,168,332,resize_cooldown,31,0,0,1,0,0,32,true,401.592,317.042,0.210537,false,false,0.000000,0,0,495,495,936,TP_RECOVERY,,299,1183100503,58146413,86.37
1786507281,stage4,1984,2048,512,768,0,768,5201,0,0,11,168,332,resize_cooldown,31,0,0,1,0,0,32,true,393.379,319.463,0.187899,false,false,0.000000,0,0,495,495,936,TP_RECOVERY,,379,1183105066,58147076,87.31
1786507282,stage4,1984,2048,512,768,0,768,5201,0,0,11,168,332,resize_cooldown,31,0,0,1,0,0,32,true,378.989,320.769,0.153620,false,false,0.000000,0,0,495,495,936,TP_RECOVERY,,295,1183108863,58147640,87.07
1786507283,stage4,1984,2048,512,768,0,768,5201,0,0,11,168,332,resize_cooldown,31,0,0,1,0,0,32,true,378.989,320.769,0.153620,false,false,0.000000,0,0,495,495,936,TP_RECOVERY,,743,1183118611,58149066,87.24
1786507284,stage4,1984,2048,512,768,0,768,5201,0,0,11,168,332,resize_cooldown,31,0,0,1,0,0,32,true,374.742,336.514,0.102012,false,false,0.000000,0,0,495,495,936,TP_RECOVERY,,326,1183122881,58149636,88.22
1786507285,stage4,1984,2048,512,768,0,768,5201,0,0,11,168,332,resize_cooldown,31,0,0,1,0,0,32,true,371.260,339.926,0.084398,false,false,0.000000,0,0,495,495,936,TP_RECOVERY,,32,1183123114,58149666,88.59
1786507286,stage4,1984,2048,512,768,0,768,5201,0,0,11,168,332,resize_cooldown,31,0,0,1,0,0,32,true,367.904,337.697,0.082104,false,false,0.000000,0,0,495,495,936,TP_RECOVERY,,736,1183132890,58151017,87.86
1786507287,stage4,1984,2048,512,768,0,768,5201,0,0,11,168,332,resize_cooldown,31,0,0,1,0,0,32,true,367.249,361.358,0.016041,false,false,0.000000,0,0,495,495,936,TP_RECOVERY,,659,1183141536,58152202,87.95
1786507288,stage4,1984,2048,512,768,0,768,5201,0,0,11,168,332,resize_cooldown,31,0,0,1,0,0,32,true,367.147,371.083,0.000000,false,false,0.000000,0,0,495,495,936,TP_RECOVERY,,621,1183149745,58153353,87.70
1786507289,stage4,1984,2048,512,768,0,768,5201,0,0,11,168,332,resize_cooldown,31,0,0,1,0,0,32,true,375.217,375.217,0.000000,false,false,0.000000,0,0,495,495,936,TP_RECOVERY,,577,1183157523,58154415,87.99
1786507290,stage4,1984,2048,512,768,0,768,5201,0,0,11,168,332,resize_cooldown,31,0,0,1,0,0,32,true,394.853,394.853,0.000000,false,false,0.000000,0,0,495,495,936,TP_RECOVERY,,613,1183165799,58155516,88.26
1786507291,stage4,1984,2048,512,768,0,768,5201,0,0,11,168,332,resize_cooldown,31,0,0,1,0,0,32,true,394.853,413.463,0.000000,false,false,0.000000,0,0,495,495,936,TP_RECOVERY,,679,1183174488,58156756,87.51
1786507293,stage4,1984,2048,512,768,0,768,5201,0,0,11,168,332,resize_cooldown,31,0,0,1,0,0,32,true,417.103,417.103,0.000000,false,false,0.000000,0,0,495,495,936,TP_RECOVERY,,300,1183178401,58157291,87.97
1786507294,stage4,1984,2048,512,768,0,768,5201,0,0,11,168,332,resize_cooldown,31,0,0,1,0,0,32,true,429.510,429.510,0.000000,false,false,0.000000,0,0,495,495,936,TP_RECOVERY,,702,1183187681,58158610,87.56
1786507295,stage4,1984,2048,512,768,0,768,5201,0,0,11,168,332,resize_cooldown,31,0,0,1,0,0,32,true,441.721,441.721,0.000000,false,false,0.000000,0,0,495,495,936,TP_RECOVERY,,291,1183191381,58159148,87.31
1786507296,stage4,1984,2048,512,768,0,768,5201,0,0,11,168,332,resize_cooldown,31,0,0,1,0,0,32,true,450.297,450.297,0.000000,false,false,0.000000,0,0,495,495,936,TP_RECOVERY,,528,1183198344,58160125,87.70
1786507297,stage4,1984,2048,512,768,0,768,5201,0,0,11,168,332,resize_cooldown,31,0,0,1,0,0,32,true,449.675,444.068,0.012469,false,false,0.000000,0,0,495,495,936,TP_RECOVERY,,360,1183203002,58160779,87.69
1786507298,stage4,1984,2048,512,768,0,768,5201,0,0,11,168,332,resize_cooldown,31,0,0,1,0,0,32,true,443.807,414.994,0.064923,false,false,0.000000,0,0,495,495,936,TP_RECOVERY,,538,1183210073,58161768,87.73
1786507300,stage4,1984,2048,512,768,0,768,5201,0,0,11,168,332,resize_cooldown,31,0,0,1,0,0,32,true,439.945,405.184,0.079012,false,false,0.000000,0,0,495,495,936,TP_RECOVERY,,272,1183213508,58162254,87.61
1786507301,stage4,1984,2048,512,768,0,768,5201,0,0,11,168,332,resize_cooldown,31,0,0,1,0,0,32,true,436.211,402.612,0.077026,false,false,0.000000,0,0,495,495,936,TP_RECOVERY,,464,1183219577,58163089,87.91
1786507302,stage4,1984,2048,512,768,0,768,5201,0,0,11,168,332,resize_cooldown,31,0,0,1,0,0,32,true,433.204,406.137,0.062480,false,false,0.000000,0,0,495,495,936,TP_RECOVERY,,670,1183228425,58164305,87.92
1786507303,stage4,1984,2048,512,768,0,768,5201,0,0,11,168,332,resize_cooldown,31,0,0,1,0,0,32,true,430.495,406.118,0.056627,false,false,0.000000,0,0,495,495,936,TP_RECOVERY,,794,1183238894,58165772,87.71
1786507304,stage4,1984,2048,512,768,0,768,5201,0,0,11,168,332,resize_cooldown,31,0,0,1,0,0,32,true,428.642,411.960,0.038919,false,false,0.000000,0,0,495,495,936,TP_RECOVERY,,695,1183248073,58167038,87.88
1786507305,stage4,1984,2048,512,768,0,768,5201,0,0,11,168,332,resize_cooldown,31,0,0,1,0,0,32,true,426.987,412.094,0.034878,false,false,0.000000,0,0,495,495,936,TP_RECOVERY,,444,1183253970,58167793,88.65
1786507306,stage4,1984,2048,512,768,0,768,5201,0,0,11,168,332,resize_cooldown,31,0,0,1,0,0,32,true,425.630,413.420,0.028687,false,false,0.000000,0,0,495,495,936,TP_RECOVERY,,496,1183260351,58168698,87.58
1786507307,stage4,1984,2048,512,768,0,768,5201,0,0,11,168,332,resize_cooldown,31,0,0,1,0,0,32,true,425.450,423.829,0.003810,false,false,0.000000,0,0,495,495,936,TP_RECOVERY,,407,1183265666,58169429,87.91
1786507308,stage4,1984,2048,512,768,0,768,5201,0,0,11,168,332,resize_cooldown,31,0,0,1,0,0,32,true,435.230,435.230,0.000000,false,false,0.000000,0,0,495,495,936,TP_RECOVERY,,230,1183268835,58169855,88.15
1786507310,stage4,1984,2048,512,768,0,768,5201,0,0,11,168,332,resize_cooldown,31,0,0,1,0,0,32,true,452.502,452.502,0.000000,false,false,0.000000,0,0,495,495,936,TP_RECOVERY,,755,1183278747,58171296,87.31
1786507311,stage4,1984,2048,512,768,0,768,5201,0,0,11,168,332,resize_cooldown,31,0,0,1,0,0,32,true,461.207,461.207,0.000000,false,false,0.000000,0,0,495,495,936,TP_RECOVERY,,774,1183288998,58172752,87.56
1786507312,stage4,1984,2048,512,768,0,768,5201,0,0,11,168,332,resize_cooldown,31,0,0,1,0,0,32,true,474.115,474.115,0.000000,false,false,0.000000,0,0,495,495,936,TP_RECOVERY,,716,1183298404,58174039,87.96
1786507313,stage4,1984,2048,512,768,0,768,5201,0,0,11,168,332,resize_cooldown,31,0,0,1,0,0,32,true,485.385,485.385,0.000000,false,false,0.000000,0,0,495,495,936,TP_RECOVERY,,762,1183308415,58175449,87.65
1786507314,stage4,1984,2048,512,768,0,768,5201,0,0,11,168,332,resize_cooldown,31,0,0,1,0,0,32,true,493.376,493.376,0.000000,false,false,0.000000,0,0,495,495,936,TP_RECOVERY,,635,1183316847,58176644,87.59
1786507315,stage4,1984,2048,512,768,0,768,5201,0,0,11,168,332,resize_cooldown,31,0,0,1,0,0,32,true,501.399,501.399,0.000000,false,false,0.000000,0,0,495,495,936,TP_RECOVERY,,277,1183320402,58177137,87.82
1786507316,stage4,1984,2048,512,768,0,768,5201,0,0,11,168,332,resize_cooldown,31,0,0,1,0,0,32,true,506.831,506.831,0.000000,false,false,0.000000,0,0,495,495,936,TP_RECOVERY,,610,1183328429,58178292,87.42
1786507317,stage4,1984,2048,512,768,0,768,5201,0,0,11,168,332,resize_cooldown,31,0,0,1,0,0,32,true,505.462,493.145,0.024369,false,false,0.000000,0,0,495,495,936,TP_RECOVERY,,227,1183331346,58178675,88.39
1786507319,stage4,1984,2048,512,768,0,768,5201,0,0,11,168,332,resize_cooldown,31,0,0,1,0,0,32,true,499.090,466.906,0.064485,false,false,0.000000,0,0,495,495,936,TP_RECOVERY,,546,1183338600,58179664,88.00
1786507320,stage4,1984,2048,512,768,0,768,5201,0,0,11,168,332,resize_cooldown,31,0,0,1,0,0,32,true,495.684,465.029,0.061842,false,false,0.000000,0,0,495,495,936,TP_RECOVERY,,661,1183347405,58180901,87.68
1786507321,stage4,1984,2048,512,768,0,768,5201,0,0,11,168,332,resize_cooldown,31,0,0,1,0,0,32,true,492.768,466.529,0.053248,false,false,0.000000,0,0,495,495,936,TP_RECOVERY,,782,1183357706,58182375,87.48
1786507322,stage4,1984,2048,512,768,0,768,5201,0,0,11,168,332,resize_cooldown,31,0,0,1,0,0,32,true,490.809,473.176,0.035927,false,false,0.000000,0,0,495,495,936,TP_RECOVERY,,743,1183367637,58183785,87.57
1786507323,stage4,1984,2048,512,768,0,768,5201,0,0,11,168,332,resize_cooldown,31,0,0,1,0,0,32,true,489.855,481.273,0.017521,false,false,0.000000,0,0,495,495,936,TP_RECOVERY,,802,1183378223,58185205,88.17
1786507324,stage4,1984,2048,512,768,0,768,5201,0,0,11,168,332,resize_cooldown,31,0,0,1,0,0,32,true,489.686,488.261,0.002909,false,false,0.000000,0,0,495,495,936,TP_RECOVERY,,218,1183380997,58185585,87.95
1786507325,stage4,1984,2048,512,768,0,768,5201,0,0,11,168,332,resize_cooldown,31,0,0,1,0,0,32,true,489.176,484.585,0.009384,false,false,0.000000,0,0,495,495,936,TP_RECOVERY,,501,1183387661,58186520,87.70
1786507327,stage4,1984,2048,512,768,0,768,5201,0,0,11,168,332,resize_cooldown,31,0,0,1,0,0,32,true,488.877,486.194,0.005489,false,false,0.000000,0,0,495,495,936,TP_RECOVERY,,613,1183395650,58187674,87.38
1786507328,stage4,1984,2048,512,768,0,768,5201,0,0,11,168,332,resize_cooldown,31,0,0,1,0,0,32,true,490.596,490.596,0.000000,false,false,0.000000,0,0,495,495,936,TP_RECOVERY,,128,1183397190,58187883,88.05
1786507329,stage4,1984,2048,512,768,0,768,5201,0,0,11,168,332,resize_cooldown,31,0,0,1,0,0,32,true,490.094,485.573,0.009224,false,false,0.000000,0,0,495,495,936,TP_RECOVERY,,607,1183405283,58188979,88.07
1786507330,stage4,1984,2048,512,768,0,768,5201,0,0,11,168,332,resize_cooldown,31,0,0,1,0,0,32,true,492.446,492.446,0.000000,false,false,0.000000,0,0,495,495,936,TP_RECOVERY,,629,1183413633,58190113,88.04
1786507331,stage4,1984,2048,512,768,0,768,5201,0,0,11,168,332,resize_cooldown,31,0,0,1,0,0,32,true,502.126,502.126,0.000000,false,false,0.000000,0,0,495,495,936,TP_RECOVERY,,716,1183423079,58191457,87.54
1786507332,stage4,1984,2048,512,768,0,768,5201,0,0,11,168,332,resize_cooldown,31,0,0,1,0,0,32,true,505.692,505.692,0.000000,false,false,0.000000,0,0,495,495,936,TP_RECOVERY,,754,1183433100,58192909,87.34
1786507333,stage4,1984,2048,512,768,0,768,5201,0,0,11,168,332,resize_cooldown,31,0,0,1,0,0,32,true,505.403,502.805,0.005141,false,false,0.000000,0,0,495,495,936,TP_RECOVERY,,804,1183443813,58194441,87.49
1786507334,stage4,1984,2048,512,768,0,768,5201,0,0,11,168,332,resize_cooldown,31,0,0,1,0,0,32,true,505.704,505.704,0.000000,false,false,0.000000,0,0,495,495,936,TP_RECOVERY,,575,1183451413,58195484,87.93
1786507335,stage4,1984,2048,512,768,0,768,5201,0,0,11,168,332,resize_cooldown,31,0,0,1,0,0,32,true,506.002,503.461,0.005021,false,false,0.000000,0,0,495,495,936,TP_RECOVERY,,497,1183457999,58196379,88.04
1786507337,stage4,1984,2048,512,768,0,768,5201,0,0,11,168,332,resize_cooldown,31,0,0,1,0,0,32,true,508.862,508.862,0.000000,false,false,0.000000,0,0,495,495,936,TP_RECOVERY,,527,1183464991,58197336,87.96
1786507338,stage4,1984,2048,512,768,0,768,5201,0,0,11,168,332,resize_cooldown,31,0,0,1,0,0,32,true,511.390,511.390,0.000000,false,false,0.000000,0,0,495,495,936,TP_RECOVERY,,396,1183470522,58198078,88.17
1786507340,stage4,1984,2048,512,768,0,768,5201,0,0,11,168,332,resize_cooldown,31,0,0,1,0,0,32,true,510.583,502.437,0.015955,false,false,0.000000,0,0,495,495,936,TP_RECOVERY,,768,1183480365,58199461,87.68
1786507341,stage4,1984,2048,512,768,0,768,5201,0,0,11,168,332,resize_cooldown,31,0,0,1,0,0,32,true,509.658,501.326,0.016347,false,false,0.000000,0,0,495,495,936,TP_RECOVERY,,744,1183490334,58200813,88.06
1786507342,stage4,1984,2048,512,768,0,768,5201,0,0,11,168,332,resize_cooldown,31,0,0,1,0,0,32,true,508.968,502.765,0.012187,false,false,0.000000,0,0,495,495,936,TP_RECOVERY,,767,1183500409,58202230,87.67
1786507343,stage4,1984,2048,512,768,0,768,5201,0,0,11,168,332,resize_cooldown,31,0,0,1,0,0,32,true,508.246,501.745,0.012791,false,false,0.000000,0,0,495,495,936,TP_RECOVERY,,718,1183509958,58203516,88.13
1786507344,stage4,1984,2048,512,768,0,768,5201,0,0,11,168,332,resize_cooldown,31,0,0,1,0,0,32,true,507.878,504.564,0.006524,false,false,0.000000,0,0,495,495,936,TP_RECOVERY,,569,1183517453,58204520,88.19
1786507345,stage4,1984,2048,512,768,0,768,5201,0,0,11,168,332,resize_cooldown,31,0,0,1,0,0,32,true,507.693,506.032,0.003273,false,false,0.000000,0,0,495,495,936,TP_RECOVERY,,549,1183524675,58205563,87.38
1786507346,stage4,1984,2048,512,768,0,768,5201,0,0,11,168,332,resize_cooldown,31,0,0,1,0,0,32,true,507.627,507.030,0.001175,false,false,0.000000,0,0,495,495,936,TP_RECOVERY,,613,1183532878,58206711,87.72
1786507347,stage4,1984,2048,512,768,0,768,5201,0,0,11,168,332,resize_cooldown,31,0,0,1,0,0,32,true,517.012,517.012,0.000000,false,false,0.000000,0,0,495,495,936,TP_RECOVERY,,678,1183541962,58207945,88.04
1786507348,stage4,1984,2048,512,768,0,768,5201,0,0,11,168,332,resize_cooldown,31,0,0,1,0,0,32,true,532.381,532.381,0.000000,false,false,0.000000,0,0,495,495,936,TP_RECOVERY,,706,1183551387,58209274,87.64
1786507349,stage4,1984,2048,512,768,0,768,5201,0,0,11,168,332,resize_cooldown,31,0,0,1,0,0,32,true,547.246,547.246,0.000000,false,false,0.000000,0,0,495,495,936,TP_RECOVERY,,215,1183554092,58209674,87.12
1786507351,stage4,1984,2048,512,768,0,768,5201,0,0,11,168,332,resize_cooldown,31,0,0,1,0,0,32,true,542.578,512.467,0.055496,false,false,0.000000,0,0,495,495,936,TP_RECOVERY,,31,1183554344,58209682,96.92
1786507352,stage4,1984,2048,512,768,0,768,5201,0,0,11,168,332,resize_cooldown,31,0,0,1,0,0,32,true,537.050,487.299,0.092637,false,false,0.000000,0,0,495,495,936,TP_RECOVERY,,18,1183554393,58209686,92.45
1786507353,stage4,1984,2048,512,768,0,768,5201,0,0,11,168,332,resize_cooldown,31,0,0,1,0,0,32,true,529.610,462.645,0.126441,false,false,0.000000,0,0,495,495,936,TP_RECOVERY,,25,1183554613,58209692,97.35
1786507354,stage4,1984,2048,512,768,0,768,5201,0,0,11,168,332,resize_cooldown,31,0,0,1,0,0,32,true,529.610,462.645,0.126441,false,false,0.000000,0,0,495,495,936,TP_RECOVERY,,20,1183554660,58209699,87.04
1786507355,stage4,1984,2048,512,768,0,768,5201,0,0,11,168,332,resize_cooldown,31,0,0,1,0,0,32,true,521.126,444.776,0.146510,false,false,0.000000,0,0,495,495,936,TP_RECOVERY,,20,1183554736,58209707,90.48
1786507356,stage4,1984,2048,512,768,0,768,5201,0,0,11,168,332,resize_cooldown,31,0,0,1,0,0,32,true,514.004,449.900,0.124715,false,false,0.000000,0,0,495,495,936,TP_RECOVERY,,570,1183562397,58210760,87.92
1786507357,stage4,1984,2048,512,768,0,768,5201,0,0,11,168,332,resize_cooldown,31,0,0,1,0,0,32,true,508.200,455.969,0.102777,false,false,0.000000,0,0,495,495,936,TP_RECOVERY,,621,1183570674,58211901,87.88
1786507358,stage4,1984,2048,512,768,0,768,5201,0,0,11,168,332,resize_cooldown,31,0,0,1,0,0,32,true,504.380,469.996,0.068170,false,false,0.000000,0,0,495,495,936,TP_RECOVERY,,640,1183579113,58213152,87.09
1786507359,stage4,1984,2048,512,768,0,768,5201,0,0,11,168,332,resize_cooldown,31,0,0,1,0,0,32,true,501.541,475.989,0.050947,false,false,0.000000,0,0,495,495,936,TP_RECOVERY,,491,1183585704,58214017,88.40
1786507360,stage4,1984,2048,512,768,0,768,5201,0,0,11,168,332,resize_cooldown,31,0,0,1,0,0,32,true,498.854,474.670,0.048478,false,false,0.000000,0,0,495,495,936,TP_RECOVERY,,576,1183593355,58215082,87.78
1786507361,stage4,1984,2048,512,768,0,768,5201,0,0,11,168,332,resize_cooldown,31,0,0,1,0,0,32,true,496.006,470.373,0.051677,false,false,0.000000,0,0,495,495,936,TP_RECOVERY,,577,1183601002,58216183,87.41
1786507363,stage4,1984,2048,512,768,0,768,5201,0,0,11,168,332,resize_cooldown,31,0,0,1,0,0,32,true,492.499,460.943,0.064074,false,false,0.000000,0,0,495,495,936,TP_RECOVERY,,209,1183603765,58216546,88.39
1786507364,stage4,1984,2048,512,768,0,768,5201,0,0,11,168,332,resize_cooldown,31,0,0,1,0,0,32,true,488.550,453.010,0.072747,false,false,0.000000,0,0,495,495,936,TP_RECOVERY,,719,1183613256,58217919,87.36
1786507365,stage4,1984,2048,512,768,0,768,5201,0,0,11,168,332,resize_cooldown,31,0,0,1,0,0,32,true,484.074,443.786,0.083227,false,false,0.000000,0,0,495,495,936,TP_RECOVERY,,570,1183620846,58218970,87.84
1786507366,stage4,1984,2048,512,768,0,768,5201,0,0,11,168,332,resize_cooldown,31,0,0,1,0,0,32,true,476.925,448.420,0.059770,false,false,0.000000,0,0,495,495,936,TP_RECOVERY,,570,1183628336,58220044,87.46
1786507367,stage4,1984,2048,512,768,0,768,5201,0,0,11,168,332,resize_cooldown,31,0,0,1,0,0,32,true,474.014,447.816,0.055269,false,false,0.000000,0,0,495,495,936,TP_RECOVERY,,491,1183634805,58220970,87.48
1786507368,stage4,1984,2048,512,768,0,768,5201,0,0,11,168,332,resize_cooldown,31,0,0,1,0,0,32,true,471.355,447.421,0.050777,false,false,0.000000,0,0,495,495,936,TP_RECOVERY,,470,1183641121,58221847,87.81
1786507369,stage4,1984,2048,512,768,0,768,5201,0,0,11,168,332,resize_cooldown,31,0,0,1,0,0,32,true,469.523,453.031,0.035125,false,false,0.000000,0,0,495,495,936,TP_RECOVERY,,309,1183645102,58222420,87.42
1786507370,stage4,1984,2048,512,768,0,768,5201,0,0,11,168,332,resize_cooldown,31,0,0,1,0,0,32,true,468.755,461.841,0.014748,false,false,0.000000,0,0,495,495,936,TP_RECOVERY,,850,1183656540,58224023,87.71
1786507371,stage4,1984,2048,512,768,0,768,5201,0,0,11,168,332,resize_cooldown,31,0,0,1,0,0,32,true,467.843,459.642,0.017531,false,false,0.000000,0,0,495,495,936,TP_RECOVERY,,682,1183665645,58225298,87.72
1786507372,stage4,1984,2048,512,768,0,768,5201,0,0,11,168,332,resize_cooldown,31,0,0,1,0,0,32,true,466.918,458.588,0.017840,false,false,0.000000,0,0,495,495,936,TP_RECOVERY,,708,1183675151,58226662,87.45
1786507373,stage4,1984,2048,512,768,0,768,5201,0,0,11,168,332,resize_cooldown,31,0,0,1,0,0,32,true,466.038,458.118,0.016995,false,false,0.000000,0,0,495,495,936,TP_RECOVERY,,704,1183684513,58227987,87.60
1786507374,stage4,1984,2048,512,768,0,768,5201,0,0,11,168,332,resize_cooldown,31,0,0,1,0,0,32,true,464.801,453.668,0.023952,false,false,0.000000,0,0,495,495,936,TP_RECOVERY,,632,1183693070,58229206,87.53
1786507375,stage4,1984,2048,512,768,0,768,5201,0,0,11,168,332,resize_cooldown,31,0,0,1,0,0,32,true,464.092,457.717,0.013738,false,false,0.000000,0,0,495,495,936,TP_RECOVERY,,585,1183700807,58230318,87.43
1786507377,stage4,1984,2048,512,768,0,768,5201,0,0,11,168,332,resize_cooldown,31,0,0,1,0,0,32,true,464.076,463.934,0.000307,false,false,0.000000,0,0,495,495,936,TP_RECOVERY,,666,1183709613,58231652,86.84
1786507378,stage4,1984,2048,512,768,0,768,5201,0,0,11,168,332,resize_cooldown,31,0,0,1,0,0,32,true,467.707,467.707,0.000000,false,false,0.000000,0,0,495,495,936,TP_RECOVERY,,1075,1183724003,58233677,87.66
1786507379,stage4,1984,2048,512,768,0,768,5201,0,0,11,168,332,resize_cooldown,31,0,0,1,0,0,32,true,469.658,469.658,0.000000,false,false,0.000000,0,0,495,495,936,TP_RECOVERY,,696,1183733297,58234973,87.76
1786507380,stage4,1984,2048,512,768,0,768,5201,0,0,11,168,332,resize_cooldown,31,0,0,1,0,0,32,true,469.891,469.891,0.000000,false,false,0.000000,0,0,495,495,936,TP_RECOVERY,,637,1183741935,58236165,87.87
1786507381,stage4,1984,2048,512,768,0,768,5201,0,0,11,168,332,resize_cooldown,31,0,0,1,0,0,32,true,513.810,513.810,0.000000,false,false,0.000000,0,0,495,495,936,TP_RECOVERY,,669,1183750783,58237398,87.77
1786507382,stage4,1984,2048,512,768,0,768,5201,0,0,11,168,332,resize_cooldown,31,0,0,1,0,0,32,true,537.768,537.768,0.000000,false,false,0.000000,0,0,495,495,936,TP_RECOVERY,,718,1183760402,58238789,87.37
1786507383,stage4,1984,2048,512,768,0,768,5201,0,0,11,168,332,resize_cooldown,31,0,0,1,0,0,32,true,537.768,562.952,0.000000,false,false,0.000000,0,0,495,495,936,TP_RECOVERY,,754,1183770525,58240237,87.49
1786507384,stage4,1984,2048,512,768,0,768,5201,0,0,11,168,332,resize_cooldown,31,0,0,1,0,0,32,true,569.439,569.439,0.000000,false,false,0.000000,0,0,495,495,936,TP_RECOVERY,,777,1183780910,58241708,87.59
1786507385,stage4,1984,2048,512,768,0,768,5201,0,0,11,168,332,resize_cooldown,31,0,0,1,0,0,32,true,590.530,590.530,0.000000,false,false,0.000000,0,0,495,495,936,TP_RECOVERY,,656,1183789710,58242959,87.55
1786507386,stage4,1984,2048,512,768,0,768,5201,0,0,11,168,332,resize_cooldown,31,0,0,1,0,0,32,true,593.755,593.755,0.000000,false,false,0.000000,0,0,495,495,936,TP_RECOVERY,,1064,1183804149,58244963,87.81
1786507387,stage4,1984,2048,512,768,0,768,5201,0,0,11,168,332,resize_cooldown,31,0,0,1,0,0,32,true,599.995,599.995,0.000000,false,false,0.000000,0,0,495,495,936,TP_RECOVERY,,729,1183813892,58246399,87.15
1786507388,stage4,1984,2048,512,768,0,768,5201,0,0,11,168,332,resize_cooldown,31,0,0,1,0,0,32,true,603.934,603.934,0.000000,false,false,0.000000,0,0,495,495,936,TP_RECOVERY,,738,1183823688,58247827,87.28
1786507389,stage4,1984,2048,512,768,0,768,5201,0,0,11,168,332,resize_cooldown,31,0,0,1,0,0,32,true,612.851,612.851,0.000000,false,false,0.000000,0,0,495,495,936,TP_RECOVERY,,620,1183831961,58249031,87.30
1786507390,stage4,1984,2048,512,768,0,768,5201,0,0,11,168,332,resize_cooldown,31,0,0,1,0,0,32,true,614.504,614.504,0.000000,false,false,0.000000,0,0,495,495,936,TP_RECOVERY,,677,1183841073,58250330,87.52
1786507391,stage4,1984,2048,512,768,0,768,5201,0,0,11,168,332,resize_cooldown,31,0,0,1,0,0,32,true,621.230,621.230,0.000000,false,false,0.000000,0,0,495,495,936,TP_RECOVERY,,732,1183850827,58251751,87.28
1786507393,stage4,1984,2048,512,768,0,768,5201,0,0,11,168,332,resize_cooldown,31,0,0,1,0,0,32,true,630.841,630.841,0.000000,false,false,0.000000,0,0,495,495,936,TP_RECOVERY,,785,1183861285,58253257,87.41
1786507394,stage4,1984,2048,512,768,0,768,5201,0,0,11,168,332,resize_cooldown,31,0,0,1,0,0,32,true,640.250,640.250,0.000000,false,false,0.000000,0,0,495,495,936,TP_RECOVERY,,684,1183870389,58254600,87.14
1786507395,stage4,1984,2048,512,768,0,768,5201,0,0,11,168,332,resize_cooldown,31,0,0,1,0,0,32,true,642.546,642.546,0.000000,false,false,0.000000,0,0,495,495,936,TP_RECOVERY,,629,1183878908,58255776,87.87
1786507396,stage4,1984,2048,512,768,0,768,5201,0,0,11,168,332,resize_cooldown,31,0,0,1,0,0,32,true,650.924,650.924,0.000000,false,false,0.000000,0,0,495,495,936,TP_RECOVERY,,850,1183890294,58257374,87.69
1786507397,stage4,1984,2048,512,768,0,768,5201,0,0,11,168,332,resize_cooldown,31,0,0,1,0,0,32,true,649.908,642.587,0.011265,false,false,0.000000,0,0,495,495,936,TP_RECOVERY,,309,1183894318,58257960,87.29
1786507398,stage4,1984,2048,512,768,0,768,5201,0,0,11,168,332,resize_cooldown,31,0,0,1,0,0,32,true,649.627,647.095,0.003898,false,false,0.000000,0,0,495,495,936,TP_RECOVERY,,451,1184269126,58268147,97.35
1786507399,stage4,1984,2048,512,768,0,768,5201,0,0,11,168,332,resize_cooldown,31,0,0,1,0,0,32,true,649.627,647.095,0.003898,false,false,0.000000,0,0,495,495,936,TP_RECOVERY,,330,1184273438,58268745,87.82
1786507400,stage4,1984,2048,512,768,0,768,5201,0,0,11,168,332,resize_cooldown,31,0,0,1,0,0,32,true,649.072,644.076,0.007696,false,false,0.000000,0,0,495,495,936,TP_RECOVERY,,351,1184277986,58269402,87.38
1786507401,stage4,1984,2048,512,768,0,768,5201,0,0,11,168,332,resize_cooldown,31,0,0,1,0,0,32,true,647.093,632.829,0.022043,false,false,0.000000,0,0,495,495,936,TP_RECOVERY,,454,1184283961,58270260,87.44
1786507402,stage4,1984,2048,512,768,0,768,5201,0,0,11,168,332,resize_cooldown,31,0,0,1,0,0,32,true,644.978,625.942,0.029514,false,false,0.000000,0,0,495,495,936,TP_RECOVERY,,684,1184293055,58271572,87.39
1786507403,stage4,1984,2048,512,768,0,768,5201,0,0,11,168,332,resize_cooldown,31,0,0,1,0,0,32,true,641.522,610.419,0.048483,false,false,0.000000,0,0,495,495,936,TP_RECOVERY,,318,1184297026,58272154,87.22
1786507405,stage4,1984,2048,512,768,0,768,5201,0,0,11,168,332,resize_cooldown,31,0,0,1,0,0,32,true,636.285,589.149,0.074080,false,false,0.000000,0,0,495,495,936,TP_RECOVERY,,29,1184297250,58272159,97.82
1786507406,stage4,1984,2048,512,768,0,768,5201,0,0,11,168,332,resize_cooldown,31,0,0,1,0,0,32,true,629.838,571.821,0.092115,false,false,0.000000,0,0,495,495,936,TP_RECOVERY,,18,1184297302,58272162,94.55
1786507407,stage4,1984,2048,512,768,0,768,5201,0,0,11,168,332,resize_cooldown,31,0,0,1,0,0,32,true,621.943,550.884,0.114254,false,false,0.000000,0,0,495,495,936,TP_RECOVERY,,25,1184297525,58272166,98.24
1786507408,stage4,1984,2048,512,768,0,768,5201,0,0,11,168,332,resize_cooldown,31,0,0,1,0,0,32,true,621.943,550.884,0.114254,false,false,0.000000,0,0,495,495,936,TP_RECOVERY,,18,1184297548,58272166,100.00
1786507409,stage4,1984,2048,512,768,0,768,5201,0,0,11,168,332,resize_cooldown,31,0,0,1,0,0,32,true,621.943,550.884,0.114254,false,false,0.000000,0,0,495,495,936,TP_RECOVERY,,18,1184297599,58272170,92.73
1786507410,stage4,1984,2048,512,768,0,768,5201,0,0,11,168,332,resize_cooldown,31,0,0,1,0,0,32,true,621.943,550.884,0.114254,false,false,0.000000,0,0,495,495,936,TP_RECOVERY,,23,1184297794,58272170,100.00
1786507411,stage4,1984,2048,512,768,0,768,5201,0,0,11,168,332,resize_cooldown,31,0,0,1,0,0,32,true,621.943,550.884,0.114254,false,false,0.000000,0,0,495,495,936,TP_RECOVERY,,20,1184297845,58272173,94.44
1786507412,stage4,1984,2048,512,768,0,768,5201,0,0,11,168,332,resize_cooldown,31,0,0,1,0,0,32,true,621.943,550.884,0.114254,false,false,0.000000,0,0,495,495,936,TP_RECOVERY,,16,1184297867,58272173,100.00
1786507413,stage4,1984,2048,512,768,0,768,5201,0,0,11,168,332,resize_cooldown,31,0,0,1,0,0,32,true,609.413,496.640,0.185052,false,false,0.000000,0,0,495,495,936,TP_RECOVERY,,25,1184298091,58272175,99.12
1786507414,stage4,1984,2048,512,768,0,768,5201,0,0,11,168,332,resize_cooldown,31,0,0,1,0,0,32,true,609.413,496.640,0.185052,false,false,0.000000,0,0,495,495,936,TP_RECOVERY,,21,1184298167,58272183,90.48
1786507415,stage4,1984,2048,512,768,0,768,5201,0,0,11,168,332,resize_cooldown,31,0,0,1,0,0,32,true,609.413,496.640,0.185052,false,false,0.000000,0,0,495,495,936,TP_RECOVERY,,23,1184298249,58272189,93.18
1786507416,stage5,1984,2048,512,768,0,768,5201,0,0,11,168,332,resize_cooldown,31,0,0,1,0,0,32,true,592.083,436.116,0.263420,false,false,0.000000,0,0,495,495,936,TP_RECOVERY,,172,1184299560,58272234,96.68
1786507418,stage5,1984,2048,512,768,0,768,5201,0,0,11,168,332,resize_cooldown,31,0,0,1,0,0,32,true,574.034,411.599,0.282972,false,false,0.000000,0,0,495,495,936,TP_RECOVERY,,19,1184299688,58272234,100.00
1786507419,stage5,1984,2048,512,768,0,768,5201,0,0,11,168,332,resize_cooldown,31,0,0,1,0,0,32,true,554.623,379.920,0.314994,true,false,0.000000,0,0,495,495,938,TP_RECOVERY,,16,1184299711,58272234,100.00
1786507420,stage5,1984,2048,512,768,0,768,5201,0,0,11,168,332,resize_cooldown,31,0,0,1,0,0,32,true,534.056,348.953,0.346599,true,false,0.000000,0,0,495,495,940,TP_RECOVERY,,25,1184299907,58272234,100.00
1786507421,stage5,1984,2048,512,768,0,768,5201,0,0,11,168,332,resize_cooldown,31,0,0,1,0,0,32,true,513.088,324.371,0.367806,true,false,0.000000,0,0,495,495,942,TP_RECOVERY,,16,1184299929,58272234,100.00
1786507422,stage5,1984,2048,512,768,0,768,5201,0,0,11,168,332,resize_cooldown,31,0,0,1,0,0,32,true,488.742,269.637,0.448305,true,false,0.000000,0,0,495,495,944,TP_RECOVERY,,23,1184300124,58272234,100.00
1786507423,stage5,1984,2048,512,768,0,768,5201,0,0,11,168,332,resize_cooldown,31,0,0,1,0,0,32,true,463.340,234.720,0.493417,true,false,0.000000,0,0,495,495,946,TP_RECOVERY,,18,1184300147,58272234,100.00
1786507424,stage5,1984,2048,512,768,0,768,5201,0,0,11,168,332,resize_cooldown,31,0,0,1,0,0,32,true,437.795,207.892,0.525139,true,false,0.000000,0,0,495,495,948,TP_RECOVERY,,16,1184300169,58272234,100.00
1786507425,stage5,1984,2048,512,768,0,768,5201,0,0,11,168,332,resize_cooldown,31,0,0,1,0,0,32,true,411.324,173.080,0.579213,true,false,0.000000,0,0,495,495,950,TP_RECOVERY,,23,1184300364,58272234,100.00
1786507426,stage5,1984,2048,512,768,0,768,5201,0,0,11,168,332,resize_cooldown,31,0,0,1,0,0,32,true,385.466,152.745,0.603739,true,false,0.000000,0,0,495,495,952,TP_RECOVERY,,18,1184300387,58272234,100.00
1786507427,stage5,1984,2048,512,768,0,768,5201,0,0,11,168,332,resize_cooldown,31,0,0,1,0,0,32,true,360.744,138.245,0.616779,true,false,0.000000,0,0,495,495,954,TP_RECOVERY,,16,1184300409,58272234,100.00
1786507428,stage5,1984,2048,512,768,0,768,5201,0,0,11,168,332,resize_cooldown,31,0,0,1,0,0,32,true,360.744,112.021,0.000000,false,false,0.000000,0,0,495,495,954,TP_RECOVERY,,17,1184300598,58272234,100.00
1786507429,stage5,1984,2048,512,768,0,768,5201,0,0,11,168,332,resize_cooldown,31,0,0,1,0,0,32,true,335.453,107.837,0.678533,true,false,0.000000,0,0,495,495,956,TP_RECOVERY,,18,1184300621,58272234,100.00
1786507430,stage5,1984,2048,512,768,0,768,5201,0,0,11,168,332,resize_cooldown,31,0,0,1,0,0,32,true,312.187,102.792,0.670737,true,false,0.000000,0,0,495,495,958,TP_RECOVERY,,18,1184300645,58272234,100.00
1786507432,stage5,1984,2048,512,768,0,768,5201,0,0,11,168,332,resize_cooldown,31,0,0,1,0,0,32,true,288.521,75.523,0.738239,true,false,0.000000,0,0,495,495,960,TP_RECOVERY,,25,1184300841,58272234,100.00
1786507433,stage5,1984,2048,512,768,0,768,5201,0,0,11,168,332,resize_cooldown,31,0,0,1,0,0,32,true,265.911,62.427,0.765234,true,false,0.000000,0,0,495,495,962,TP_RECOVERY,,16,1184300863,58272234,100.00
1786507434,stage5,1984,2048,512,768,0,768,5201,0,0,11,168,332,resize_cooldown,31,0,0,1,0,0,32,true,242.333,30.133,0.875657,true,false,0.000000,0,0,495,495,964,TP_RECOVERY,,58,1184368649,58602014,17.05
1786507435,stage5,1984,2048,512,768,0,768,5201,0,0,11,168,332,resize_cooldown,31,0,0,1,0,0,32,true,221.108,30.084,0.863939,true,false,0.000000,0,0,495,495,966,TP_RECOVERY,,18,1184368672,58602014,100.00
1786507436,stage5,1984,2048,512,768,0,768,5201,0,0,11,168,332,resize_cooldown,31,0,0,1,0,0,32,true,201.997,29.989,0.851535,true,false,0.000000,0,0,495,495,968,TP_RECOVERY,,16,1184368694,58602014,100.00
1786507437,stage5,1984,2048,512,768,0,768,5201,0,0,11,168,332,resize_cooldown,31,0,0,1,0,0,32,true,201.997,29.943,0.000000,false,false,0.000000,0,0,495,495,968,TP_RECOVERY,,25,1184368894,58602014,100.00
1786507438,stage5,1984,2048,512,768,0,768,5201,0,0,11,168,332,resize_cooldown,31,0,0,1,0,0,32,true,201.997,68.279,0.000000,false,false,0.000000,0,0,495,495,968,TP_RECOVERY,,1553,1184558171,58828572,45.52
1786507439,stage5,1984,2048,512,768,0,768,5201,0,0,11,168,332,resize_cooldown,31,0,0,1,0,0,32,true,201.997,164.102,0.000000,false,false,0.000000,0,0,495,495,968,TP_RECOVERY,,2277,1184581501,58832568,85.38
1786507440,stage5,1984,2048,512,768,0,768,5201,0,0,11,168,332,resize_cooldown,31,0,0,1,0,0,32,true,201.997,285.598,0.000000,false,false,0.000000,0,0,495,495,968,TP_RECOVERY,,3097,1184613643,58837808,85.98
1786507441,stage5,1984,2048,512,768,0,768,5201,0,0,11,168,332,resize_cooldown,31,0,0,1,0,0,32,true,201.997,360.162,0.000000,false,false,0.000000,0,0,495,495,968,TP_RECOVERY,,2179,1184636180,58841465,86.04
1786507442,stage5,1984,2048,512,768,0,768,5201,0,0,11,168,332,resize_cooldown,31,0,0,1,0,0,32,true,201.997,468.154,0.000000,false,false,0.000000,0,0,495,495,968,TP_RECOVERY,,3149,1184669131,58846611,86.49
1786507443,stage5,1984,2048,512,768,0,768,5201,0,0,11,168,332,resize_cooldown,31,0,0,1,0,0,32,true,567.310,567.310,0.000000,false,false,0.000000,0,0,495,495,968,TP_RECOVERY,,4943,1184721115,58854533,86.78
1786507444,stage5,1984,2048,512,768,0,768,5201,0,0,11,168,332,resize_cooldown,31,0,0,1,0,0,32,true,567.310,692.822,0.000000,false,false,0.000000,0,0,495,495,968,TP_RECOVERY,,2717,1184749761,58858736,87.21
1786507446,stage5,1984,2048,512,768,0,768,5201,0,0,11,168,332,resize_cooldown,31,0,0,1,0,0,32,true,567.310,751.434,0.000000,false,false,0.000000,0,0,495,495,968,TP_RECOVERY,,3115,1184782621,58863651,86.99
1786507447,stage5,1984,2048,512,768,0,768,5201,0,0,11,168,332,resize_cooldown,31,0,0,1,0,0,32,true,839.800,839.800,0.000000,false,false,0.000000,0,0,495,495,968,TP_RECOVERY,,3307,1184817958,58868739,87.41
1786507448,stage5,1984,2048,512,768,0,768,5201,0,0,11,168,332,resize_cooldown,31,0,0,1,0,0,32,true,1067.275,1067.275,0.000000,false,false,0.000000,0,0,495,495,968,TP_RECOVERY,,3509,1184855260,58874007,87.63
1786507449,stage5,1984,2048,512,768,0,768,5201,0,0,11,168,332,resize_cooldown,31,0,0,1,0,0,32,true,1161.615,1161.615,0.000000,false,false,0.000000,0,0,495,495,968,TP_RECOVERY,,2694,1184883849,58878142,87.36
1786507450,stage5,1984,2048,512,768,0,768,5201,0,0,11,168,332,resize_cooldown,31,0,0,1,0,0,32,true,1269.243,1269.243,0.000000,false,false,0.000000,0,0,495,495,968,TP_RECOVERY,,3264,1184918787,58883054,87.67
1786507451,stage5,1984,2048,512,768,0,768,5201,0,0,11,168,332,resize_cooldown,31,0,0,1,0,0,32,true,1269.243,1377.278,0.000000,false,false,0.000000,0,0,495,495,968,TP_RECOVERY,,3305,1184954343,58887905,87.99
1786507452,stage5,1984,2048,512,768,0,768,5201,0,0,11,168,332,resize_cooldown,31,0,0,1,0,0,32,true,1441.050,1441.050,0.000000,false,false,0.000000,0,0,495,495,968,TP_RECOVERY,,4275,1185000434,58894276,87.86
1786507453,stage5,1984,2048,512,768,0,768,5201,0,0,11,168,332,resize_cooldown,31,0,0,1,0,0,32,true,1516.987,1516.987,0.000000,false,false,0.000000,0,0,495,495,968,TP_RECOVERY,,2842,1185030943,58898515,87.80
1786507454,stage5,1984,2048,512,768,0,768,5201,0,0,11,168,332,resize_cooldown,31,0,0,1,0,0,32,true,1622.102,1622.102,0.000000,false,false,0.000000,0,0,495,495,968,TP_RECOVERY,,2565,1185058541,58902459,87.50
1786507455,stage5,1984,2048,512,768,0,768,5201,0,0,11,168,332,resize_cooldown,31,0,0,1,0,0,32,true,1644.042,1644.042,0.000000,false,false,0.000000,0,0,495,495,968,TP_RECOVERY,,575,1185064521,58903252,88.29
1786507456,stage5,1984,2048,512,768,0,768,5201,0,0,11,168,332,resize_cooldown,31,0,0,1,0,0,32,true,1719.053,1719.053,0.000000,false,false,0.000000,0,0,495,495,968,TP_RECOVERY,,2626,1185092790,58907094,88.04
1786507457,stage5,1984,2048,512,768,0,768,5201,0,0,11,168,332,resize_cooldown,31,0,0,1,0,0,32,true,1811.666,1811.666,0.000000,false,false,0.000000,0,0,495,495,968,TP_RECOVERY,,3874,1185135192,58912875,88.00
1786507458,stage5,1984,2048,512,768,0,768,5201,0,0,11,168,332,resize_cooldown,31,0,0,1,0,0,32,true,1911.119,1911.119,0.000000,false,false,0.000000,0,0,495,495,968,TP_RECOVERY,,3179,1185169654,58917488,88.19
1786507459,stage5,1984,2048,512,768,0,768,5201,0,0,11,168,332,resize_cooldown,31,0,0,1,0,0,32,true,2014.845,2014.845,0.000000,false,false,0.000000,0,0,495,495,968,TP_RECOVERY,,2878,1185200901,58921658,88.23
1786507460,stage5,1984,2048,512,768,0,768,5201,0,0,11,168,332,resize_cooldown,31,0,0,1,0,0,32,true,2159.979,2159.979,0.000000,false,false,0.000000,0,0,495,495,968,TP_RECOVERY,,2125,1185223960,58924729,88.25
1786507462,stage5,1984,2048,512,768,0,768,5201,0,0,11,168,332,resize_cooldown,31,0,0,1,0,0,32,true,2265.345,2265.345,0.000000,false,false,0.000000,0,0,495,495,968,TP_RECOVERY,,3141,1185258247,58929315,88.20
1786507463,stage5,1984,2048,512,768,0,768,5201,0,0,11,168,332,resize_cooldown,31,0,0,1,0,0,32,true,2265.345,2370.620,0.000000,false,false,0.000000,0,0,495,495,968,TP_RECOVERY,,1884,1185278545,58931939,88.55
1786507464,stage5,1984,2048,512,768,0,768,5201,0,0,11,168,332,resize_cooldown,31,0,0,1,0,0,32,true,2396.923,2396.923,0.000000,false,false,0.000000,0,0,495,495,968,TP_RECOVERY,,4435,1185327198,58938486,88.14
1786507465,stage5,1984,2048,512,768,0,768,5201,0,0,11,168,332,resize_cooldown,31,0,0,1,0,0,32,true,2473.767,2473.767,0.000000,false,false,0.000000,0,0,495,495,968,TP_RECOVERY,,2646,1185356100,58942292,88.36
1786507466,stage5,1984,2048,512,768,0,768,5201,0,0,11,168,332,resize_cooldown,31,0,0,1,0,0,32,true,2573.585,2573.585,0.000000,false,false,0.000000,0,0,495,495,968,TP_RECOVERY,,2994,1185388983,58946610,88.39
1786507467,stage5,1984,2048,512,768,0,768,5201,0,0,11,168,332,resize_cooldown,31,0,0,1,0,0,32,true,2669.769,2669.769,0.000000,false,false,0.000000,0,0,495,495,968,TP_RECOVERY,,3622,1185428748,58952009,88.05
1786507468,stage5,1984,2048,512,768,0,768,5201,0,0,11,168,332,resize_cooldown,31,0,0,1,0,0,32,true,2748.714,2748.714,0.000000,false,false,0.000000,0,0,495,495,968,TP_RECOVERY,,1961,1185450441,58954863,88.37
1786507469,stage5,1984,2048,512,768,0,768,5201,0,0,11,168,332,resize_cooldown,31,0,0,1,0,0,32,true,2790.933,2790.933,0.000000,false,false,0.000000,0,0,495,495,968,TP_RECOVERY,,3079,1185484330,58959351,88.31
1786507470,stage5,1984,2048,512,768,0,768,5201,0,0,11,168,332,resize_cooldown,31,0,0,1,0,0,32,true,2817.554,2817.554,0.000000,false,false,0.000000,0,0,495,495,968,TP_RECOVERY,,3080,1185518533,58963874,88.32
1786507471,stage5,1984,2048,512,768,0,768,5201,0,0,11,168,332,resize_cooldown,31,0,0,1,0,0,32,true,2818.267,2818.267,0.000000,false,false,0.000000,0,0,495,495,968,TP_RECOVERY,,3045,1185552055,58968201,88.57
1786507472,stage5,1984,2048,512,768,0,768,5201,0,0,11,168,332,resize_cooldown,31,0,0,1,0,0,32,true,2823.393,2823.393,0.000000,false,false,0.000000,0,0,495,495,968,TP_RECOVERY,,2380,1185578112,58971530,88.67
1786507473,stage5,1984,2048,512,768,0,768,5201,0,0,11,168,332,resize_cooldown,31,0,0,1,0,0,32,true,2820.124,2790.704,0.010432,false,false,0.000000,0,0,495,495,968,TP_RECOVERY,,2017,1185600452,58974475,88.35
1786507474,stage5,1984,2048,512,768,0,768,5201,0,0,11,168,332,resize_cooldown,31,0,0,1,0,0,32,true,2814.795,2766.839,0.017037,false,false,0.000000,0,0,495,495,968,TP_RECOVERY,,2435,1185627350,58978015,88.37
1786507475,stage5,1984,2048,512,768,0,768,5201,0,0,11,168,332,resize_cooldown,31,0,0,1,0,0,32,true,2805.791,2724.753,0.028883,false,false,0.000000,0,0,495,495,968,TP_RECOVERY,,2324,1185652804,58981388,88.30
1786507476,stage5,1984,2048,512,768,0,768,5201,0,0,11,168,332,resize_cooldown,31,0,0,1,0,0,32,true,2798.164,2729.524,0.024531,false,false,0.000000,0,0,495,495,968,TP_RECOVERY,,2902,1185685343,58985567,88.62
1786507478,stage5,1984,2048,512,768,0,768,5201,0,0,11,168,332,resize_cooldown,31,0,0,1,0,0,32,true,2788.567,2702.190,0.030975,false,false,0.000000,0,0,495,495,968,TP_RECOVERY,,3024,1185718882,58989923,88.51
1786507479,stage5,1984,2048,512,768,0,768,5201,0,0,11,168,332,resize_cooldown,31,0,0,1,0,0,32,true,2778.605,2688.948,0.032267,false,false,0.000000,0,0,495,495,968,TP_RECOVERY,,3002,1185752307,58994229,88.59
1786507480,stage5,1984,2048,512,768,0,768,5201,0,0,11,168,332,resize_cooldown,31,0,0,1,0,0,32,true,2755.576,2643.033,0.040842,false,false,0.000000,0,0,495,495,968,TP_RECOVERY,,2006,1185774649,58997120,88.54
1786507481,stage5,1984,2048,512,768,0,768,5201,0,0,11,168,332,resize_cooldown,31,0,0,1,0,0,32,true,2741.218,2611.992,0.047142,false,false,0.000000,0,0,495,495,968,TP_RECOVERY,,2634,1185804360,59000850,88.85
1786507482,stage5,1984,2048,512,768,0,768,5201,0,0,11,168,332,resize_cooldown,31,0,0,1,0,0,32,true,2725.129,2580.331,0.053135,false,false,0.000000,0,0,495,495,968,TP_RECOVERY,,2625,1185833650,59004692,88.40
1786507483,stage5,1984,2048,512,768,0,768,5201,0,0,11,168,332,resize_cooldown,31,0,0,1,0,0,32,true,2725.129,2580.331,0.053135,false,false,0.000000,0,0,495,495,968,TP_RECOVERY,,2824,1185865426,59008715,88.76
1786507484,stage5,1984,2048,512,768,0,768,5201,0,0,11,168,332,resize_cooldown,31,0,0,1,0,0,32,true,2688.764,2518.912,0.063171,false,false,0.000000,0,0,495,495,968,TP_RECOVERY,,2212,1185890502,59011805,89.03
1786507485,stage5,1984,2048,512,768,0,768,5201,0,0,11,168,332,resize_cooldown,31,0,0,1,0,0,32,true,2678.062,2581.745,0.035965,false,false,0.000000,0,0,495,495,968,TP_RECOVERY,,2509,1185918859,59015389,88.78
1786507486,stage5,1984,2048,512,768,0,768,5201,0,0,11,168,332,resize_cooldown,31,0,0,1,0,0,32,true,2670.036,2597.799,0.027055,false,false,0.000000,0,0,495,495,968,TP_RECOVERY,,2730,1185949795,59019211,89.00
1786507487,stage5,1984,2048,512,768,0,768,5201,0,0,11,168,332,resize_cooldown,31,0,0,1,0,0,32,true,2658.768,2557.352,0.038144,false,false,0.000000,0,0,495,495,968,TP_RECOVERY,,1749,1185969520,59021663,88.94
1786507488,stage5,1984,2048,512,768,0,768,5201,0,0,11,168,332,resize_cooldown,31,0,0,1,0,0,32,true,2647.636,2547.452,0.037839,false,false,0.000000,0,0,495,495,968,TP_RECOVERY,,3007,1186003605,59025842,89.08
1786507489,stage5,1984,2048,512,768,0,768,5201,0,0,11,168,332,resize_cooldown,31,0,0,1,0,0,32,true,2647.636,2534.963,0.000000,false,false,0.000000,0,0,495,495,968,TP_RECOVERY,,2835,1186035429,59029844,88.83
1786507490,stage5,1984,2048,512,768,0,768,5201,0,0,11,168,332,resize_cooldown,31,0,0,1,0,0,32,true,2637.782,2549.093,0.033623,false,false,0.000000,0,0,495,495,968,TP_RECOVERY,,2996,1186069713,59034101,88.95
1786507491,stage5,1984,2048,512,768,0,768,5201,0,0,11,168,332,resize_cooldown,31,0,0,1,0,0,32,true,2628.280,2542.765,0.032537,false,false,0.000000,0,0,495,495,968,TP_RECOVERY,,2089,1186106107,59055210,63.29
1786507493,stage5,1984,2048,512,768,0,768,5201,0,0,11,168,332,resize_cooldown,31,0,0,1,0,0,32,true,2619.058,2536.061,0.031690,false,false,0.000000,0,0,495,495,968,TP_RECOVERY,,2988,1186140196,59059441,88.96
1786507494,stage5,1984,2048,512,768,0,768,5201,0,0,11,168,332,resize_cooldown,31,0,0,1,0,0,32,true,2610.457,2533.043,0.029655,false,false,0.000000,0,0,495,495,968,TP_RECOVERY,,3101,1186175414,59063754,89.09
1786507495,stage5,1984,2048,512,768,0,768,5201,0,0,11,168,332,resize_cooldown,31,0,0,1,0,0,32,true,2602.293,2528.818,0.028235,false,false,0.000000,0,0,495,495,968,TP_RECOVERY,,2806,1186207877,59067467,89.74
1786507496,stage5,1984,2048,512,768,0,768,5201,0,0,11,168,332,resize_cooldown,31,0,0,1,0,0,32,true,2594.544,2524.807,0.026878,false,false,0.000000,0,0,495,495,968,TP_RECOVERY,,3968,1186253383,59073073,89.03
1786507497,stage5,1984,2048,512,768,0,768,5201,0,0,11,168,332,resize_cooldown,31,0,0,1,0,0,32,true,2587.576,2524.859,0.024238,false,false,0.000000,0,0,495,495,968,TP_RECOVERY,,3017,1186287702,59077092,89.52
1786507498,stage5,1984,2048,512,768,0,768,5201,0,0,11,168,332,resize_cooldown,31,0,0,1,0,0,32,true,2581.669,2528.510,0.020591,false,false,0.000000,0,0,495,495,968,TP_RECOVERY,,2928,1186321599,59081031,89.59
1786507499,stage5,1984,2048,512,768,0,768,5201,0,0,11,168,332,resize_cooldown,31,0,0,1,0,0,32,true,2576.787,2532.852,0.017050,false,false,0.000000,0,0,495,495,968,TP_RECOVERY,,2073,1186345685,59083794,89.71
1786507500,stage5,1984,2048,512,768,0,768,5201,0,0,11,168,332,resize_cooldown,31,0,0,1,0,0,32,true,2572.232,2531.234,0.015939,false,false,0.000000,0,0,495,495,968,TP_RECOVERY,,3093,1186381493,59088100,89.27
1786507501,stage5,1984,2048,512,768,0,768,5201,0,0,11,168,332,resize_cooldown,31,0,0,1,0,0,32,true,2572.232,2528.077,0.000000,false,false,0.000000,0,0,495,495,968,TP_RECOVERY,,3035,1186417114,59092153,89.78
1786507502,stage5,1984,2048,512,768,0,768,5201,0,0,11,168,332,resize_cooldown,31,0,0,1,0,0,32,true,2569.580,2545.715,0.009288,false,false,0.000000,0,0,495,495,968,TP_RECOVERY,,2495,1186446189,59095586,89.44
1786507503,stage5,1984,2048,512,768,0,768,5201,0,0,11,168,332,resize_cooldown,31,0,0,1,0,0,32,true,2567.299,2546.771,0.007996,false,false,0.000000,0,0,495,495,968,TP_RECOVERY,,2817,1186479233,59099420,89.60
1786507504,stage5,1984,2048,512,768,0,768,5201,0,0,11,168,332,resize_cooldown,31,0,0,1,0,0,32,true,2566.652,2562.908,0.001458,false,false,0.000000,0,0,495,495,968,TP_RECOVERY,,4015,1186526343,59104961,89.48
1786507506,stage5,1984,2048,512,768,0,768,5201,0,0,11,168,332,resize_cooldown,31,0,0,1,0,0,32,true,2586.791,2586.791,0.000000,false,false,0.000000,0,0,495,495,968,TP_RECOVERY,,2971,1186561448,59108979,89.73
1786507507,stage5,1984,2048,512,768,0,768,5201,0,0,11,168,332,resize_cooldown,31,0,0,1,0,0,32,true,2585.354,2572.415,0.005005,false,false,0.000000,0,0,495,495,968,TP_RECOVERY,,2047,1186585590,59111810,89.50
1786507508,stage5,1984,2048,512,768,0,768,5201,0,0,11,168,332,resize_cooldown,31,0,0,1,0,0,32,true,2586.391,2586.391,0.000000,false,false,0.000000,0,0,495,495,968,TP_RECOVERY,,2955,1186620160,59115868,89.49
1786507509,stage5,1984,2048,512,768,0,768,5201,0,0,11,168,332,resize_cooldown,31,0,0,1,0,0,32,true,2586.363,2586.117,0.000095,false,false,0.000000,0,0,495,495,968,TP_RECOVERY,,3018,1186655960,59120019,89.61
1786507510,stage5,1984,2048,512,768,0,768,5201,0,0,11,168,332,resize_cooldown,31,0,0,1,0,0,32,true,2583.925,2561.983,0.008492,false,false,0.000000,0,0,495,495,968,TP_RECOVERY,,2202,1186682080,59123004,89.74
1786507511,stage5,1984,2048,512,768,0,768,5201,0,0,11,168,332,resize_cooldown,31,0,0,1,0,0,32,true,2593.661,2593.661,0.000000,false,false,0.000000,0,0,495,495,968,TP_RECOVERY,,2773,1186714947,59126851,89.52
1786507512,stage5,1984,2048,512,768,0,768,5201,0,0,11,168,332,resize_cooldown,31,0,0,1,0,0,32,true,2611.373,2611.373,0.000000,false,false,0.000000,0,0,495,495,968,TP_RECOVERY,,4244,1186765549,59132571,89.84
1786507513,stage5,1984,2048,512,768,0,768,5201,0,0,11,168,332,resize_cooldown,31,0,0,1,0,0,32,true,2633.117,2633.117,0.000000,false,false,0.000000,0,0,495,495,968,TP_RECOVERY,,2478,1186794699,59135929,89.67
1786507514,stage5,1984,2048,512,768,0,768,5201,0,0,11,168,332,resize_cooldown,31,0,0,1,0,0,32,true,2638.396,2638.396,0.000000,false,false,0.000000,0,0,495,495,968,TP_RECOVERY,,2771,1186827499,59139795,89.46
1786507515,stage5,1984,2048,512,768,0,768,5201,0,0,11,168,332,resize_cooldown,31,0,0,1,0,0,32,true,2654.098,2654.098,0.000000,false,false,0.000000,0,0,495,495,968,TP_RECOVERY,,2466,1186856957,59143155,89.76
1786507516,stage5,1984,2048,512,768,0,768,5201,0,0,11,168,332,resize_cooldown,31,0,0,1,0,0,32,true,2652.820,2641.320,0.004335,false,false,0.000000,0,0,495,495,968,TP_RECOVERY,,2247,1186883759,59146185,89.84
1786507517,stage5,1984,2048,512,768,0,768,5201,0,0,11,168,332,resize_cooldown,31,0,0,1,0,0,32,true,2649.993,2624.546,0.009603,false,false,0.000000,0,0,495,495,968,TP_RECOVERY,,2267,1186910858,59149277,89.76
1786507518,stage5,1984,2048,512,768,0,768,5201,0,0,11,168,332,resize_cooldown,31,0,0,1,0,0,32,true,2671.174,2671.174,0.000000,false,false,0.000000,0,0,495,495,968,TP_RECOVERY,,2831,1186944933,59153243,89.57
1786507520,stage5,1984,2048,512,768,0,768,5201,0,0,11,168,332,resize_cooldown,31,0,0,1,0,0,32,true,2668.797,2647.396,0.008019,false,false,0.000000,0,0,495,495,968,TP_RECOVERY,,2606,1186976006,59156794,89.74
1786507521,stage5,1984,2048,512,768,0,768,5201,0,0,11,168,332,resize_cooldown,31,0,0,1,0,0,32,true,2667.531,2656.141,0.004270,false,false,0.000000,0,0,495,495,968,TP_RECOVERY,,3109,1187013415,59161019,89.85
1786507522,stage5,1984,2048,512,768,0,768,5201,0,0,11,168,332,resize_cooldown,31,0,0,1,0,0,32,true,2663.649,2628.709,0.013117,false,false,0.000000,0,0,495,495,968,TP_RECOVERY,,1777,1187034838,59163494,89.64
1786507523,stage5,1984,2048,512,768,0,768,5201,0,0,11,168,332,resize_cooldown,31,0,0,1,0,0,32,true,2661.627,2643.432,0.006836,false,false,0.000000,0,0,495,495,968,TP_RECOVERY,,2818,1187068709,59167405,89.65
1786507524,stage5,1984,2048,512,768,0,768,5201,0,0,11,168,332,resize_cooldown,31,0,0,1,0,0,32,true,2660.055,2645.911,0.005318,false,false,0.000000,0,0,495,495,968,TP_RECOVERY,,4419,1187121989,59173377,89.92
1786507525,stage5,1984,2048,512,768,0,768,5201,0,0,11,168,332,resize_cooldown,31,0,0,1,0,0,32,true,2653.630,2610.350,0.016310,false,false,0.000000,0,0,495,495,968,TP_RECOVERY,,2229,1187148799,59176431,89.77
1786507526,stage5,1984,2048,512,768,0,768,5201,0,0,11,168,332,resize_cooldown,31,0,0,1,0,0,32,true,2651.469,2632.017,0.007336,false,false,0.000000,0,0,495,495,968,TP_RECOVERY,,2882,1187183274,59180427,89.61
1786507527,stage5,1984,2048,512,768,0,768,5201,0,0,11,168,332,resize_cooldown,31,0,0,1,0,0,32,true,2648.308,2619.862,0.010741,false,false,0.000000,0,0,495,495,968,TP_RECOVERY,,2801,1187217454,59184367,89.66
1786507528,stage5,1984,2048,512,768,0,768,5201,0,0,11,168,332,resize_cooldown,31,0,0,1,0,0,32,true,2644.535,2610.578,0.012840,false,false,0.000000,0,0,495,495,968,TP_RECOVERY,,2757,1187251327,59188217,89.79
1786507529,stage5,1984,2048,512,768,0,768,5201,0,0,11,168,332,resize_cooldown,31,0,0,1,0,0,32,true,2641.042,2609.599,0.011905,false,false,0.000000,0,0,495,495,968,TP_RECOVERY,,2096,1187276788,59191155,89.65
1786507530,stage5,1984,2048,512,768,0,768,5201,0,0,11,168,332,resize_cooldown,31,0,0,1,0,0,32,true,2637.240,2603.028,0.012973,false,false,0.000000,0,0,495,495,968,TP_RECOVERY,,2848,1187311576,59195104,89.81
1786507531,stage5,1984,2048,512,768,0,768,5201,0,0,11,168,332,resize_cooldown,31,0,0,1,0,0,32,true,2633.472,2599.558,0.012878,false,false,0.000000,0,0,495,495,968,TP_RECOVERY,,2900,1187346953,59199121,89.80
1786507532,stage5,1984,2048,512,768,0,768,5201,0,0,11,168,332,resize_cooldown,31,0,0,1,0,0,32,true,2628.862,2587.373,0.015782,false,false,0.000000,0,0,495,495,968,TP_RECOVERY,,2702,1187380010,59202871,89.81
1786507533,stage5,1984,2048,512,768,0,768,5201,0,0,11,168,332,resize_cooldown,31,0,0,1,0,0,32,true,2623.874,2578.979,0.017110,false,false,0.000000,0,0,495,495,968,TP_RECOVERY,,3255,1187420077,59207548,89.55
1786507534,stage5,1984,2048,512,768,0,768,5201,0,0,11,168,332,resize_cooldown,31,0,0,1,0,0,32,true,2618.932,2574.456,0.016982,false,false,0.000000,0,0,495,495,968,TP_RECOVERY,,1986,1187444919,59210291,90.06
1786507536,stage5,1984,2048,512,768,0,768,5201,0,0,11,168,332,resize_cooldown,31,0,0,1,0,0,32,true,2610.747,2537.080,0.028217,false,false,0.000000,0,0,495,495,968,TP_RECOVERY,,626,1187452023,59211037,90.50
1786507537,stage5,1984,2048,512,768,0,768,5201,0,0,11,168,332,resize_cooldown,31,0,0,1,0,0,32,true,2596.721,2470.494,0.048610,false,false,0.000000,0,0,495,495,968,TP_RECOVERY,,1528,1187843077,59219038,98.00
1786507538,stage5,1984,2048,512,768,0,768,5201,0,0,11,168,332,resize_cooldown,31,0,0,1,0,0,32,true,2584.171,2471.218,0.043710,false,false,0.000000,0,0,495,495,968,TP_RECOVERY,,3633,1187884896,59223765,89.84
1786507539,stage5,1984,2048,512,768,0,768,5201,0,0,11,168,332,resize_cooldown,31,0,0,1,0,0,32,true,2572.770,2470.160,0.039883,false,false,0.000000,0,0,495,495,968,TP_RECOVERY,,2604,1187913085,59227007,89.69
1786507540,stage5,1984,2048,512,768,0,768,5201,0,0,11,168,332,resize_cooldown,31,0,0,1,0,0,32,true,2561.134,2456.413,0.040889,false,false,0.000000,0,0,495,495,968,TP_RECOVERY,,2764,1187943250,59230417,89.84
1786507541,stage5,1984,2048,512,768,0,768,5201,0,0,11,168,332,resize_cooldown,31,0,0,1,0,0,32,true,2552.344,2473.230,0.030997,false,false,0.000000,0,0,495,495,968,TP_RECOVERY,,2201,1187967019,59233197,89.53
1786507542,stage5,1984,2048,512,768,0,768,5201,0,0,11,168,332,resize_cooldown,31,0,0,1,0,0,32,true,2542.229,2451.197,0.035808,false,false,0.000000,0,0,495,495,968,TP_RECOVERY,,2787,1187997219,59236787,89.38
1786507543,stage5,1984,2048,512,768,0,768,5201,0,0,11,168,332,resize_cooldown,31,0,0,1,0,0,32,true,2525.601,2455.634,0.027703,false,false,0.000000,0,0,495,495,968,TP_RECOVERY,,2901,1188028742,59240381,89.77
1786507544,stage5,1984,2048,512,768,0,768,5201,0,0,11,168,332,resize_cooldown,31,0,0,1,0,0,32,true,2520.499,2474.584,0.018217,false,false,0.000000,0,0,495,495,968,TP_RECOVERY,,2914,1188060292,59244073,89.52
1786507545,stage5,1984,2048,512,768,0,768,5201,0,0,11,168,332,resize_cooldown,31,0,0,1,0,0,32,true,2514.460,2460.109,0.021615,false,false,0.000000,0,0,495,495,968,TP_RECOVERY,,2338,1188085576,59247086,89.35
1786507546,stage5,1984,2048,512,768,0,768,5201,0,0,11,168,332,resize_cooldown,31,0,0,1,0,0,32,true,2511.315,2483.014,0.011269,false,false,0.000000,0,0,495,495,968,TP_RECOVERY,,4172,1188130967,59252426,89.47
1786507547,stage5,1984,2048,512,768,0,768,5201,0,0,11,168,332,resize_cooldown,31,0,0,1,0,0,32,true,2509.569,2493.851,0.006263,false,false,0.000000,0,0,495,495,968,TP_RECOVERY,,2629,1188159370,59255777,89.45
1786507548,stage5,1984,2048,512,768,0,768,5201,0,0,11,168,332,resize_cooldown,31,0,0,1,0,0,32,true,2507.538,2489.255,0.007291,false,false,0.000000,0,0,495,495,968,TP_RECOVERY,,2946,1188191429,59259486,89.63
1786507549,stage5,1984,2048,512,768,0,768,5201,0,0,11,168,332,resize_cooldown,31,0,0,1,0,0,32,true,2506.172,2493.880,0.004905,false,false,0.000000,0,0,495,495,968,TP_RECOVERY,,2022,1188213250,59262042,89.51
1786507550,stage5,1984,2048,512,768,0,768,5201,0,0,11,168,332,resize_cooldown,31,0,0,1,0,0,32,true,2503.057,2475.019,0.011201,false,false,0.000000,0,0,495,495,968,TP_RECOVERY,,3052,1188246374,59265891,89.59
1786507552,stage5,1984,2048,512,768,0,768,5201,0,0,11,168,332,resize_cooldown,31,0,0,1,0,0,32,true,2500.873,2481.217,0.007860,false,false,0.000000,0,0,495,495,968,TP_RECOVERY,,1224,1188259686,59267396,89.84
1786507553,stage5,1984,2048,512,768,0,768,5201,0,0,11,168,332,resize_cooldown,31,0,0,1,0,0,32,true,2498.636,2478.506,0.008056,false,false,0.000000,0,0,495,495,968,TP_RECOVERY,,3546,1188298099,59271905,89.49
1786507554,stage5,1984,2048,512,768,0,768,5201,0,0,11,168,332,resize_cooldown,31,0,0,1,0,0,32,true,2494.469,2456.972,0.015032,false,false,0.000000,0,0,495,495,968,TP_RECOVERY,,2740,1188327819,59275378,89.54
1786507555,stage5,1984,2048,512,768,0,768,5201,0,0,11,168,332,resize_cooldown,31,0,0,1,0,0,32,true,2488.035,2430.125,0.023275,false,false,0.000000,0,0,495,495,968,TP_RECOVERY,,712,1188335537,59276237,89.98
1786507556,stage5,1984,2048,512,768,0,768,5201,0,0,11,168,332,resize_cooldown,31,0,0,1,0,0,32,true,2481.298,2420.665,0.024436,false,false,0.000000,0,0,495,495,968,TP_RECOVERY,,2015,1188357228,59278861,89.21
1786507557,stage5,1984,2048,512,768,0,768,5201,0,0,11,168,332,resize_cooldown,31,0,0,1,0,0,32,true,2471.298,2381.295,0.036419,false,false,0.000000,0,0,495,495,968,TP_RECOVERY,,1855,1188377302,59281200,89.56
1786507558,stage5,1984,2048,512,768,0,768,5201,0,0,11,168,332,resize_cooldown,31,0,0,1,0,0,32,true,2471.298,2381.295,0.036419,false,false,0.000000,0,0,495,495,968,TP_RECOVERY,,59,1188377854,59281242,92.93
1786507559,stage5,1984,2048,512,768,0,768,5201,0,0,11,168,332,resize_cooldown,31,0,0,1,0,0,32,true,2429.947,2220.208,0.086314,false,false,0.000000,0,0,495,495,968,TP_RECOVERY,,149,1188378945,59281290,95.79
1786507560,cooldown,1984,2048,512,768,0,768,5201,0,0,11,168,332,resize_cooldown,31,0,0,1,0,0,32,true,2399.278,2123.250,0.115046,false,false,0.000000,0,0,495,495,968,TP_RECOVERY,,14,1188378965,59281290,100.00
1786507561,cooldown,1984,2048,512,768,0,768,5201,0,0,11,168,332,resize_cooldown,31,0,0,1,0,0,32,true,2361.731,2023.810,0.143082,false,false,0.000000,0,0,495,495,968,TP_RECOVERY,,23,1188379159,59281290,100.00
1786507562,cooldown,1984,2048,512,768,0,768,5201,0,0,11,168,332,resize_cooldown,31,0,0,1,0,0,32,true,2318.722,1931.646,0.166935,false,false,0.000000,0,0,495,495,968,TP_RECOVERY,,14,1188379179,59281290,100.00
1786507563,cooldown,1984,2048,512,768,0,768,5201,0,0,11,168,332,resize_cooldown,31,0,0,1,0,0,32,true,2272.883,1860.325,0.181513,false,false,0.000000,0,0,495,495,968,TP_RECOVERY,,14,1188379199,59281290,100.00
1786507564,cooldown,1984,2048,512,768,0,768,5201,0,0,11,168,332,resize_cooldown,31,0,0,1,0,0,32,true,2222.744,1771.499,0.203013,false,false,0.000000,0,0,495,495,968,TP_RECOVERY,,23,1188379393,59281290,100.00
1786507565,cooldown,1984,2048,512,768,0,768,5201,0,0,11,168,332,resize_cooldown,31,0,0,1,0,0,32,true,2173.385,1729.155,0.204395,false,false,0.000000,0,0,495,495,968,TP_RECOVERY,,14,1188379413,59281290,100.00
1786507566,cooldown,1984,2048,512,768,0,768,5201,0,0,11,168,332,resize_cooldown,31,0,0,1,0,0,32,true,2173.385,1699.745,0.000000,false,false,0.000000,0,0,495,495,968,TP_RECOVERY,,14,1188379433,59281290,100.00
1786507567,cooldown,1984,2048,512,768,0,768,5201,0,0,11,168,332,resize_cooldown,31,0,0,1,0,0,32,true,2120.429,1643.818,0.224771,false,false,0.000000,0,0,495,495,968,TP_RECOVERY,,23,1188379627,59281290,100.00
1786507569,cooldown,1984,2048,512,768,0,768,5201,0,0,11,168,332,resize_cooldown,31,0,0,1,0,0,32,true,2065.939,1575.533,0.237377,false,false,0.000000,0,0,495,495,968,TP_RECOVERY,,14,1188379647,59281290,100.00
1786507570,cooldown,1984,2048,512,768,0,768,5201,0,0,11,168,332,resize_cooldown,31,0,0,1,0,0,32,true,2007.343,1479.979,0.262717,false,false,0.000000,0,0,495,495,968,TP_RECOVERY,,21,1188379840,59281290,100.00
1786507571,cooldown,1984,2048,512,768,0,768,5201,0,0,11,168,332,resize_cooldown,31,0,0,1,0,0,32,true,1946.115,1395.067,0.283153,false,false,0.000000,0,0,495,495,968,TP_RECOVERY,,16,1188379861,59281290,100.00
1786507572,cooldown,1984,2048,512,768,0,768,5201,0,0,11,168,332,resize_cooldown,31,0,0,1,0,0,32,true,1881.824,1303.201,0.307480,true,false,0.000000,0,0,495,495,970,TP_RECOVERY,,14,1188379881,59281290,100.00
1786507573,cooldown,1984,2048,512,768,0,768,5201,0,0,11,168,332,resize_cooldown,31,0,0,1,0,0,32,true,1816.904,1232.628,0.321578,true,false,0.000000,0,0,495,495,972,TP_RECOVERY,,21,1188380074,59281290,100.00
1786507574,cooldown,1984,2048,512,768,0,768,5201,0,0,11,168,332,resize_cooldown,31,0,0,1,0,0,32,true,1749.153,1139.393,0.348603,true,false,0.000000,0,0,495,495,974,TP_RECOVERY,,16,1188380095,59281290,100.00
1786507575,cooldown,1984,2048,512,768,0,768,5201,0,0,11,168,332,resize_cooldown,31,0,0,1,0,0,32,true,1678.524,1042.861,0.378704,true,false,0.000000,0,0,495,495,976,TP_RECOVERY,,14,1188380115,59281290,100.00
1786507576,cooldown,1984,2048,512,768,0,768,5201,0,0,11,168,332,resize_cooldown,31,0,0,1,0,0,32,true,1605.485,948.135,0.409440,true,false,0.000000,0,0,495,495,978,TP_RECOVERY,,21,1188380308,59281290,100.00
1786507577,cooldown,1984,2048,512,768,0,768,5201,0,0,11,168,332,resize_cooldown,31,0,0,1,0,0,32,true,1532.147,872.104,0.430796,true,false,0.000000,0,0,495,495,980,TP_RECOVERY,,16,1188380329,59281290,100.00
1786507578,cooldown,1984,2048,512,768,0,768,5201,0,0,11,168,332,resize_cooldown,31,0,0,1,0,0,32,true,1380.577,694.007,0.497306,true,false,0.000000,0,0,495,495,984,TP_RECOVERY,,14,1188380349,59281290,100.00
1786507579,cooldown,1984,2048,512,768,0,768,5201,0,0,11,168,332,resize_cooldown,31,0,0,1,0,0,32,true,1302.372,598.527,0.540433,true,false,0.000000,0,0,495,495,986,TP_RECOVERY,,21,1188380542,59281290,100.00
1786507580,cooldown,1984,2048,512,768,0,768,5201,0,0,11,168,332,resize_cooldown,31,0,0,1,0,0,32,true,1224.917,527.830,0.569089,true,false,0.000000,0,0,495,495,988,TP_RECOVERY,,16,1188380563,59281290,100.00
1786507581,cooldown,1984,2048,512,768,0,768,5201,0,0,11,168,332,resize_cooldown,31,0,0,1,0,0,32,true,1140.554,381.287,0.665700,true,false,0.000000,0,0,495,495,990,TP_RECOVERY,,14,1188380583,59281290,100.00
1786507582,cooldown,1984,2048,512,768,0,768,5201,0,0,11,168,332,resize_cooldown,31,0,0,1,0,0,32,true,1056.422,299.234,0.716748,true,false,0.000000,0,0,495,495,992,TP_RECOVERY,,23,1188380777,59281290,100.00
1786507583,cooldown,1984,2048,512,768,0,768,5201,0,0,11,168,332,resize_cooldown,31,0,0,1,0,0,32,true,972.814,220.341,0.773501,true,false,0.000000,0,0,495,495,994,TP_RECOVERY,,14,1188380797,59281290,100.00
1786507584,cooldown,1984,2048,512,768,0,768,5201,0,0,11,168,332,resize_cooldown,31,0,0,1,0,0,32,true,890.321,147.879,0.833903,true,false,0.000000,0,0,495,495,996,TP_RECOVERY,,14,1188380817,59281290,100.00
1786507585,cooldown,1984,2048,512,768,0,768,5201,0,0,11,168,332,resize_cooldown,31,0,0,1,0,0,32,true,810.142,88.535,0.890717,true,false,0.000000,0,0,495,495,998,TP_RECOVERY,,23,1188381011,59281290,100.00
1786507586,cooldown,1984,2048,512,768,0,768,5201,0,0,11,168,332,resize_cooldown,31,0,0,1,0,0,32,true,810.142,31.711,0.000000,false,false,0.000000,0,0,495,495,998,TP_RECOVERY,,14,1188381031,59281290,100.00
1786507588,cooldown,1984,2048,512,768,0,768,5201,0,0,11,168,332,resize_cooldown,31,0,0,1,0,0,32,true,732.243,31.153,0.957455,true,false,0.000000,0,0,495,495,1000,TP_RECOVERY,,21,1188381224,59281290,100.00
1786507589,cooldown,1984,2048,512,768,0,768,5201,0,0,11,168,332,resize_cooldown,31,0,0,1,0,0,32,true,660.916,18.972,0.971294,true,false,0.000000,0,0,495,495,1002,TP_RECOVERY,,16,1188381245,59281290,100.00
1786507590,cooldown,1984,2048,512,768,0,768,5201,0,0,11,168,332,resize_cooldown,31,0,0,1,0,0,32,true,596.625,18.006,0.969820,true,false,0.000000,0,0,495,495,1004,TP_RECOVERY,,14,1188381265,59281290,100.00
1786507591,cooldown,1984,2048,512,768,0,768,5201,0,0,11,168,332,resize_cooldown,31,0,0,1,0,0,32,true,538.763,18.006,0.966579,true,false,0.000000,0,0,495,495,1006,TP_RECOVERY,,21,1188381458,59281290,100.00
1786507592,cooldown,1984,2048,512,768,0,768,5201,0,0,11,168,332,resize_cooldown,31,0,0,1,0,0,32,true,486.688,18.006,0.963003,true,false,0.000000,0,0,495,495,1008,TP_RECOVERY,,16,1188381479,59281290,100.00
1786507593,cooldown,1984,2048,512,768,0,768,5201,0,0,11,168,332,resize_cooldown,31,0,0,1,0,0,32,true,439.816,17.973,0.959134,true,false,0.000000,0,0,495,495,1010,TP_RECOVERY,,14,1188381499,59281290,100.00
1786507594,cooldown,1984,2048,512,768,0,768,5201,0,0,11,168,332,resize_cooldown,31,0,0,1,0,0,32,true,397.635,18.006,0.954716,true,false,0.000000,0,0,495,495,1012,TP_RECOVERY,,21,1188381692,59281290,100.00
1786507595,cooldown,1984,2048,512,768,0,768,5201,0,0,11,168,332,resize_cooldown,31,0,0,1,0,0,32,true,359.672,18.006,0.949938,true,false,0.000000,0,0,495,495,1014,TP_RECOVERY,,16,1188381713,59281290,100.00
1786507596,cooldown,1984,2048,512,768,0,768,5201,0,0,11,168,332,resize_cooldown,31,0,0,1,0,0,32,true,325.506,18.006,0.944682,true,false,0.000000,0,0,495,495,1016,TP_RECOVERY,,14,1188381733,59281290,100.00
1786507597,cooldown,1984,2048,512,768,0,768,5201,0,0,11,168,332,resize_cooldown,31,0,0,1,0,0,32,true,294.756,18.006,0.938912,true,false,0.000000,0,0,495,495,1018,TP_RECOVERY,,21,1188381926,59281290,100.00
1786507598,cooldown,1984,2048,512,768,0,768,5201,0,0,11,168,332,resize_cooldown,31,0,0,1,0,0,32,true,242.127,17.541,0.927554,true,false,0.000000,0,0,495,495,1022,TP_RECOVERY,,16,1188381947,59281290,100.00
1786507599,cooldown,1984,2048,512,768,0,768,5201,0,0,11,168,332,resize_cooldown,31,0,0,1,0,0,32,true,219.668,17.541,0.920147,true,false,0.000000,0,0,495,495,1024,TP_RECOVERY,,14,1188381967,59281290,100.00
1786507600,cooldown,1984,2048,512,768,0,768,5201,0,0,11,168,332,resize_cooldown,31,0,0,1,0,0,32,true,199.455,17.541,0.912057,true,false,0.000000,0,0,495,495,1026,TP_RECOVERY,,23,1188382161,59281290,100.00
1786507601,cooldown,1984,2048,512,768,0,768,5201,0,0,11,168,332,resize_cooldown,31,0,0,1,0,0,32,true,181.264,17.541,0.903230,true,false,0.000000,0,0,495,495,1028,TP_RECOVERY,,14,1188382181,59281290,100.00
1786507602,cooldown,1984,2048,512,768,0,768,5201,0,0,11,168,332,resize_cooldown,31,0,0,1,0,0,32,true,164.892,17.540,0.893625,true,false,0.000000,0,0,495,495,1030,TP_RECOVERY,,14,1188382201,59281290,100.00
1786507603,cooldown,1984,2048,512,768,0,768,5201,0,0,11,168,332,resize_cooldown,31,0,0,1,0,0,32,true,150.156,17.540,0.883188,true,false,0.000000,0,0,495,495,1032,TP_RECOVERY,,23,1188382395,59281290,100.00
1786507604,cooldown,1984,2048,512,768,0,768,5201,0,0,11,168,332,resize_cooldown,31,0,0,1,0,0,32,true,136.895,17.540,0.871871,true,false,0.000000,0,0,495,495,1034,TP_RECOVERY,,14,1188382415,59281290,100.00
1786507606,cooldown,1984,2048,512,768,0,768,5201,0,0,11,168,332,resize_cooldown,31,0,0,1,0,0,32,true,124.959,17.540,0.859634,true,false,0.000000,0,0,495,495,1036,TP_RECOVERY,,14,1188382435,59281290,100.00
1786507607,cooldown,1984,2048,512,768,0,768,5201,0,0,11,168,332,resize_cooldown,31,0,0,1,0,0,32,true,114.218,17.546,0.846382,true,false,0.000000,0,0,495,495,1038,TP_RECOVERY,,23,1188382629,59281290,100.00
1786507608,cooldown,1984,2048,512,768,0,768,5201,0,0,11,168,332,resize_cooldown,31,0,0,1,0,0,32,true,104.554,17.579,0.831866,true,false,0.000000,0,0,495,495,1040,TP_RECOVERY,,14,1188382649,59281290,100.00
1786507609,cooldown,1984,2048,512,768,0,768,5201,0,0,11,168,332,resize_cooldown,31,0,0,1,0,0,32,true,95.896,17.974,0.812569,true,false,0.000000,0,0,495,495,1042,TP_RECOVERY,,21,1188382842,59281290,100.00
1786507610,cooldown,1984,2048,512,768,0,768,5201,0,0,11,168,332,resize_cooldown,31,0,0,1,0,0,32,true,88.104,17.974,0.795995,true,false,0.000000,0,0,495,495,1044,TP_RECOVERY,,16,1188382863,59281290,100.00
1786507611,cooldown,1984,2048,512,768,0,768,5201,0,0,11,168,332,resize_cooldown,31,0,0,1,0,0,32,true,81.091,17.973,0.778355,true,false,0.000000,0,0,495,495,1046,TP_RECOVERY,,14,1188382883,59281290,100.00
1786507612,cooldown,1984,2048,512,768,0,768,5201,0,0,11,168,332,resize_cooldown,31,0,0,1,0,0,32,true,74.782,17.998,0.759324,true,false,0.000000,0,0,495,495,1048,TP_RECOVERY,,21,1188383076,59281290,100.00
1786507613,cooldown,1984,2048,512,768,0,768,5201,0,0,11,168,332,resize_cooldown,31,0,0,1,0,0,32,true,69.100,17.966,0.739999,true,false,0.000000,0,0,495,495,1050,TP_RECOVERY,,16,1188383097,59281290,100.00
1786507614,cooldown,1984,2048,512,768,0,768,5201,0,0,11,168,332,resize_cooldown,31,0,0,1,0,0,32,true,63.990,18.001,0.718693,true,false,0.000000,0,0,495,495,1052,TP_RECOVERY,,14,1188383117,59281290,100.00
1786507615,cooldown,1984,2048,512,768,0,768,5201,0,0,11,168,332,resize_cooldown,31,0,0,1,0,0,32,true,59.391,18.001,0.696915,true,false,0.000000,0,0,495,495,1054,TP_RECOVERY,,21,1188383310,59281290,100.00
1786507616,cooldown,1984,2048,512,768,0,768,5201,0,0,11,168,332,resize_cooldown,31,0,0,1,0,0,32,true,55.252,18.001,0.674208,true,false,0.000000,0,0,495,495,1056,TP_RECOVERY,,16,1188383331,59281290,100.00
1786507617,cooldown,1984,2048,512,768,0,768,5201,0,0,11,168,332,resize_cooldown,31,0,0,1,0,0,32,true,51.527,18.001,0.650653,true,false,0.000000,0,0,495,495,1058,TP_RECOVERY,,14,1188383351,59281290,100.00
1786507618,cooldown,1984,2048,512,768,0,768,5201,0,0,11,168,332,resize_cooldown,31,0,0,1,0,0,32,true,45.113,17.535,0.611320,true,false,0.000000,0,0,495,495,1062,TP_RECOVERY,,21,1188383544,59281290,100.00
1786507619,cooldown,1984,2048,512,768,0,768,5201,0,0,11,168,332,resize_cooldown,31,0,0,1,0,0,32,true,42.362,17.602,0.584483,true,false,0.000000,0,0,495,495,1064,TP_RECOVERY,,18,1188383570,59281290,100.00
