ts,stage,active_mb,max_mb,sb_min_mb,dyn_target_mb,dyn_used_mb,dyn_free_mb,grant_debt_mb,ap_count,ap_queue_len,ap_queue_admit,ap_queue_timeout,backpressure_cnt,bp_reason,buf_active_gr,buf_draining_gr,reclaiming_gr,free_gr,ap_reserved_gr,ap_active_gr,total_gr,gr_consistent,tp_baseline_tps,tp_recent_tps,tp_drop_ratio,tp_guard_hot,io_guard_hot,spill_rate,last_grant_mb,eff_grant_kb,eff_downgrade,grant_shrink,pool_event_id,pool_action,binding,tps,blks_hit,blks_read,buffer_hit_pct
1786481393,-,1920,2048,512,448,0,448,3399,0,0,6,134,288,resize_cooldown,30,0,0,2,0,0,32,true,7.035,3.028,0.000000,false,false,0.000000,0,0,363,363,703,TP_RECOVERY,,,1160994182,52636932,
1786481394,-,1920,2048,512,448,0,448,3399,0,0,6,134,288,resize_cooldown,30,0,0,2,0,0,32,true,6.734,4.028,0.000000,false,false,0.000000,0,0,363,363,703,TP_RECOVERY,,16,1160994203,52636932,100.00
1786481395,-,1920,2048,512,448,0,448,3399,0,0,6,134,288,resize_cooldown,30,0,0,2,0,0,32,true,6.520,4.594,0.000000,false,false,0.000000,0,0,363,363,703,TP_RECOVERY,,14,1160994223,52636932,100.00
1786481396,tp_warmup,1920,2048,512,448,0,448,3399,0,0,6,134,288,resize_cooldown,30,0,0,2,0,0,32,true,6.371,5.027,0.000000,false,false,0.000000,0,0,363,363,703,TP_RECOVERY,,24,1160994425,52636932,100.00
1786481397,tp_warmup,1920,2048,512,448,0,448,3399,0,0,6,134,288,resize_cooldown,30,0,0,2,0,0,32,true,8.653,8.653,0.000000,false,false,0.000000,0,0,363,363,703,TP_RECOVERY,,21,1160994554,52636932,100.00
1786481398,tp_warmup,1920,2048,512,448,0,448,3399,0,0,6,134,288,resize_cooldown,30,0,0,2,0,0,32,true,9.286,9.286,0.000000,false,false,0.000000,0,0,363,363,703,TP_RECOVERY,,16,1160994577,52636932,100.00
1786481399,tp_warmup,1920,2048,512,448,0,448,3399,0,0,6,134,288,resize_cooldown,30,0,0,2,0,0,32,true,9.819,9.819,0.000000,false,false,0.000000,0,0,363,363,703,TP_RECOVERY,,23,1160994757,52636947,92.31
1786481401,tp_warmup,1920,2048,512,448,0,448,3399,0,0,6,134,288,resize_cooldown,30,0,0,2,0,0,32,true,10.485,10.485,0.000000,false,false,0.000000,0,0,363,363,703,TP_RECOVERY,,18,1160994780,52636947,100.00
1786481402,tp_warmup,1920,2048,512,448,0,448,3399,0,0,6,134,288,resize_cooldown,30,0,0,2,0,0,32,true,11.084,11.084,0.000000,false,false,0.000000,0,0,363,363,703,TP_RECOVERY,,16,1160994802,52636947,100.00
1786481403,tp_warmup,1920,2048,512,448,0,448,3399,0,0,6,134,288,resize_cooldown,30,0,0,2,0,0,32,true,11.586,11.586,0.000000,false,false,0.000000,0,0,363,363,703,TP_RECOVERY,,23,1160994997,52636947,100.00
1786481404,tp_warmup,1920,2048,512,448,0,448,3399,0,0,6,134,288,resize_cooldown,30,0,0,2,0,0,32,true,12.253,12.253,0.000000,false,false,0.000000,0,0,363,363,703,TP_RECOVERY,,18,1160995020,52636947,100.00
1786481405,tp_warmup,1920,2048,512,448,0,448,3399,0,0,6,134,288,resize_cooldown,30,0,0,2,0,0,32,true,12.886,12.886,0.000000,false,false,0.000000,0,0,363,363,703,TP_RECOVERY,,51,1161123773,52904591,32.48
1786481406,tp_warmup,1920,2048,512,448,0,448,3399,0,0,6,134,288,resize_cooldown,30,0,0,2,0,0,32,true,13.646,13.646,0.000000,false,false,0.000000,0,0,363,363,703,TP_RECOVERY,,23,1161123968,52904591,100.00
1786481407,tp_warmup,1920,2048,512,448,0,448,3399,0,0,6,134,288,resize_cooldown,30,0,0,2,0,0,32,true,14.146,14.146,0.000000,false,false,0.000000,0,0,363,363,703,TP_RECOVERY,,18,1161123991,52904591,100.00
1786481408,tp_warmup,1920,2048,512,448,0,448,3399,0,0,6,134,288,resize_cooldown,30,0,0,2,0,0,32,true,14.679,14.679,0.000000,false,false,0.000000,0,0,363,363,703,TP_RECOVERY,,19,1161311957,53112671,47.46
1786481409,tp_warmup,1920,2048,512,448,0,448,3399,0,0,6,134,288,resize_cooldown,30,0,0,2,0,0,32,true,25.809,25.809,0.000000,false,false,0.000000,0,0,363,363,703,TP_RECOVERY,,810,1161321822,53114851,81.90
1786481410,tp_warmup,1920,2048,512,448,0,448,3399,0,0,6,134,288,resize_cooldown,30,0,0,2,0,0,32,true,69.902,69.902,0.000000,false,false,0.000000,0,0,363,363,703,TP_RECOVERY,,587,1161329218,53116208,84.50
1786481411,tp_warmup,1920,2048,512,448,0,448,3399,0,0,6,134,288,resize_cooldown,30,0,0,2,0,0,32,true,92.246,92.246,0.000000,false,false,0.000000,0,0,363,363,703,TP_RECOVERY,,694,1161338226,53117751,85.38
1786481412,tp_warmup,1920,2048,512,448,0,448,3399,0,0,6,134,288,resize_cooldown,30,0,0,2,0,0,32,true,110.997,110.997,0.000000,false,false,0.000000,0,0,363,363,703,TP_RECOVERY,,886,1161349452,53119644,85.57
1786481413,tp_warmup,1920,2048,512,448,0,448,3399,0,0,6,134,288,resize_cooldown,30,0,0,2,0,0,32,true,130.253,130.253,0.000000,false,false,0.000000,0,0,363,363,703,TP_RECOVERY,,548,1161356407,53120800,85.75
1786481415,tp_warmup,1920,2048,512,448,0,448,3399,0,0,6,134,288,resize_cooldown,30,0,0,2,0,0,32,true,143.996,143.996,0.000000,false,false,0.000000,0,0,363,363,703,TP_RECOVERY,,419,1161361928,53121671,86.37
1786481416,tp_warmup,1920,2048,512,448,0,448,3399,0,0,6,134,288,resize_cooldown,30,0,0,2,0,0,32,true,163.178,163.178,0.000000,false,false,0.000000,0,0,363,363,703,TP_RECOVERY,,609,1161369520,53123029,84.83
1786481417,tp_warmup,1920,2048,512,448,0,448,3399,0,0,6,134,288,resize_cooldown,30,0,0,2,0,0,32,true,179.639,179.639,0.000000,false,false,0.000000,0,0,363,363,703,TP_RECOVERY,,605,1161377170,53124380,84.99
1786481418,tp_warmup,1920,2048,512,448,0,448,3399,0,0,6,134,288,resize_cooldown,30,0,0,2,0,0,32,true,201.489,201.489,0.000000,false,false,0.000000,0,0,363,363,703,TP_RECOVERY,,663,1161385700,53125765,86.03
1786481419,tp_warmup,1920,2048,512,448,0,448,3399,0,0,6,134,288,resize_cooldown,30,0,0,2,0,0,32,true,219.512,219.512,0.000000,false,false,0.000000,0,0,363,363,703,TP_RECOVERY,,672,1161394303,53127111,86.47
1786481420,tp_warmup,1920,2048,512,448,0,448,3399,0,0,6,134,288,resize_cooldown,30,0,0,2,0,0,32,true,244.081,244.081,0.000000,false,false,0.000000,0,0,363,363,703,TP_RECOVERY,,743,1161403826,53128605,86.44
1786481421,tp_warmup,1920,2048,512,448,0,448,3399,0,0,6,134,288,resize_cooldown,30,0,0,2,0,0,32,true,268.393,268.393,0.000000,false,false,0.000000,0,0,363,363,703,TP_RECOVERY,,773,1161413782,53130214,86.09
1786481422,tp_warmup,1920,2048,512,448,0,448,3399,0,0,6,134,288,resize_cooldown,30,0,0,2,0,0,32,true,294.405,294.405,0.000000,false,false,0.000000,0,0,363,363,703,TP_RECOVERY,,792,1161423825,53131871,85.84
1786481423,tp_warmup,1920,2048,512,448,0,448,3399,0,0,6,134,288,resize_cooldown,30,0,0,2,0,0,32,true,340.921,340.921,0.000000,false,false,0.000000,0,0,363,363,703,TP_RECOVERY,,757,1161433463,53133536,85.27
1786481424,tp_warmup,1920,2048,512,448,0,448,3399,0,0,6,134,288,resize_cooldown,30,0,0,2,0,0,32,true,365.112,365.112,0.000000,false,false,0.000000,0,0,363,363,703,TP_RECOVERY,,1052,1161446777,53135930,84.76
1786481425,tp_warmup,1920,2048,512,448,0,448,3399,0,0,6,134,288,resize_cooldown,30,0,0,2,0,0,32,true,391.092,391.092,0.000000,false,false,0.000000,0,0,363,363,703,TP_RECOVERY,,798,1161456844,53137684,85.16
1786481426,tp_warmup,1920,2048,512,448,0,448,3399,0,0,6,134,288,resize_cooldown,30,0,0,2,0,0,32,true,418.091,418.091,0.000000,false,false,0.000000,0,0,363,363,703,TP_RECOVERY,,833,1161467434,53139530,85.16
1786481427,tp_warmup,1920,2048,512,448,0,448,3399,0,0,6,134,288,resize_cooldown,30,0,0,2,0,0,32,true,438.735,438.735,0.000000,false,false,0.000000,0,0,363,363,703,TP_RECOVERY,,734,1161476779,53141069,85.86
1786481429,tp_warmup,1920,2048,512,448,0,448,3399,0,0,6,134,288,resize_cooldown,30,0,0,2,0,0,32,true,464.599,464.599,0.000000,false,false,0.000000,0,0,363,363,703,TP_RECOVERY,,798,1161486806,53142825,85.10
1786481430,tp_warmup,1920,2048,512,448,0,448,3399,0,0,6,134,288,resize_cooldown,30,0,0,2,0,0,32,true,491.651,491.651,0.000000,false,false,0.000000,0,0,363,363,703,TP_RECOVERY,,828,1161497261,53144695,84.83
1786481431,tp_warmup,1920,2048,512,448,0,448,3399,0,0,6,134,288,resize_cooldown,30,0,0,2,0,0,32,true,517.915,517.915,0.000000,false,false,0.000000,0,0,363,363,703,TP_RECOVERY,,812,1161507594,53146396,85.87
1786481432,tp_warmup,1920,2048,512,448,0,448,3399,0,0,6,134,288,resize_cooldown,30,0,0,2,0,0,32,true,543.049,543.049,0.000000,false,false,0.000000,0,0,363,363,703,TP_RECOVERY,,1160,1161522498,53148842,85.90
1786481433,tp_warmup,1920,2048,512,448,0,448,3399,0,0,6,134,288,resize_cooldown,30,0,0,2,0,0,32,true,567.180,567.180,0.000000,false,false,0.000000,0,0,363,363,703,TP_RECOVERY,,760,1161532221,53150431,85.95
1786481434,tp_warmup,1920,2048,512,448,0,448,3399,0,0,6,134,288,resize_cooldown,30,0,0,2,0,0,32,true,593.460,593.460,0.000000,false,false,0.000000,0,0,363,363,703,TP_RECOVERY,,812,1161542512,53152219,85.20
1786481435,tp_warmup,1920,2048,512,448,0,448,3399,0,0,6,134,288,resize_cooldown,30,0,0,2,0,0,32,true,618.633,618.633,0.000000,false,false,0.000000,0,0,363,363,703,TP_RECOVERY,,785,1161552569,53153867,85.92
1786481436,tp_warmup,1920,2048,512,448,0,448,3399,0,0,6,134,288,resize_cooldown,30,0,0,2,0,0,32,true,644.786,644.786,0.000000,false,false,0.000000,0,0,363,363,703,TP_RECOVERY,,778,1161562713,53155402,86.86
1786481437,tp_warmup,1920,2048,512,448,0,448,3399,0,0,6,134,288,resize_cooldown,30,0,0,2,0,0,32,true,669.915,669.915,0.000000,false,false,0.000000,0,0,363,363,703,TP_RECOVERY,,718,1161571951,53156821,86.68
1786481438,tp_warmup,1920,2048,512,448,0,448,3399,0,0,6,134,288,resize_cooldown,30,0,0,2,0,0,32,true,706.958,706.958,0.000000,false,false,0.000000,0,0,363,363,703,TP_RECOVERY,,1154,1161586838,53159233,86.06
1786481439,tp_warmup,1920,2048,512,448,0,448,3399,0,0,6,134,288,resize_cooldown,30,0,0,2,0,0,32,true,710.558,710.558,0.000000,false,false,0.000000,0,0,363,363,703,TP_RECOVERY,,744,1161596471,53160705,86.74
1786481440,tp_warmup,1920,2048,512,448,0,448,3399,0,0,6,134,288,resize_cooldown,30,0,0,2,0,0,32,true,711.687,711.687,0.000000,false,false,0.000000,0,0,363,363,703,TP_RECOVERY,,716,1161605694,53162224,85.86
1786481441,stage1,1920,2048,512,448,0,448,3399,0,0,6,134,288,resize_cooldown,30,0,0,2,0,0,32,true,711.687,711.687,0.000000,false,false,0.000000,0,0,363,363,703,TP_RECOVERY,,648,1161614129,53163562,86.31
1786481443,stage1,1920,2048,512,448,0,448,3399,0,0,6,134,288,resize_cooldown,30,0,0,2,0,0,32,true,711.231,707.126,0.005771,false,false,0.000000,0,0,363,363,703,TP_RECOVERY,,551,1161621026,53164713,85.70
1786481444,stage1,1920,2048,512,448,0,448,3399,0,0,6,134,288,resize_cooldown,30,0,0,2,0,0,32,true,719.174,719.174,0.000000,false,false,0.000000,0,0,363,363,703,TP_RECOVERY,,770,1161630964,53166295,86.27
1786481445,stage1,1920,2048,512,448,0,448,3399,0,0,6,134,288,resize_cooldown,30,0,0,2,0,0,32,true,729.065,729.065,0.000000,false,false,0.000000,0,0,363,363,703,TP_RECOVERY,,779,1161641090,53167811,86.98
1786481446,stage1,1920,2048,512,448,0,448,3399,0,0,6,134,288,resize_cooldown,30,0,0,2,0,0,32,true,728.942,727.843,0.001508,false,false,0.000000,0,0,363,363,703,TP_RECOVERY,,842,1161652114,53169531,86.50
1786481447,stage1,1920,2048,512,448,0,448,3399,0,0,6,134,288,resize_cooldown,30,0,0,2,0,0,32,true,736.433,736.433,0.000000,false,false,0.000000,0,0,363,363,703,TP_RECOVERY,,745,1161661738,53171065,86.25
1786481448,stage1,1920,2048,512,448,0,448,3399,0,0,6,134,288,resize_cooldown,30,0,0,2,0,0,32,true,739.858,739.858,0.000000,false,false,0.000000,0,0,363,363,703,TP_RECOVERY,,777,1161671791,53172670,86.23
1786481449,stage1,1920,2048,512,448,0,448,3399,0,0,6,134,288,resize_cooldown,30,0,0,2,0,0,32,true,747.284,747.284,0.000000,false,false,0.000000,0,0,363,363,703,TP_RECOVERY,,784,1161681865,53174271,86.29
1786481450,stage1,1920,2048,512,448,0,448,3399,0,0,6,134,288,resize_cooldown,30,0,0,2,0,0,32,true,749.303,749.303,0.000000,false,false,0.000000,0,0,363,363,703,TP_RECOVERY,,795,1161692075,53175933,86.00
1786481451,stage1,1920,2048,512,448,0,448,3399,0,0,6,134,288,resize_cooldown,30,0,0,2,0,0,32,true,749.174,748.015,0.001547,false,false,0.000000,0,0,363,363,703,TP_RECOVERY,,677,1161700993,53177323,86.52
1786481452,stage1,1920,2048,512,448,0,448,3399,0,0,6,134,288,resize_cooldown,30,0,0,2,0,0,32,true,748.968,747.110,0.002480,false,false,0.000000,0,0,363,363,703,TP_RECOVERY,,773,1161710776,53178903,86.10
1786481453,stage1,1920,2048,512,448,0,448,3399,0,0,6,134,288,resize_cooldown,30,0,0,2,0,0,32,true,748.709,746.379,0.003112,false,false,0.000000,0,0,363,363,703,TP_RECOVERY,,1159,1161725846,53181317,86.19
1786481454,stage1,1920,2048,512,448,0,448,3399,0,0,6,134,288,resize_cooldown,30,0,0,2,0,0,32,true,751.357,751.357,0.000000,false,false,0.000000,0,0,363,363,703,TP_RECOVERY,,772,1161735718,53182959,85.74
1786481456,stage1,1920,2048,512,448,0,448,3399,0,0,6,134,288,resize_cooldown,30,0,0,2,0,0,32,true,751.072,748.503,0.003421,false,false,0.000000,0,0,363,363,703,TP_RECOVERY,,671,1161744356,53184383,85.85
1786481457,stage1,1920,2048,512,448,0,448,3399,0,0,6,134,288,resize_cooldown,30,0,0,2,0,0,32,true,750.762,747.976,0.003711,false,false,0.000000,0,0,363,363,703,TP_RECOVERY,,796,1161754652,53186059,86.00
1786481458,stage1,1920,2048,512,448,0,448,3399,0,0,6,134,288,resize_cooldown,30,0,0,2,0,0,32,true,750.064,747.586,0.003304,false,false,0.000000,0,0,363,363,703,TP_RECOVERY,,802,1161764986,53187676,86.47
1786481459,stage1,1920,2048,512,448,0,448,3399,0,0,6,134,288,resize_cooldown,30,0,0,2,0,0,32,true,749.849,747.913,0.002582,false,false,0.000000,0,0,363,363,703,TP_RECOVERY,,795,1161775154,53189336,85.97
1786481460,stage1,1920,2048,512,448,0,448,3399,0,0,6,134,288,resize_cooldown,30,0,0,2,0,0,32,true,748.945,740.811,0.010861,false,false,0.000000,0,0,363,363,703,TP_RECOVERY,,626,1161783270,53190641,86.15
1786481461,stage1,1920,2048,512,448,0,448,3399,0,0,6,134,288,resize_cooldown,30,0,0,2,0,0,32,true,747.911,738.600,0.012449,false,false,0.000000,0,0,363,363,703,TP_RECOVERY,,1131,1161797858,53193041,85.87
1786481462,stage1,1920,2048,512,448,0,448,3399,0,0,6,134,288,resize_cooldown,30,0,0,2,0,0,32,true,746.838,737.182,0.012929,false,false,0.000000,0,0,363,363,703,TP_RECOVERY,,723,1161807283,53194487,86.70
1786481463,stage1,1920,2048,512,448,0,448,3399,0,0,6,134,288,resize_cooldown,30,0,0,2,0,0,32,true,745.946,737.917,0.010763,false,false,0.000000,0,0,363,363,703,TP_RECOVERY,,776,1161817471,53196032,86.83
1786481464,stage1,1920,2048,512,448,0,448,3399,0,0,6,134,288,resize_cooldown,30,0,0,2,0,0,32,true,745.104,737.530,0.010166,false,false,0.000000,0,0,363,363,703,TP_RECOVERY,,774,1161827507,53197530,87.01
1786481465,stage1,1920,2048,512,448,0,448,3399,0,0,6,134,288,resize_cooldown,30,0,0,2,0,0,32,true,743.769,731.749,0.016160,false,false,0.000000,0,0,363,363,703,TP_RECOVERY,,644,1161835829,53198853,86.28
1786481466,stage1,1920,2048,512,448,0,448,3399,0,0,6,134,288,resize_cooldown,30,0,0,2,0,0,32,true,742.289,728.970,0.017943,false,false,0.000000,0,0,363,363,703,TP_RECOVERY,,700,1161844960,53200269,86.57
1786481467,stage1,1920,2048,512,448,0,448,3399,0,0,6,134,288,resize_cooldown,30,0,0,2,0,0,32,true,740.815,727.555,0.017900,false,false,0.000000,0,0,363,363,703,TP_RECOVERY,,728,1161854368,53201740,86.48
1786481468,stage1,1920,2048,512,448,0,448,3399,0,0,6,134,288,resize_cooldown,30,0,0,2,0,0,32,true,739.643,729.088,0.014270,false,false,0.000000,0,0,363,363,703,TP_RECOVERY,,1075,1161868405,53203914,86.59
1786481470,stage1,1920,2048,512,448,0,448,3399,0,0,6,134,288,resize_cooldown,30,0,0,2,0,0,32,true,738.329,726.510,0.016009,false,false,0.000000,0,0,363,363,703,TP_RECOVERY,,773,1161878366,53205545,85.93
1786481471,stage1,1920,2048,512,448,0,448,3399,0,0,6,134,288,resize_cooldown,30,0,0,2,0,0,32,true,737.209,727.122,0.013682,false,false,0.000000,0,0,363,363,703,TP_RECOVERY,,745,1161888046,53207090,86.24
1786481472,stage1,1920,2048,512,448,0,448,3399,0,0,6,134,288,resize_cooldown,30,0,0,2,0,0,32,true,736.085,734.942,0.001552,false,false,0.000000,0,0,363,363,703,TP_RECOVERY,,748,1161897917,53208596,86.76
1786481473,stage1,1920,2048,512,448,0,448,3399,0,0,6,134,288,resize_cooldown,30,0,0,2,0,0,32,true,736.049,735.722,0.000443,false,false,0.000000,0,0,363,363,703,TP_RECOVERY,,787,1161908041,53210227,86.13
1786481474,stage1,1920,2048,512,448,0,448,3399,0,0,6,134,288,resize_cooldown,30,0,0,2,0,0,32,true,735.719,732.755,0.004029,false,false,0.000000,0,0,363,363,703,TP_RECOVERY,,684,1161916841,53211675,85.87
1786481475,stage1,1920,2048,512,448,0,448,3399,0,0,6,134,288,resize_cooldown,30,0,0,2,0,0,32,true,735.566,734.190,0.001871,false,false,0.000000,0,0,363,363,703,TP_RECOVERY,,743,1161926500,53213267,85.85
1786481476,stage1,1920,2048,512,448,0,448,3399,0,0,6,134,288,resize_cooldown,30,0,0,2,0,0,32,true,743.862,743.862,0.000000,false,false,0.000000,0,0,363,363,703,TP_RECOVERY,,1236,1161942533,53215891,85.94
1786481477,stage1,1920,2048,512,448,0,448,3399,0,0,6,134,288,resize_cooldown,30,0,0,2,0,0,32,true,745.578,745.578,0.000000,false,false,0.000000,0,0,363,363,703,TP_RECOVERY,,395,1161947570,53216713,85.97
1786481478,stage1,1920,2048,512,448,0,448,3399,0,0,6,134,288,resize_cooldown,30,0,0,2,0,0,32,true,744.999,739.789,0.006994,false,false,0.000000,0,0,363,363,703,TP_RECOVERY,,1101,1161962112,53219064,86.08
1786481479,stage1,1920,2048,512,448,0,448,3399,0,0,6,134,288,resize_cooldown,30,0,0,2,0,0,32,true,744.531,740.316,0.005661,false,false,0.000000,0,0,363,363,703,TP_RECOVERY,,816,1161972529,53220825,85.54
1786481480,stage1,1920,2048,512,448,0,448,3399,0,0,6,134,288,resize_cooldown,30,0,0,2,0,0,32,true,744.165,740.869,0.004428,false,false,0.000000,0,0,363,363,703,TP_RECOVERY,,800,1161982872,53222546,85.73
1786481481,stage1,1920,2048,512,448,0,448,3399,0,0,6,134,288,resize_cooldown,30,0,0,2,0,0,32,true,744.061,743.130,0.001251,false,false,0.000000,0,0,363,363,703,TP_RECOVERY,,725,1161992404,53224063,86.27
1786481482,stage1,1920,2048,512,448,0,448,3399,0,0,6,134,288,resize_cooldown,30,0,0,2,0,0,32,true,743.882,742.267,0.002171,false,false,0.000000,0,0,363,363,703,TP_RECOVERY,,644,1162000726,53225443,85.78
1786481484,stage1,1920,2048,512,448,0,448,3399,0,0,6,134,288,resize_cooldown,30,0,0,2,0,0,32,true,743.368,738.744,0.006221,false,false,0.000000,0,0,363,363,703,TP_RECOVERY,,841,1162011570,53227282,85.50
1786481485,stage1,1920,2048,512,448,0,448,3399,0,0,6,134,288,resize_cooldown,30,0,0,2,0,0,32,true,743.146,741.144,0.002694,false,false,0.000000,0,0,363,363,703,TP_RECOVERY,,828,1162022195,53229092,85.44
1786481486,stage1,1920,2048,512,448,0,448,3399,0,0,6,134,288,resize_cooldown,30,0,0,2,0,0,32,true,745.977,745.977,0.000000,false,false,0.000000,0,0,363,363,703,TP_RECOVERY,,774,1162032111,53230791,85.37
1786481487,stage1,1920,2048,512,448,0,448,3399,0,0,6,134,288,resize_cooldown,30,0,0,2,0,0,32,true,745.317,740.944,0.005867,false,false,0.000000,0,0,363,363,703,TP_RECOVERY,,810,1162042682,53232547,85.75
1786481488,stage1,1920,2048,512,448,0,448,3399,0,0,6,134,288,resize_cooldown,30,0,0,2,0,0,32,true,744.927,741.419,0.004709,false,false,0.000000,0,0,363,363,703,TP_RECOVERY,,1081,1162056660,53234997,85.09
1786481489,stage1,1920,2048,512,448,0,448,3399,0,0,6,134,288,resize_cooldown,30,0,0,2,0,0,32,true,744.486,740.520,0.005328,false,false,0.000000,0,0,363,363,703,TP_RECOVERY,,784,1162066732,53236716,85.42
1786481490,stage1,1920,2048,512,448,0,448,3399,0,0,6,134,288,resize_cooldown,30,0,0,2,0,0,32,true,745.078,745.078,0.000000,false,false,0.000000,0,0,363,363,703,TP_RECOVERY,,771,1162076709,53238460,85.12
1786481491,stage1,1920,2048,512,448,0,448,3399,0,0,6,134,288,resize_cooldown,30,0,0,2,0,0,32,true,746.706,746.706,0.000000,false,false,0.000000,0,0,363,363,703,TP_RECOVERY,,814,1162087015,53240315,84.75
1786481492,stage1,1920,2048,512,448,0,448,3399,0,0,6,134,288,resize_cooldown,30,0,0,2,0,0,32,true,746.407,743.711,0.003612,false,false,0.000000,0,0,363,363,703,TP_RECOVERY,,639,1162095308,53241738,85.35
1786481493,stage1,1920,2048,512,448,0,448,3399,0,0,6,134,288,resize_cooldown,30,0,0,2,0,0,32,true,746.344,745.785,0.000750,false,false,0.000000,0,0,363,363,703,TP_RECOVERY,,848,1162106307,53243625,85.36
1786481494,stage1,1920,2048,512,448,0,448,3399,0,0,6,134,288,resize_cooldown,30,0,0,2,0,0,32,true,747.436,747.436,0.000000,false,false,0.000000,0,0,363,363,703,TP_RECOVERY,,838,1162116873,53245654,83.89
1786481495,stage1,1920,2048,512,448,0,448,3399,0,0,6,134,288,resize_cooldown,30,0,0,2,0,0,32,true,753.635,753.635,0.000000,false,false,0.000000,0,0,363,363,703,TP_RECOVERY,,790,1162126936,53247489,84.58
1786481496,stage1,1920,2048,512,448,0,448,3399,0,0,6,134,288,resize_cooldown,30,0,0,2,0,0,32,true,754.531,754.531,0.000000,false,false,0.000000,0,0,363,363,703,TP_RECOVERY,,1039,1162140544,53249746,85.77
1786481497,stage1,1920,2048,512,448,0,448,3399,0,0,6,134,288,resize_cooldown,30,0,0,2,0,0,32,true,754.248,751.704,0.003374,false,false,0.000000,0,0,363,363,703,TP_RECOVERY,,752,1162150233,53251462,84.95
1786481499,stage1,1920,2048,512,448,0,448,3399,0,0,6,134,288,resize_cooldown,30,0,0,2,0,0,32,true,754.091,752.675,0.001878,false,false,0.000000,0,0,363,363,703,TP_RECOVERY,,790,1162160414,53253261,84.98
1786481500,stage1,1920,2048,512,448,0,448,3399,0,0,6,134,288,resize_cooldown,30,0,0,2,0,0,32,true,755.910,755.910,0.000000,false,false,0.000000,0,0,363,363,703,TP_RECOVERY,,778,1162170379,53255009,85.08
1786481501,stage1,1920,2048,512,448,0,448,3399,0,0,6,134,288,resize_cooldown,30,0,0,2,0,0,32,true,756.107,756.107,0.000000,false,false,0.000000,0,0,363,363,703,TP_RECOVERY,,789,1162180674,53256681,86.03
1786481502,stage1,1920,2048,512,448,0,448,3399,0,0,6,134,288,resize_cooldown,30,0,0,2,0,0,32,true,755.867,753.713,0.002851,false,false,0.000000,0,0,363,363,703,TP_RECOVERY,,657,1162189210,53258123,85.55
1786481503,stage1,1920,2048,512,448,0,448,3399,0,0,6,134,288,resize_cooldown,30,0,0,2,0,0,32,true,755.674,753.931,0.002306,false,false,0.000000,0,0,363,363,703,TP_RECOVERY,,813,1162199545,53259949,84.98
1786481504,stage1,1920,2048,512,448,0,448,3399,0,0,6,134,288,resize_cooldown,30,0,0,2,0,0,32,true,761.166,761.166,0.000000,false,false,0.000000,0,0,363,363,703,TP_RECOVERY,,830,1162210240,53261751,85.58
1786481505,stage1,1920,2048,512,448,0,448,3399,0,0,6,134,288,resize_cooldown,30,0,0,2,0,0,32,true,762.211,762.211,0.000000,false,false,0.000000,0,0,363,363,703,TP_RECOVERY,,815,1162220916,53263455,86.24
1786481506,stage1,1920,2048,512,448,0,448,3399,0,0,6,134,288,resize_cooldown,30,0,0,2,0,0,32,true,761.937,759.469,0.003239,false,false,0.000000,0,0,363,363,703,TP_RECOVERY,,1148,1162235948,53265890,86.06
1786481507,stage1,1920,2048,512,448,0,448,3399,0,0,6,134,288,resize_cooldown,30,0,0,2,0,0,32,true,761.699,759.554,0.002815,false,false,0.000000,0,0,363,363,703,TP_RECOVERY,,754,1162245702,53267492,85.89
1786481508,stage1,1920,2048,512,448,0,448,3399,0,0,6,134,288,resize_cooldown,30,0,0,2,0,0,32,true,765.030,765.030,0.000000,false,false,0.000000,0,0,363,363,703,TP_RECOVERY,,830,1162256695,53269284,85.98
1786481509,stage1,1920,2048,512,448,0,448,3399,0,0,6,134,288,resize_cooldown,30,0,0,2,0,0,32,true,764.433,759.061,0.007027,false,false,0.000000,0,0,363,363,703,TP_RECOVERY,,718,1162266072,53270773,86.30
1786481510,stage1,1920,2048,512,448,0,448,3399,0,0,6,134,288,resize_cooldown,30,0,0,2,0,0,32,true,763.588,755.984,0.009958,false,false,0.000000,0,0,363,363,703,TP_RECOVERY,,747,1162275851,53272265,86.76
1786481511,stage1,1920,2048,512,448,0,448,3399,0,0,6,134,288,resize_cooldown,30,0,0,2,0,0,32,true,762.970,757.402,0.007297,false,false,0.000000,0,0,363,363,703,TP_RECOVERY,,401,1162281093,53273111,86.10
1786481512,stage1,1920,2048,512,448,0,448,3399,0,0,6,134,288,resize_cooldown,30,0,0,2,0,0,32,true,762.661,759.882,0.003644,false,false,0.000000,0,0,363,363,703,TP_RECOVERY,,1202,1162296669,53275766,85.44
1786481513,stage1,1920,2048,512,448,0,448,3399,0,0,6,134,288,resize_cooldown,30,0,0,2,0,0,32,true,762.658,762.637,0.000028,false,false,0.000000,0,0,363,363,703,TP_RECOVERY,,638,1162305095,53277102,86.31
1786481515,stage1,1920,2048,512,448,0,448,3399,0,0,6,134,288,resize_cooldown,30,0,0,2,0,0,32,true,762.181,757.885,0.005636,false,false,0.000000,0,0,363,363,703,TP_RECOVERY,,831,1162316120,53278799,86.66
1786481516,stage1,1920,2048,512,448,0,448,3399,0,0,6,134,288,resize_cooldown,30,0,0,2,0,0,32,true,761.418,754.552,0.009018,false,false,0.000000,0,0,363,363,703,TP_RECOVERY,,737,1162325708,53280297,86.49
1786481517,stage1,1920,2048,512,448,0,448,3399,0,0,6,134,288,resize_cooldown,30,0,0,2,0,0,32,true,761.014,757.379,0.004777,false,false,0.000000,0,0,363,363,703,TP_RECOVERY,,823,1162336572,53282038,86.19
1786481518,stage1,1920,2048,512,448,0,448,3399,0,0,6,134,288,resize_cooldown,30,0,0,2,0,0,32,true,760.979,760.664,0.000414,false,false,0.000000,0,0,363,363,703,TP_RECOVERY,,1238,1162353021,53284558,86.72
1786481519,stage1,1920,2048,512,448,0,448,3399,0,0,6,134,288,resize_cooldown,30,0,0,2,0,0,32,true,763.456,763.456,0.000000,false,false,0.000000,0,0,363,363,703,TP_RECOVERY,,812,1162363819,53286121,87.36
1786481520,stage1,1920,2048,512,448,0,448,3399,0,0,6,134,288,resize_cooldown,30,0,0,2,0,0,32,true,764.238,762.950,0.001685,false,false,0.000000,0,0,363,363,703,TP_RECOVERY,,720,1162373481,53287597,86.75
1786481521,stage1,1920,2048,512,448,0,448,3399,0,0,6,134,288,resize_cooldown,30,0,0,2,0,0,32,true,763.995,761.812,0.002857,false,false,0.000000,0,0,363,363,703,TP_RECOVERY,,768,1162383526,53289189,86.32
1786481522,stage1,1920,2048,512,448,0,448,3399,0,0,6,134,288,resize_cooldown,30,0,0,2,0,0,32,true,767.224,767.224,0.000000,false,false,0.000000,0,0,363,363,703,TP_RECOVERY,,803,1162394026,53290796,86.73
1786481523,stage1,1920,2048,512,448,0,448,3399,0,0,6,134,288,resize_cooldown,30,0,0,2,0,0,32,true,767.090,765.886,0.001570,false,false,0.000000,0,0,363,363,703,TP_RECOVERY,,802,1162404706,53292351,87.29
1786481524,stage1,1920,2048,512,448,0,448,3399,0,0,6,134,288,resize_cooldown,30,0,0,2,0,0,32,true,766.553,761.719,0.006306,false,false,0.000000,0,0,363,363,703,TP_RECOVERY,,765,1162414802,53293839,87.15
1786481525,stage1,1920,2048,512,448,0,448,3399,0,0,6,134,288,resize_cooldown,30,0,0,2,0,0,32,true,766.184,762.858,0.004341,false,false,0.000000,0,0,363,363,703,TP_RECOVERY,,786,1162425229,53295466,86.50
1786481526,stage1,1920,2048,512,448,0,448,3399,0,0,6,134,288,resize_cooldown,30,0,0,2,0,0,32,true,766.101,765.358,0.000970,false,false,0.000000,0,0,363,363,703,TP_RECOVERY,,1042,1162438585,53297341,87.69
1786481527,stage1,1920,2048,512,448,0,448,3399,0,0,6,134,288,resize_cooldown,30,0,0,2,0,0,32,true,770.276,770.276,0.000000,false,false,0.000000,0,0,363,363,703,TP_RECOVERY,,986,1162452440,53299392,87.11
1786481528,stage1,1920,2048,512,448,0,448,3399,0,0,6,134,288,resize_cooldown,30,0,0,2,0,0,32,true,771.719,771.719,0.000000,false,false,0.000000,0,0,363,363,703,TP_RECOVERY,,814,1162463352,53300919,87.72
1786481530,stage1,1920,2048,512,448,0,448,3399,0,0,6,134,288,resize_cooldown,30,0,0,2,0,0,32,true,771.575,770.275,0.001685,false,false,0.000000,0,0,363,363,703,TP_RECOVERY,,718,1162473005,53302328,87.26
1786481531,stage1,1920,2048,512,448,0,448,3399,0,0,6,134,288,resize_cooldown,30,0,0,2,0,0,32,true,771.461,770.436,0.001328,false,false,0.000000,0,0,363,363,703,TP_RECOVERY,,787,1162483375,53303917,86.71
1786481532,stage1,1920,2048,512,448,0,448,3399,0,0,6,134,288,resize_cooldown,30,0,0,2,0,0,32,true,774.356,774.356,0.000000,false,false,0.000000,0,0,363,363,703,TP_RECOVERY,,380,1162488418,53304663,87.11
1786481533,stage1,1920,2048,512,448,0,448,3399,0,0,6,134,288,resize_cooldown,30,0,0,2,0,0,32,true,777.390,777.390,0.000000,false,false,0.000000,0,0,363,363,703,TP_RECOVERY,,1251,1162505258,53306969,87.96
1786481534,stage1,1920,2048,512,448,0,448,3399,0,0,6,134,288,resize_cooldown,30,0,0,2,0,0,32,true,777.119,774.679,0.003140,false,false,0.000000,0,0,363,363,703,TP_RECOVERY,,674,1162514432,53308244,87.80
1786481535,stage1,1920,2048,512,448,0,448,3399,0,0,6,134,288,resize_cooldown,30,0,0,2,0,0,32,true,776.400,769.924,0.008340,false,false,0.000000,0,0,363,363,703,TP_RECOVERY,,1150,1162529984,53310513,87.27
1786481536,stage1,1920,2048,512,448,0,448,3399,0,0,6,134,288,resize_cooldown,30,0,0,2,0,0,32,true,775.353,772.022,0.004296,false,false,0.000000,0,0,363,363,703,TP_RECOVERY,,832,1162541079,53312098,87.50
1786481537,stage1,1920,2048,512,448,0,448,3399,0,0,6,134,288,resize_cooldown,30,0,0,2,0,0,32,true,774.963,771.448,0.004535,false,false,0.000000,0,0,363,363,703,TP_RECOVERY,,798,1162551820,53313560,88.02
1786481538,stage1,1920,2048,512,448,0,448,3399,0,0,6,134,288,resize_cooldown,30,0,0,2,0,0,32,true,774.541,770.751,0.004894,false,false,0.000000,0,0,363,363,703,TP_RECOVERY,,736,1162561723,53314914,87.97
1786481539,stage1,1920,2048,512,448,0,448,3399,0,0,6,134,288,resize_cooldown,30,0,0,2,0,0,32,true,774.536,774.482,0.000069,false,false,0.000000,0,0,363,363,703,TP_RECOVERY,,745,1162571726,53316386,87.17
1786481540,stage1,1920,2048,512,448,0,448,3399,0,0,6,134,288,resize_cooldown,30,0,0,2,0,0,32,true,777.336,777.336,0.000000,false,false,0.000000,0,0,363,363,703,TP_RECOVERY,,874,1162583535,53318069,87.53
1786481541,stage1,1920,2048,512,448,0,448,3399,0,0,6,134,288,resize_cooldown,30,0,0,2,0,0,32,true,778.592,778.592,0.000000,false,false,0.000000,0,0,363,363,703,TP_RECOVERY,,841,1162595016,53319635,88.00
1786481542,stage1,1920,2048,512,448,0,448,3399,0,0,6,134,288,resize_cooldown,30,0,0,2,0,0,32,true,778.633,778.633,0.000000,false,false,0.000000,0,0,363,363,703,TP_RECOVERY,,804,1162605773,53321148,87.67
1786481543,stage1,1920,2048,512,448,0,448,3399,0,0,6,134,288,resize_cooldown,30,0,0,2,0,0,32,true,778.422,776.522,0.002441,false,false,0.000000,0,0,363,363,703,TP_RECOVERY,,683,1162646015,53322697,96.29
1786481545,stage1,1920,2048,512,448,0,448,3399,0,0,6,134,288,resize_cooldown,30,0,0,2,0,0,32,true,778.792,778.792,0.000000,false,false,0.000000,0,0,363,363,703,TP_RECOVERY,,1196,1162662275,53324994,87.62
1786481546,stage1,1920,2048,512,448,0,448,3399,0,0,6,134,288,resize_cooldown,30,0,0,2,0,0,32,true,780.389,780.389,0.000000,false,false,0.000000,0,0,363,363,703,TP_RECOVERY,,739,1162672327,53326361,88.03
1786481547,stage1,1920,2048,512,448,0,448,3399,0,0,6,134,288,resize_cooldown,30,0,0,2,0,0,32,true,780.193,778.431,0.002259,false,false,0.000000,0,0,363,363,703,TP_RECOVERY,,745,1162682330,53327751,87.80
1786481548,stage1,1920,2048,512,448,0,448,3399,0,0,6,134,288,resize_cooldown,30,0,0,2,0,0,32,true,779.942,777.678,0.002903,false,false,0.000000,0,0,363,363,703,TP_RECOVERY,,734,1162692249,53329078,88.20
1786481549,stage1,1920,2048,512,448,0,448,3399,0,0,6,134,288,resize_cooldown,30,0,0,2,0,0,32,true,779.219,772.712,0.008350,false,false,0.000000,0,0,363,363,703,TP_RECOVERY,,787,1162702822,53330548,87.79
1786481550,stage1,1920,2048,512,448,0,448,3399,0,0,6,134,288,resize_cooldown,30,0,0,2,0,0,32,true,778.425,776.424,0.002570,false,false,0.000000,0,0,363,363,703,TP_RECOVERY,,838,1162714244,53332093,88.09
1786481551,stage1,1920,2048,512,448,0,448,3399,0,0,6,134,288,resize_cooldown,30,0,0,2,0,0,32,true,778.404,778.216,0.000242,false,false,0.000000,0,0,363,363,703,TP_RECOVERY,,819,1162725338,53333594,88.08
1786481552,stage1,1920,2048,512,448,0,448,3399,0,0,6,134,288,resize_cooldown,30,0,0,2,0,0,32,true,778.035,774.712,0.004270,false,false,0.000000,0,0,363,363,703,TP_RECOVERY,,795,1162736097,53335085,87.83
1786481553,stage1,1920,2048,512,448,0,448,3399,0,0,6,134,288,resize_cooldown,30,0,0,2,0,0,32,true,777.801,775.692,0.002711,false,false,0.000000,0,0,363,363,703,TP_RECOVERY,,1150,1162751761,53337304,87.59
1786481554,stage1,1920,2048,512,448,0,448,3399,0,0,6,134,288,resize_cooldown,30,0,0,2,0,0,32,true,778.460,778.460,0.000000,false,false,0.000000,0,0,363,363,703,TP_RECOVERY,,765,1162762032,53338765,87.55
1786481555,stage1,1920,2048,512,448,0,448,3399,0,0,6,134,288,resize_cooldown,30,0,0,2,0,0,32,true,778.157,775.433,0.003501,false,false,0.000000,0,0,363,363,703,TP_RECOVERY,,777,1162772691,53340162,88.41
1786481556,stage1,1920,2048,512,448,0,448,3399,0,0,6,134,288,resize_cooldown,30,0,0,2,0,0,32,true,777.685,773.437,0.005462,false,false,0.000000,0,0,363,363,703,TP_RECOVERY,,777,1162783358,53341590,88.19
1786481557,stage1,1920,2048,512,448,0,448,3399,0,0,6,134,288,resize_cooldown,30,0,0,2,0,0,32,true,776.968,770.517,0.008303,false,false,0.000000,0,0,363,363,703,TP_RECOVERY,,727,1162793262,53342976,87.72
1786481558,stage1,1920,2048,512,448,0,448,3399,0,0,6,134,288,resize_cooldown,30,0,0,2,0,0,32,true,776.262,769.910,0.008184,false,false,0.000000,0,0,363,363,703,TP_RECOVERY,,804,1162804182,53344526,87.57
1786481560,stage1,1920,2048,512,448,0,448,3399,0,0,6,134,288,resize_cooldown,30,0,0,2,0,0,32,true,775.948,773.115,0.003651,false,false,0.000000,0,0,363,363,703,TP_RECOVERY,,859,1162824532,53354711,66.64
1786481561,stage1,1920,2048,512,448,0,448,3399,0,0,6,134,288,resize_cooldown,30,0,0,2,0,0,32,true,775.526,771.736,0.004888,false,false,0.000000,0,0,363,363,703,TP_RECOVERY,,756,1162834694,53356152,87.58
1786481562,stage1,1920,2048,512,448,0,448,3399,0,0,6,134,288,resize_cooldown,30,0,0,2,0,0,32,true,774.952,769.779,0.006675,false,false,0.000000,0,0,363,363,703,TP_RECOVERY,,684,1162843660,53357423,87.58
1786481563,stage1,1920,2048,512,448,0,448,3399,0,0,6,134,288,resize_cooldown,30,0,0,2,0,0,32,true,774.554,770.972,0.004624,false,false,0.000000,0,0,363,363,703,TP_RECOVERY,,1301,1162860865,53359868,87.56
1786481564,stage2,1920,2048,512,448,0,448,3399,0,0,6,134,288,resize_cooldown,30,0,0,2,0,0,32,true,774.433,773.350,0.001399,false,false,0.000000,0,0,363,363,703,TP_RECOVERY,,801,1162871196,53361545,86.03
1786481565,stage2,1920,2048,512,448,0,448,3399,0,0,6,134,288,resize_cooldown,30,0,0,2,0,0,32,true,776.336,776.336,0.000000,false,false,0.000000,0,0,363,363,703,TP_RECOVERY,,807,1162881527,53363386,84.88
1786481566,stage2,1920,2048,512,448,0,448,3399,0,0,6,134,288,resize_cooldown,30,0,0,2,0,0,32,true,778.006,778.006,0.000000,false,false,0.000000,0,0,363,363,703,TP_RECOVERY,,630,1162889476,53364816,84.75
1786481567,stage2,1920,2048,512,448,0,448,3399,0,0,6,134,288,resize_cooldown,30,0,0,2,0,0,32,true,776.307,761.015,0.019698,false,false,0.000000,0,0,363,363,703,TP_RECOVERY,,484,1162895601,53365860,85.44
1786481568,stage2,1920,2048,512,448,0,448,3399,0,0,6,134,288,resize_cooldown,30,0,0,2,0,0,32,true,774.859,761.826,0.016820,false,false,0.000000,0,0,363,363,703,TP_RECOVERY,,857,1162906622,53367723,85.54
1786481569,stage2,1920,2048,512,448,0,448,3399,0,0,6,134,288,resize_cooldown,30,0,0,2,0,0,32,true,773.859,764.862,0.011626,false,false,0.000000,0,0,363,363,703,TP_RECOVERY,,779,1162916594,53369397,85.63
1786481570,stage2,1920,2048,512,448,0,448,3399,0,0,6,134,288,resize_cooldown,30,0,0,2,0,0,32,true,771.787,759.749,0.015597,false,false,0.000000,0,0,363,363,703,TP_RECOVERY,,999,1162929702,53371491,86.23
1786481571,stage2,1920,2048,512,448,0,448,3399,0,0,6,134,288,resize_cooldown,30,0,0,2,0,0,32,true,770.280,756.724,0.017599,false,false,0.000000,0,0,363,363,703,TP_RECOVERY,,738,1162939491,53372938,87.12
1786481572,stage2,1920,2048,512,448,0,448,3399,0,0,6,134,288,resize_cooldown,30,0,0,2,0,0,32,true,768.974,757.213,0.015294,false,false,0.000000,0,0,363,363,703,TP_RECOVERY,,827,1162950185,53374567,86.78
1786481574,stage2,1920,2048,512,448,0,448,3399,0,0,6,134,288,resize_cooldown,30,0,0,2,0,0,32,true,768.187,761.109,0.009214,false,false,0.000000,0,0,363,363,703,TP_RECOVERY,,806,1162960625,53376141,86.90
1786481575,stage2,1920,2048,512,448,0,448,3399,0,0,6,134,288,resize_cooldown,30,0,0,2,0,0,32,true,767.382,760.140,0.009438,false,false,0.000000,0,0,363,363,703,TP_RECOVERY,,744,1162970399,53377591,87.08
1786481576,stage2,1920,2048,512,448,0,448,3399,0,0,6,134,288,resize_cooldown,30,0,0,2,0,0,32,true,766.721,760.771,0.007761,false,false,0.000000,0,0,363,363,703,TP_RECOVERY,,790,1162980661,53379130,86.96
1786481577,stage2,1920,2048,512,448,0,448,3399,0,0,6,134,288,resize_cooldown,30,0,0,2,0,0,32,true,766.230,761.810,0.005769,false,false,0.000000,0,0,363,363,703,TP_RECOVERY,,784,1162990954,53380670,86.99
1786481578,stage2,1920,2048,512,448,0,448,3399,0,0,6,134,288,resize_cooldown,30,0,0,2,0,0,32,true,765.790,761.834,0.005167,false,false,0.000000,0,0,363,363,703,TP_RECOVERY,,1166,1163006353,53383072,86.51
1786481579,stage2,1920,2048,512,448,0,448,3399,0,0,6,134,288,resize_cooldown,30,0,0,2,0,0,32,true,765.480,762.683,0.003654,false,false,0.000000,0,0,363,363,703,TP_RECOVERY,,724,1163015738,53384530,86.55
1786481580,stage2,1920,2048,512,448,0,448,3399,0,0,6,134,288,resize_cooldown,30,0,0,2,0,0,32,true,765.091,761.591,0.004574,false,false,0.000000,0,0,363,363,703,TP_RECOVERY,,787,1163026066,53386082,86.94
1786481581,stage2,1920,2048,512,448,0,448,3399,0,0,6,134,288,resize_cooldown,30,0,0,2,0,0,32,true,764.697,761.156,0.004631,false,false,0.000000,0,0,363,363,703,TP_RECOVERY,,805,1163036531,53387689,86.69
1786481582,stage2,1920,2048,512,448,0,448,3399,0,0,6,134,288,resize_cooldown,30,0,0,2,0,0,32,true,764.325,760.975,0.004383,false,false,0.000000,0,0,363,363,703,TP_RECOVERY,,804,1163047007,53389314,86.57
1786481583,stage2,1920,2048,512,448,0,448,3399,0,0,6,134,288,resize_cooldown,30,0,0,2,0,0,32,true,764.316,764.239,0.000102,false,false,0.000000,0,0,363,363,703,TP_RECOVERY,,770,1163057133,53390841,86.90
1786481584,stage2,1920,2048,512,448,0,448,3399,0,0,6,134,288,resize_cooldown,30,0,0,2,0,0,32,true,764.066,761.815,0.002947,false,false,0.000000,0,0,363,363,703,TP_RECOVERY,,768,1163067060,53392421,86.27
1786481585,stage2,1920,2048,512,448,0,448,3399,0,0,6,134,288,resize_cooldown,30,0,0,2,0,0,32,true,763.697,762.467,0.001612,false,false,0.000000,0,0,363,363,703,TP_RECOVERY,,1132,1163081832,53394762,86.32
1786481586,stage2,1920,2048,512,448,0,448,3399,0,0,6,134,288,resize_cooldown,30,0,0,2,0,0,32,true,763.352,760.241,0.004075,false,false,0.000000,0,0,363,363,703,TP_RECOVERY,,755,1163091738,53396289,86.64
1786481587,stage2,1920,2048,512,448,0,448,3399,0,0,6,134,288,resize_cooldown,30,0,0,2,0,0,32,true,763.340,763.236,0.000136,false,false,0.000000,0,0,363,363,703,TP_RECOVERY,,796,1163102066,53397908,86.45
1786481589,stage2,1920,2048,512,448,0,448,3399,0,0,6,134,288,resize_cooldown,30,0,0,2,0,0,32,true,763.134,761.282,0.002427,false,false,0.000000,0,0,363,363,703,TP_RECOVERY,,739,1163111678,53399418,86.42
1786481590,stage2,1920,2048,512,448,0,448,3399,0,0,6,134,288,resize_cooldown,30,0,0,2,0,0,32,true,762.786,759.648,0.004113,false,false,0.000000,0,0,363,363,703,TP_RECOVERY,,784,1163121985,53401001,86.69
1786481591,stage2,1920,2048,512,448,0,448,3399,0,0,6,134,288,resize_cooldown,30,0,0,2,0,0,32,true,762.690,761.830,0.001128,false,false,0.000000,0,0,363,363,703,TP_RECOVERY,,810,1163132498,53402656,86.40
1786481592,stage2,1920,2048,512,448,0,448,3399,0,0,6,134,288,resize_cooldown,30,0,0,2,0,0,32,true,762.886,762.886,0.000000,false,false,0.000000,0,0,363,363,703,TP_RECOVERY,,368,1163137242,53403459,85.52
1786481593,stage2,1920,2048,512,448,0,448,3399,0,0,6,134,288,resize_cooldown,30,0,0,2,0,0,32,true,762.302,757.042,0.006900,false,false,0.000000,0,0,363,363,703,TP_RECOVERY,,1098,1163151627,53405721,86.41
1786481594,stage2,1920,2048,512,448,0,448,3399,0,0,6,134,288,resize_cooldown,30,0,0,2,0,0,32,true,761.686,756.138,0.007283,false,false,0.000000,0,0,363,363,703,TP_RECOVERY,,1181,1163167146,53408129,86.57
1786481595,stage2,1920,2048,512,448,0,448,3399,0,0,6,134,288,resize_cooldown,30,0,0,2,0,0,32,true,761.165,756.483,0.006151,false,false,0.000000,0,0,363,363,703,TP_RECOVERY,,790,1163177539,53409752,86.49
1786481596,stage2,1920,2048,512,448,0,448,3399,0,0,6,134,288,resize_cooldown,30,0,0,2,0,0,32,true,760.554,755.050,0.007236,false,false,0.000000,0,0,363,363,703,TP_RECOVERY,,760,1163187483,53411322,86.36
1786481597,stage2,1920,2048,512,448,0,448,3399,0,0,6,134,288,resize_cooldown,30,0,0,2,0,0,32,true,771.008,771.008,0.000000,false,false,0.000000,0,0,363,363,703,TP_RECOVERY,,749,1163197243,53412829,86.62
1786481598,stage2,1920,2048,512,448,0,448,3399,0,0,6,134,288,resize_cooldown,30,0,0,2,0,0,32,true,770.557,766.495,0.005272,false,false,0.000000,0,0,363,363,703,TP_RECOVERY,,762,1163207211,53414435,86.12
1786481599,stage2,1920,2048,512,448,0,448,3399,0,0,6,134,288,resize_cooldown,30,0,0,2,0,0,32,true,770.126,766.245,0.005039,false,false,0.000000,0,0,363,363,703,TP_RECOVERY,,829,1163217945,53416193,85.93
1786481600,stage2,1920,2048,512,448,0,448,3399,0,0,6,134,288,resize_cooldown,30,0,0,2,0,0,32,true,774.156,774.156,0.000000,false,false,0.000000,0,0,363,363,703,TP_RECOVERY,,810,1163228446,53417950,85.67
1786481601,stage2,1920,2048,512,448,0,448,3399,0,0,6,134,288,resize_cooldown,30,0,0,2,0,0,32,true,774.099,773.586,0.000663,false,false,0.000000,0,0,363,363,703,TP_RECOVERY,,1127,1163243391,53420285,86.49
1786481602,stage2,1920,2048,512,448,0,448,3399,0,0,6,134,288,resize_cooldown,30,0,0,2,0,0,32,true,775.550,775.550,0.000000,false,false,0.000000,0,0,363,363,703,TP_RECOVERY,,873,1163254870,53422134,86.13
1786481603,stage2,1920,2048,512,448,0,448,3399,0,0,6,134,288,resize_cooldown,30,0,0,2,0,0,32,true,775.979,775.979,0.000000,false,false,0.000000,0,0,363,363,703,TP_RECOVERY,,815,1163265520,53423895,85.81
1786481605,stage2,1920,2048,512,448,0,448,3399,0,0,6,134,288,resize_cooldown,30,0,0,2,0,0,32,true,779.067,779.067,0.000000,false,false,0.000000,0,0,363,363,703,TP_RECOVERY,,838,1163276572,53425636,86.39
1786481606,stage2,1920,2048,512,448,0,448,3399,0,0,6,134,288,resize_cooldown,30,0,0,2,0,0,32,true,779.037,778.769,0.000345,false,false,0.000000,0,0,363,363,703,TP_RECOVERY,,777,1163286759,53427308,85.90
1786481607,stage2,1920,2048,512,448,0,448,3399,0,0,6,134,288,resize_cooldown,30,0,0,2,0,0,32,true,778.848,777.145,0.002186,false,false,0.000000,0,0,363,363,703,TP_RECOVERY,,762,1163296597,53428881,86.22
1786481608,stage2,1920,2048,512,448,0,448,3399,0,0,6,134,288,resize_cooldown,30,0,0,2,0,0,32,true,778.815,778.523,0.000375,false,false,0.000000,0,0,363,363,703,TP_RECOVERY,,797,1163307187,53430569,86.25
1786481609,stage2,1920,2048,512,448,0,448,3399,0,0,6,134,288,resize_cooldown,30,0,0,2,0,0,32,true,779.356,779.356,0.000000,false,false,0.000000,0,0,363,363,703,TP_RECOVERY,,760,1163317074,53432184,85.96
1786481610,stage2,1920,2048,512,448,0,448,3399,0,0,6,134,288,resize_cooldown,30,0,0,2,0,0,32,true,779.286,778.657,0.000807,false,false,0.000000,0,0,363,363,703,TP_RECOVERY,,1141,1163332099,53434567,86.31
1786481611,stage2,1920,2048,512,448,0,448,3399,0,0,6,134,288,resize_cooldown,30,0,0,2,0,0,32,true,779.005,776.469,0.003255,false,false,0.000000,0,0,363,363,703,TP_RECOVERY,,750,1163341999,53436065,86.86
1786481612,stage2,1920,2048,512,448,0,448,3399,0,0,6,134,288,resize_cooldown,30,0,0,2,0,0,32,true,778.677,775.732,0.003782,false,false,0.000000,0,0,363,363,703,TP_RECOVERY,,791,1163352369,53437759,85.96
1786481613,stage2,1920,2048,512,448,0,448,3399,0,0,6,134,288,resize_cooldown,30,0,0,2,0,0,32,true,778.386,775.765,0.003368,false,false,0.000000,0,0,363,363,703,TP_RECOVERY,,786,1163362602,53439451,85.81
1786481614,stage2,1920,2048,512,448,0,448,3399,0,0,6,134,288,resize_cooldown,30,0,0,2,0,0,32,true,778.180,776.329,0.002379,false,false,0.000000,0,0,363,363,703,TP_RECOVERY,,788,1163372893,53441077,86.36
1786481615,stage2,1920,2048,512,448,0,448,3399,0,0,6,134,288,resize_cooldown,30,0,0,2,0,0,32,true,777.937,775.746,0.002816,false,false,0.000000,0,0,363,363,703,TP_RECOVERY,,755,1163382853,53442606,86.69
1786481616,stage2,1920,2048,512,448,0,448,3399,0,0,6,134,288,resize_cooldown,30,0,0,2,0,0,32,true,777.654,775.108,0.003274,false,false,0.000000,0,0,363,363,703,TP_RECOVERY,,741,1163392653,53444123,86.60
1786481617,stage2,1920,2048,512,448,0,448,3399,0,0,6,134,288,resize_cooldown,30,0,0,2,0,0,32,true,777.937,773.964,0.005107,false,false,0.000000,0,0,363,363,703,TP_RECOVERY,,720,1163402038,53445684,85.74
1786481618,stage2,1920,2048,512,448,0,448,3399,0,0,6,134,288,resize_cooldown,30,0,0,2,0,0,32,true,777.694,775.508,0.002811,false,false,0.000000,0,0,363,363,703,TP_RECOVERY,,1138,1163417148,53448139,86.02
1786481620,stage2,1920,2048,512,448,0,448,3399,0,0,6,134,288,resize_cooldown,30,0,0,2,0,0,32,true,777.419,774.945,0.003183,false,false,0.000000,0,0,363,363,703,TP_RECOVERY,,778,1163427508,53449716,86.79
1786481621,stage2,1920,2048,512,448,0,448,3399,0,0,6,134,288,resize_cooldown,30,0,0,2,0,0,32,true,776.908,772.302,0.005928,false,false,0.000000,0,0,363,363,703,TP_RECOVERY,,725,1163437031,53451230,86.28
1786481622,stage2,1920,2048,512,448,0,448,3399,0,0,6,134,288,resize_cooldown,30,0,0,2,0,0,32,true,776.686,774.688,0.002572,false,false,0.000000,0,0,363,363,703,TP_RECOVERY,,812,1163447610,53452980,85.81
1786481623,stage2,1920,2048,512,448,0,448,3399,0,0,6,134,288,resize_cooldown,30,0,0,2,0,0,32,true,776.594,775.770,0.001062,false,false,0.000000,0,0,363,363,703,TP_RECOVERY,,755,1163457611,53454613,85.96
1786481624,stage2,1920,2048,512,448,0,448,3399,0,0,6,134,288,resize_cooldown,30,0,0,2,0,0,32,true,776.392,774.576,0.002340,false,false,0.000000,0,0,363,363,703,TP_RECOVERY,,771,1163467679,53456227,86.18
1786481625,stage2,1920,2048,512,448,0,448,3399,0,0,6,134,288,resize_cooldown,30,0,0,2,0,0,32,true,775.876,771.230,0.005988,false,false,0.000000,0,0,363,363,703,TP_RECOVERY,,688,1163476638,53457697,85.90
1786481626,stage2,1920,2048,512,448,0,448,3399,0,0,6,134,288,resize_cooldown,30,0,0,2,0,0,32,true,775.326,770.378,0.006383,false,false,0.000000,0,0,363,363,703,TP_RECOVERY,,1095,1163491206,53460028,86.21
1786481627,stage2,1920,2048,512,448,0,448,3399,0,0,6,134,288,resize_cooldown,30,0,0,2,0,0,32,true,774.644,768.506,0.007924,false,false,0.000000,0,0,363,363,703,TP_RECOVERY,,764,1163501287,53461674,85.96
1786481628,stage2,1920,2048,512,448,0,448,3399,0,0,6,134,288,resize_cooldown,30,0,0,2,0,0,32,true,774.262,770.827,0.004438,false,false,0.000000,0,0,363,363,703,TP_RECOVERY,,762,1163511419,53463212,86.82
1786481629,stage2,1920,2048,512,448,0,448,3399,0,0,6,134,288,resize_cooldown,30,0,0,2,0,0,32,true,773.722,768.859,0.006285,false,false,0.000000,0,0,363,363,703,TP_RECOVERY,,784,1163521680,53464814,86.50
1786481630,stage2,1920,2048,512,448,0,448,3399,0,0,6,134,288,resize_cooldown,30,0,0,2,0,0,32,true,772.937,765.873,0.009139,false,false,0.000000,0,0,363,363,703,TP_RECOVERY,,737,1163531344,53466355,86.25
1786481631,stage2,1920,2048,512,448,0,448,3399,0,0,6,134,288,resize_cooldown,30,0,0,2,0,0,32,true,772.257,766.131,0.007932,false,false,0.000000,0,0,363,363,703,TP_RECOVERY,,750,1163541367,53467976,86.08
1786481632,stage2,1920,2048,512,448,0,448,3399,0,0,6,134,288,resize_cooldown,30,0,0,2,0,0,32,true,771.733,767.025,0.006101,false,false,0.000000,0,0,363,363,703,TP_RECOVERY,,806,1163551824,53469661,86.12
1786481633,stage2,1920,2048,512,448,0,448,3399,0,0,6,134,288,resize_cooldown,30,0,0,2,0,0,32,true,769.787,760.465,0.012110,false,false,0.000000,0,0,363,363,703,TP_RECOVERY,,1092,1163566474,53471972,86.37
1786481635,stage2,1920,2048,512,448,0,448,3399,0,0,6,134,288,resize_cooldown,30,0,0,2,0,0,32,true,768.442,756.335,0.015755,false,false,0.000000,0,0,363,363,703,TP_RECOVERY,,715,1163576030,53473465,86.49
1786481636,stage2,1920,2048,512,448,0,448,3399,0,0,6,134,288,resize_cooldown,30,0,0,2,0,0,32,true,767.173,755.750,0.014889,false,false,0.000000,0,0,363,363,703,TP_RECOVERY,,762,1163585890,53475107,85.72
1786481637,stage2,1920,2048,512,448,0,448,3399,0,0,6,134,288,resize_cooldown,30,0,0,2,0,0,32,true,766.184,757.286,0.011614,false,false,0.000000,0,0,363,363,703,TP_RECOVERY,,784,1163596311,53476805,85.99
1786481638,stage2,1920,2048,512,448,0,448,3399,0,0,6,134,288,resize_cooldown,30,0,0,2,0,0,32,true,765.257,756.909,0.010908,false,false,0.000000,0,0,363,363,703,TP_RECOVERY,,794,1163606824,53478430,86.61
1786481639,stage2,1920,2048,512,448,0,448,3399,0,0,6,134,288,resize_cooldown,30,0,0,2,0,0,32,true,764.294,755.635,0.011329,false,false,0.000000,0,0,363,363,703,TP_RECOVERY,,727,1163616252,53479944,86.16
1786481640,stage2,1920,2048,512,448,0,448,3399,0,0,6,134,288,resize_cooldown,30,0,0,2,0,0,32,true,763.369,755.038,0.010914,false,false,0.000000,0,0,363,363,703,TP_RECOVERY,,754,1163626213,53481557,86.06
1786481641,stage2,1920,2048,512,448,0,448,3399,0,0,6,134,288,resize_cooldown,30,0,0,2,0,0,32,true,762.639,756.076,0.008607,false,false,0.000000,0,0,363,363,703,TP_RECOVERY,,1150,1163641464,53484033,86.03
1786481642,stage2,1920,2048,512,448,0,448,3399,0,0,6,134,288,resize_cooldown,30,0,0,2,0,0,32,true,762.038,756.625,0.007104,false,false,0.000000,0,0,363,363,703,TP_RECOVERY,,799,1163651853,53485702,86.16
1786481643,stage2,1920,2048,512,448,0,448,3399,0,0,6,134,288,resize_cooldown,30,0,0,2,0,0,32,true,761.483,756.488,0.006559,false,false,0.000000,0,0,363,363,703,TP_RECOVERY,,781,1163662174,53487345,86.27
1786481644,stage2,1920,2048,512,448,0,448,3399,0,0,6,134,288,resize_cooldown,30,0,0,2,0,0,32,true,760.773,754.387,0.008395,false,false,0.000000,0,0,363,363,703,TP_RECOVERY,,722,1163671731,53488854,86.36
1786481645,stage2,1920,2048,512,448,0,448,3399,0,0,6,134,288,resize_cooldown,30,0,0,2,0,0,32,true,760.147,754.508,0.007419,false,false,0.000000,0,0,363,363,703,TP_RECOVERY,,766,1163681730,53490509,85.80
1786481646,stage2,1920,2048,512,448,0,448,3399,0,0,6,134,288,resize_cooldown,30,0,0,2,0,0,32,true,759.740,756.077,0.004821,false,false,0.000000,0,0,363,363,703,TP_RECOVERY,,802,1163692373,53492189,86.37
1786481647,stage2,1920,2048,512,448,0,448,3399,0,0,6,134,288,resize_cooldown,30,0,0,2,0,0,32,true,759.421,756.548,0.003782,false,false,0.000000,0,0,363,363,703,TP_RECOVERY,,797,1163702909,53493820,86.59
1786481648,stage2,1920,2048,512,448,0,448,3399,0,0,6,134,288,resize_cooldown,30,0,0,2,0,0,32,true,760.085,755.987,0.005392,false,false,0.000000,0,0,363,363,703,TP_RECOVERY,,725,1163712615,53495303,86.75
1786481650,stage2,1920,2048,512,448,0,448,3399,0,0,6,134,288,resize_cooldown,30,0,0,2,0,0,32,true,759.696,756.199,0.004604,false,false,0.000000,0,0,363,363,703,TP_RECOVERY,,1109,1163727339,53497719,85.90
1786481651,stage2,1920,2048,512,448,0,448,3399,0,0,6,134,288,resize_cooldown,30,0,0,2,0,0,32,true,759.617,758.906,0.000936,false,false,0.000000,0,0,363,363,703,TP_RECOVERY,,808,1163738017,53499418,86.27
1786481652,stage2,1920,2048,512,448,0,448,3399,0,0,6,134,288,resize_cooldown,30,0,0,2,0,0,32,true,759.385,757.296,0.002751,false,false,0.000000,0,0,363,363,703,TP_RECOVERY,,383,1163743067,53500222,86.27
1786481653,stage2,1920,2048,512,448,0,448,3399,0,0,6,134,288,resize_cooldown,30,0,0,2,0,0,32,true,758.853,754.064,0.006310,false,false,0.000000,0,0,363,363,703,TP_RECOVERY,,1045,1163757120,53502383,86.67
1786481654,stage2,1920,2048,512,448,0,448,3399,0,0,6,134,288,resize_cooldown,30,0,0,2,0,0,32,true,758.407,754.393,0.005293,false,false,0.000000,0,0,363,363,703,TP_RECOVERY,,775,1163767269,53504095,85.57
1786481655,stage2,1920,2048,512,448,0,448,3399,0,0,6,134,288,resize_cooldown,30,0,0,2,0,0,32,true,758.381,758.145,0.000311,false,false,0.000000,0,0,363,363,703,TP_RECOVERY,,790,1163777703,53505827,85.76
1786481656,stage2,1920,2048,512,448,0,448,3399,0,0,6,134,288,resize_cooldown,30,0,0,2,0,0,32,true,758.330,757.874,0.000602,false,false,0.000000,0,0,363,363,703,TP_RECOVERY,,742,1163787761,53507344,86.89
1786481657,stage2,1920,2048,512,448,0,448,3399,0,0,6,134,288,resize_cooldown,30,0,0,2,0,0,32,true,759.645,759.645,0.000000,false,false,0.000000,0,0,363,363,703,TP_RECOVERY,,1140,1163803029,53509719,86.54
1786481658,stage2,1920,2048,512,448,0,448,3399,0,0,6,134,288,resize_cooldown,30,0,0,2,0,0,32,true,759.492,758.115,0.001812,false,false,0.000000,0,0,363,363,703,TP_RECOVERY,,752,1163813178,53511313,86.43
1786481659,stage2,1920,2048,512,448,0,448,3399,0,0,6,134,288,resize_cooldown,30,0,0,2,0,0,32,true,759.357,758.145,0.001597,false,false,0.000000,0,0,363,363,703,TP_RECOVERY,,746,1163823187,53512879,86.47
1786481660,stage2,1920,2048,512,448,0,448,3399,0,0,6,134,288,resize_cooldown,30,0,0,2,0,0,32,true,759.132,757.111,0.002663,false,false,0.000000,0,0,363,363,703,TP_RECOVERY,,551,1163830315,53514029,86.11
1786481661,stage2,1920,2048,512,448,0,448,3399,0,0,6,134,288,resize_cooldown,30,0,0,2,0,0,32,true,758.330,751.106,0.009525,false,false,0.000000,0,0,363,363,703,TP_RECOVERY,,576,1163838020,53515177,87.03
1786481662,stage2,1920,2048,512,448,0,448,3399,0,0,6,134,288,resize_cooldown,30,0,0,2,0,0,32,true,756.871,743.743,0.017345,false,false,0.000000,0,0,363,363,703,TP_RECOVERY,,621,1163846156,53516454,86.43
1786481663,stage2,1920,2048,512,448,0,448,3399,0,0,6,134,288,resize_cooldown,30,0,0,2,0,0,32,true,754.981,737.971,0.022531,false,false,0.000000,0,0,363,363,703,TP_RECOVERY,,535,1163853224,53517606,85.99
1786481665,stage2,1920,2048,512,448,0,448,3399,0,0,6,134,288,resize_cooldown,30,0,0,2,0,0,32,true,748.808,718.249,0.040809,false,false,0.000000,0,0,363,363,703,TP_RECOVERY,,500,1163859978,53518648,86.63
1786481666,stage2,1920,2048,512,448,0,448,3399,0,0,6,134,288,resize_cooldown,30,0,0,2,0,0,32,true,744.936,710.094,0.046772,false,false,0.000000,0,0,363,363,703,TP_RECOVERY,,621,1163868248,53519976,86.16
1786481667,stage2,1920,2048,512,448,0,448,3399,0,0,6,134,288,resize_cooldown,30,0,0,2,0,0,32,true,740.812,703.694,0.050105,false,false,0.000000,0,0,363,363,703,TP_RECOVERY,,610,1163876280,53521319,85.67
1786481668,stage2,1920,2048,512,448,0,448,3399,0,0,6,134,288,resize_cooldown,30,0,0,2,0,0,32,true,736.657,699.267,0.050757,false,false,0.000000,0,0,363,363,703,TP_RECOVERY,,351,1163880908,53522030,86.68
1786481669,stage2,1920,2048,512,448,0,448,3399,0,0,6,134,288,resize_cooldown,30,0,0,2,0,0,32,true,732.441,694.489,0.051816,false,false,0.000000,0,0,363,363,703,TP_RECOVERY,,740,1163890822,53523559,86.64
1786481670,stage2,1920,2048,512,448,0,448,3399,0,0,6,134,288,resize_cooldown,30,0,0,2,0,0,32,true,728.006,688.098,0.054818,false,false,0.000000,0,0,363,363,703,TP_RECOVERY,,644,1163899416,53524911,86.41
1786481671,stage2,1920,2048,512,448,0,448,3399,0,0,6,134,288,resize_cooldown,30,0,0,2,0,0,32,true,723.519,683.134,0.055817,false,false,0.000000,0,0,363,363,703,TP_RECOVERY,,658,1163908224,53526260,86.72
1786481672,stage2,1920,2048,512,448,0,448,3399,0,0,6,134,288,resize_cooldown,30,0,0,2,0,0,32,true,718.601,674.339,0.061595,false,false,0.000000,0,0,363,363,703,TP_RECOVERY,,746,1163918716,53527922,86.33
1786481673,stage2,1920,2048,512,448,0,448,3399,0,0,6,134,288,resize_cooldown,30,0,0,2,0,0,32,true,713.364,666.229,0.066074,false,false,0.000000,0,0,363,363,703,TP_RECOVERY,,602,1163926657,53529137,86.73
1786481675,stage2,1920,2048,512,448,0,448,3399,0,0,6,134,288,resize_cooldown,30,0,0,2,0,0,32,true,708.033,660.059,0.067758,false,false,0.000000,0,0,363,363,703,TP_RECOVERY,,607,1163934594,53530405,86.22
1786481676,stage2,1920,2048,512,448,0,448,3399,0,0,6,134,288,resize_cooldown,30,0,0,2,0,0,32,true,702.426,651.957,0.071850,false,false,0.000000,0,0,363,363,703,TP_RECOVERY,,692,1163943120,53531705,86.77
1786481677,stage2,1920,2048,512,448,0,448,3399,0,0,6,134,288,resize_cooldown,30,0,0,2,0,0,32,true,696.642,644.588,0.074721,false,false,0.000000,0,0,363,363,703,TP_RECOVERY,,475,1163949871,53532783,86.23
1786481678,stage2,1920,2048,512,448,0,448,3399,0,0,6,134,288,resize_cooldown,30,0,0,2,0,0,32,true,684.449,629.634,0.080086,false,false,0.000000,0,0,363,363,703,TP_RECOVERY,,605,1163957827,53534101,85.79
1786481679,stage2,1920,2048,512,448,0,448,3399,0,0,6,134,288,resize_cooldown,30,0,0,2,0,0,32,true,678.815,628.116,0.074688,false,false,0.000000,0,0,363,363,703,TP_RECOVERY,,648,1163966457,53535450,86.48
1786481680,stage2,1920,2048,512,448,0,448,3399,0,0,6,134,288,resize_cooldown,30,0,0,2,0,0,32,true,673.005,620.717,0.077693,false,false,0.000000,0,0,363,363,703,TP_RECOVERY,,911,1163978784,53537419,86.23
1786481681,stage2,1920,2048,512,448,0,448,3399,0,0,6,134,288,resize_cooldown,30,0,0,2,0,0,32,true,667.014,613.091,0.080842,false,false,0.000000,0,0,363,363,703,TP_RECOVERY,,337,1163983152,53538144,85.76
1786481682,stage2,1920,2048,512,448,0,448,3399,0,0,6,134,288,resize_cooldown,30,0,0,2,0,0,32,true,660.994,606.815,0.081966,false,false,0.000000,0,0,363,363,703,TP_RECOVERY,,663,1164030637,53569792,60.01
1786481683,stage2,1920,2048,512,448,0,448,3399,0,0,6,134,288,resize_cooldown,30,0,0,2,0,0,32,true,655.214,603.196,0.079391,false,false,0.000000,0,0,363,363,703,TP_RECOVERY,,622,1164038846,53571082,86.42
1786481685,stage2,1920,2048,512,448,0,448,3399,0,0,6,134,288,resize_cooldown,30,0,0,2,0,0,32,true,649.233,595.398,0.082921,false,false,0.000000,0,0,363,363,703,TP_RECOVERY,,613,1164046758,53572373,85.97
1786481686,stage3,1920,2048,512,448,0,448,3399,0,0,6,134,288,resize_cooldown,30,0,0,2,0,0,32,true,642.781,584.714,0.090337,false,false,0.000000,0,0,363,363,703,TP_RECOVERY,,598,1164054501,53573585,86.47
1786481687,stage3,1920,2048,512,448,0,448,3399,0,0,6,134,288,resize_cooldown,30,0,0,2,0,0,32,true,636.445,579.419,0.089600,false,false,0.000000,0,0,363,363,703,TP_RECOVERY,,575,1164062004,53574749,86.57
1786481688,stage3,1920,2048,512,448,0,448,3399,0,0,6,134,288,resize_cooldown,30,0,0,2,0,0,32,true,623.332,565.115,0.093397,false,false,0.000000,0,0,363,363,703,TP_RECOVERY,,597,1164069703,53575991,86.11
1786481689,stage3,1920,2048,512,448,0,448,3399,0,0,6,134,288,resize_cooldown,30,0,0,2,0,0,32,true,617.211,562.123,0.089254,false,false,0.000000,0,0,363,363,703,TP_RECOVERY,,997,1164082842,53578037,86.53
1786481690,stage3,1920,2048,512,448,0,448,3399,0,0,6,134,288,resize_cooldown,30,0,0,2,0,0,32,true,610.753,552.629,0.095168,false,false,0.000000,0,0,363,363,703,TP_RECOVERY,,446,1164088593,53578880,87.22
1786481691,stage3,1920,2048,512,448,0,448,3399,0,0,6,134,288,resize_cooldown,30,0,0,2,0,0,32,true,605.483,558.054,0.078333,false,false,0.000000,0,0,363,363,703,TP_RECOVERY,,751,1164098329,53580453,86.09
1786481692,stage3,1920,2048,512,448,0,448,3399,0,0,6,134,288,resize_cooldown,30,0,0,2,0,0,32,true,601.430,564.951,0.060654,false,false,0.000000,0,0,363,363,703,TP_RECOVERY,,764,1164108358,53582008,86.58
1786481693,stage3,1920,2048,512,448,0,448,3399,0,0,6,134,288,resize_cooldown,30,0,0,2,0,0,32,true,598.369,570.817,0.046045,false,false,0.000000,0,0,363,363,703,TP_RECOVERY,,759,1164118232,53583534,86.61
1786481694,stage3,1920,2048,512,448,0,448,3399,0,0,6,134,288,resize_cooldown,30,0,0,2,0,0,32,true,596.741,582.091,0.024550,false,false,0.000000,0,0,363,363,703,TP_RECOVERY,,769,1164128306,53585131,86.32
1786481696,stage3,1920,2048,512,448,0,448,3399,0,0,6,134,288,resize_cooldown,30,0,0,2,0,0,32,true,596.022,589.557,0.010848,false,false,0.000000,0,0,363,363,703,TP_RECOVERY,,649,1164136748,53586476,86.26
1786481697,stage3,1920,2048,512,448,0,448,3399,0,0,6,134,288,resize_cooldown,30,0,0,2,0,0,32,true,596.062,596.062,0.000000,false,false,0.000000,0,0,363,363,703,TP_RECOVERY,,1108,1164151296,53588721,86.63
1786481698,stage3,1920,2048,512,448,0,448,3399,0,0,6,134,288,resize_cooldown,30,0,0,2,0,0,32,true,602.562,602.562,0.000000,false,false,0.000000,0,0,363,363,703,TP_RECOVERY,,785,1164161594,53590288,86.79
1786481699,stage3,1920,2048,512,448,0,448,3399,0,0,6,134,288,resize_cooldown,30,0,0,2,0,0,32,true,606.437,606.437,0.000000,false,false,0.000000,0,0,363,363,703,TP_RECOVERY,,771,1164171672,53591853,86.56
1786481700,stage3,1920,2048,512,448,0,448,3399,0,0,6,134,288,resize_cooldown,30,0,0,2,0,0,32,true,610.629,610.629,0.000000,false,false,0.000000,0,0,363,363,703,TP_RECOVERY,,699,1164180779,53593284,86.42
1786481701,stage3,1920,2048,512,448,0,448,3399,0,0,6,134,288,resize_cooldown,30,0,0,2,0,0,32,true,617.269,617.269,0.000000,false,false,0.000000,0,0,363,363,703,TP_RECOVERY,,745,1164190535,53594826,86.35
1786481702,stage3,1920,2048,512,448,0,448,3399,0,0,6,134,288,resize_cooldown,30,0,0,2,0,0,32,true,628.220,628.220,0.000000,false,false,0.000000,0,0,363,363,703,TP_RECOVERY,,746,1164200213,53596349,86.40
1786481703,stage3,1920,2048,512,448,0,448,3399,0,0,6,134,288,resize_cooldown,30,0,0,2,0,0,32,true,635.731,635.731,0.000000,false,false,0.000000,0,0,363,363,703,TP_RECOVERY,,778,1164210358,53597929,86.52
1786481704,stage3,1920,2048,512,448,0,448,3399,0,0,6,134,288,resize_cooldown,30,0,0,2,0,0,32,true,640.422,640.422,0.000000,false,false,0.000000,0,0,363,363,703,TP_RECOVERY,,1020,1164223863,53600007,86.66
1786481705,stage3,1920,2048,512,448,0,448,3399,0,0,6,134,288,resize_cooldown,30,0,0,2,0,0,32,true,646.559,646.559,0.000000,false,false,0.000000,0,0,363,363,703,TP_RECOVERY,,736,1164233468,53601537,86.26
1786481706,stage3,1920,2048,512,448,0,448,3399,0,0,6,134,288,resize_cooldown,30,0,0,2,0,0,32,true,652.137,652.137,0.000000,false,false,0.000000,0,0,363,363,703,TP_RECOVERY,,725,1164242883,53603061,86.07
1786481707,stage3,1920,2048,512,448,0,448,3399,0,0,6,134,288,resize_cooldown,30,0,0,2,0,0,32,true,657.905,657.905,0.000000,false,false,0.000000,0,0,363,363,703,TP_RECOVERY,,723,1164252463,53604516,86.81
1786481708,stage3,1920,2048,512,448,0,448,3399,0,0,6,134,288,resize_cooldown,30,0,0,2,0,0,32,true,660.077,660.077,0.000000,false,false,0.000000,0,0,363,363,703,TP_RECOVERY,,671,1164261226,53605855,86.75
1786481710,stage3,1920,2048,512,448,0,448,3399,0,0,6,134,288,resize_cooldown,30,0,0,2,0,0,32,true,665.539,665.539,0.000000,false,false,0.000000,0,0,363,363,703,TP_RECOVERY,,763,1164271209,53607479,86.01
1786481711,stage3,1920,2048,512,448,0,448,3399,0,0,6,134,288,resize_cooldown,30,0,0,2,0,0,32,true,672.209,672.209,0.000000,false,false,0.000000,0,0,363,363,703,TP_RECOVERY,,773,1164281364,53609061,86.52
1786481712,stage3,1920,2048,512,448,0,448,3399,0,0,6,134,288,resize_cooldown,30,0,0,2,0,0,32,true,676.656,676.656,0.000000,false,false,0.000000,0,0,363,363,703,TP_RECOVERY,,694,1164290511,53610499,86.41
1786481713,stage3,1920,2048,512,448,0,448,3399,0,0,6,134,288,resize_cooldown,30,0,0,2,0,0,32,true,682.540,682.540,0.000000,false,false,0.000000,0,0,363,363,703,TP_RECOVERY,,1102,1164304999,53612698,86.82
1786481714,stage3,1920,2048,512,448,0,448,3399,0,0,6,134,288,resize_cooldown,30,0,0,2,0,0,32,true,686.322,686.322,0.000000,false,false,0.000000,0,0,363,363,703,TP_RECOVERY,,732,1164314558,53614201,86.41
1786481715,stage3,1920,2048,512,448,0,448,3399,0,0,6,134,288,resize_cooldown,30,0,0,2,0,0,32,true,694.160,694.160,0.000000,false,false,0.000000,0,0,363,363,703,TP_RECOVERY,,766,1164324519,53615792,86.23
1786481716,stage3,1920,2048,512,448,0,448,3399,0,0,6,134,288,resize_cooldown,30,0,0,2,0,0,32,true,704.334,704.334,0.000000,false,false,0.000000,0,0,363,363,703,TP_RECOVERY,,792,1164334886,53617459,86.15
1786481717,stage3,1920,2048,512,448,0,448,3399,0,0,6,134,288,resize_cooldown,30,0,0,2,0,0,32,true,718.512,718.512,0.000000,false,false,0.000000,0,0,363,363,703,TP_RECOVERY,,765,1164344878,53619011,86.56
1786481718,stage3,1920,2048,512,448,0,448,3399,0,0,6,134,288,resize_cooldown,30,0,0,2,0,0,32,true,723.230,723.230,0.000000,false,false,0.000000,0,0,363,363,703,TP_RECOVERY,,705,1164354144,53620414,86.85
1786481719,stage3,1920,2048,512,448,0,448,3399,0,0,6,134,288,resize_cooldown,30,0,0,2,0,0,32,true,726.591,726.591,0.000000,false,false,0.000000,0,0,363,363,703,TP_RECOVERY,,1140,1164369288,53622779,86.49
1786481720,stage3,1920,2048,512,448,0,448,3399,0,0,6,134,288,resize_cooldown,30,0,0,2,0,0,32,true,738.239,738.239,0.000000,false,false,0.000000,0,0,363,363,703,TP_RECOVERY,,791,1164379610,53624341,86.86
1786481721,stage3,1920,2048,512,448,0,448,3399,0,0,6,134,288,resize_cooldown,30,0,0,2,0,0,32,true,740.427,740.427,0.000000,false,false,0.000000,0,0,363,363,703,TP_RECOVERY,,825,1164390554,53625994,86.88
1786481722,stage3,1920,2048,512,448,0,448,3399,0,0,6,134,288,resize_cooldown,30,0,0,2,0,0,32,true,740.114,737.296,0.003807,false,false,0.000000,0,0,363,363,703,TP_RECOVERY,,764,1164400744,53627531,86.89
1786481724,stage3,1920,2048,512,448,0,448,3399,0,0,6,134,288,resize_cooldown,30,0,0,2,0,0,32,true,739.941,738.388,0.002099,false,false,0.000000,0,0,363,363,703,TP_RECOVERY,,755,1164410575,53629095,86.27
1786481725,stage3,1920,2048,512,448,0,448,3399,0,0,6,134,288,resize_cooldown,30,0,0,2,0,0,32,true,739.701,737.546,0.002914,false,false,0.000000,0,0,363,363,703,TP_RECOVERY,,771,1164420906,53630661,86.84
1786481726,stage3,1920,2048,512,448,0,448,3399,0,0,6,134,288,resize_cooldown,30,0,0,2,0,0,32,true,741.243,741.243,0.000000,false,false,0.000000,0,0,363,363,703,TP_RECOVERY,,743,1164430785,53632118,87.15
1786481727,stage3,1920,2048,512,448,0,448,3399,0,0,6,134,288,resize_cooldown,30,0,0,2,0,0,32,true,741.171,740.530,0.000866,false,false,0.000000,0,0,363,363,703,TP_RECOVERY,,688,1164439808,53633584,86.02
1786481728,stage3,1920,2048,512,448,0,448,3399,0,0,6,134,288,resize_cooldown,30,0,0,2,0,0,32,true,740.423,733.687,0.009097,false,false,0.000000,0,0,363,363,703,TP_RECOVERY,,629,1164448117,53634897,86.35
1786481729,stage3,1920,2048,512,448,0,448,3399,0,0,6,134,288,resize_cooldown,30,0,0,2,0,0,32,true,739.603,732.221,0.009981,false,false,0.000000,0,0,363,363,703,TP_RECOVERY,,1103,1164462622,53637221,86.19
1786481730,stage3,1920,2048,512,448,0,448,3399,0,0,6,134,288,resize_cooldown,30,0,0,2,0,0,32,true,738.963,733.200,0.007798,false,false,0.000000,0,0,363,363,703,TP_RECOVERY,,728,1164472259,53638706,86.65
1786481731,stage3,1920,2048,512,448,0,448,3399,0,0,6,134,288,resize_cooldown,30,0,0,2,0,0,32,true,737.503,730.700,0.009224,false,false,0.000000,0,0,363,363,703,TP_RECOVERY,,723,1164481909,53640097,87.40
1786481732,stage3,1920,2048,512,448,0,448,3399,0,0,6,134,288,resize_cooldown,30,0,0,2,0,0,32,true,736.353,726.009,0.014048,false,false,0.000000,0,0,363,363,703,TP_RECOVERY,,595,1164489682,53641314,86.46
1786481733,stage3,1920,2048,512,448,0,448,3399,0,0,6,134,288,resize_cooldown,30,0,0,2,0,0,32,true,735.120,724.016,0.015105,false,false,0.000000,0,0,363,363,703,TP_RECOVERY,,712,1164499088,53642791,86.43
1786481734,stage3,1920,2048,512,448,0,448,3399,0,0,6,134,288,resize_cooldown,30,0,0,2,0,0,32,true,734.273,726.656,0.010374,false,false,0.000000,0,0,363,363,703,TP_RECOVERY,,730,1164508777,53644260,86.83
1786481735,stage3,1920,2048,512,448,0,448,3399,0,0,6,134,288,resize_cooldown,30,0,0,2,0,0,32,true,733.396,725.505,0.010760,false,false,0.000000,0,0,363,363,703,TP_RECOVERY,,699,1164517965,53645643,86.92
1786481736,stage3,1920,2048,512,448,0,448,3399,0,0,6,134,288,resize_cooldown,30,0,0,2,0,0,32,true,731.251,711.939,0.026409,false,false,0.000000,0,0,363,363,703,TP_RECOVERY,,691,1164527225,53647008,87.15
1786481738,stage3,1920,2048,512,448,0,448,3399,0,0,6,134,288,resize_cooldown,30,0,0,2,0,0,32,true,729.347,712.210,0.023496,false,false,0.000000,0,0,363,363,703,TP_RECOVERY,,745,1164537118,53648548,86.53
1786481739,stage3,1920,2048,512,448,0,448,3399,0,0,6,134,288,resize_cooldown,30,0,0,2,0,0,32,true,727.839,714.271,0.018641,false,false,0.000000,0,0,363,363,703,TP_RECOVERY,,724,1164546730,53649987,86.98
1786481740,stage3,1920,2048,512,448,0,448,3399,0,0,6,134,288,resize_cooldown,30,0,0,2,0,0,32,true,726.278,712.227,0.019347,false,false,0.000000,0,0,363,363,703,TP_RECOVERY,,700,1164556183,53651371,87.23
1786481741,stage3,1920,2048,512,448,0,448,3399,0,0,6,134,288,resize_cooldown,30,0,0,2,0,0,32,true,724.695,710.449,0.019658,false,false,0.000000,0,0,363,363,703,TP_RECOVERY,,668,1164565016,53652726,86.70
1786481742,stage3,1920,2048,512,448,0,448,3399,0,0,6,134,288,resize_cooldown,30,0,0,2,0,0,32,true,723.005,707.797,0.021035,false,false,0.000000,0,0,363,363,703,TP_RECOVERY,,682,1164574076,53654146,86.45
1786481743,stage3,1920,2048,512,448,0,448,3399,0,0,6,134,288,resize_cooldown,30,0,0,2,0,0,32,true,721.193,704.880,0.022619,false,false,0.000000,0,0,363,363,703,TP_RECOVERY,,855,1164586119,53655921,87.15
1786481744,stage3,1920,2048,512,448,0,448,3399,0,0,6,134,288,resize_cooldown,30,0,0,2,0,0,32,true,718.271,704.891,0.018627,false,false,0.000000,0,0,363,363,703,TP_RECOVERY,,908,1164597430,53657677,86.56
1786481745,stage3,1920,2048,512,448,0,448,3399,0,0,6,134,288,resize_cooldown,30,0,0,2,0,0,32,true,716.751,703.072,0.019085,false,false,0.000000,0,0,363,363,703,TP_RECOVERY,,716,1164606985,53659075,87.24
1786481746,stage3,1920,2048,512,448,0,448,3399,0,0,6,134,288,resize_cooldown,30,0,0,2,0,0,32,true,714.977,699.013,0.022328,false,false,0.000000,0,0,363,363,703,TP_RECOVERY,,656,1164615735,53660390,86.93
1786481747,stage3,1920,2048,512,448,0,448,3399,0,0,6,134,288,resize_cooldown,30,0,0,2,0,0,32,true,713.162,696.828,0.022904,false,false,0.000000,0,0,363,363,703,TP_RECOVERY,,684,1164624741,53661787,86.57
1786481748,stage3,1920,2048,512,448,0,448,3399,0,0,6,134,288,resize_cooldown,30,0,0,2,0,0,32,true,711.474,696.283,0.021352,false,false,0.000000,0,0,363,363,703,TP_RECOVERY,,683,1164633754,53663211,86.36
1786481750,stage3,1920,2048,512,448,0,448,3399,0,0,6,134,288,resize_cooldown,30,0,0,2,0,0,32,true,709.798,694.710,0.021257,false,false,0.000000,0,0,363,363,703,TP_RECOVERY,,884,1164646353,53665034,87.36
1786481751,stage3,1920,2048,512,448,0,448,3399,0,0,6,134,288,resize_cooldown,30,0,0,2,0,0,32,true,707.684,688.664,0.026877,false,false,0.000000,0,0,363,363,703,TP_RECOVERY,,777,1164656132,53666529,86.74
1786481752,stage3,1920,2048,512,448,0,448,3399,0,0,6,134,288,resize_cooldown,30,0,0,2,0,0,32,true,705.290,683.744,0.030550,false,false,0.000000,0,0,363,363,703,TP_RECOVERY,,333,1164660566,53667190,87.03
1786481753,stage3,1920,2048,512,448,0,448,3399,0,0,6,134,288,resize_cooldown,30,0,0,2,0,0,32,true,702.719,679.574,0.032936,false,false,0.000000,0,0,363,363,703,TP_RECOVERY,,840,1164671738,53668865,86.96
1786481754,stage3,1920,2048,512,448,0,448,3399,0,0,6,134,288,resize_cooldown,30,0,0,2,0,0,32,true,699.920,674.731,0.035988,false,false,0.000000,0,0,363,363,703,TP_RECOVERY,,672,1164680763,53670205,87.07
1786481755,stage3,1920,2048,512,448,0,448,3399,0,0,6,134,288,resize_cooldown,30,0,0,2,0,0,32,true,697.201,672.730,0.035099,false,false,0.000000,0,0,363,363,703,TP_RECOVERY,,614,1164689075,53671366,87.74
1786481756,stage3,1920,2048,512,448,0,448,3399,0,0,6,134,288,resize_cooldown,30,0,0,2,0,0,32,true,694.191,667.100,0.039025,false,false,0.000000,0,0,363,363,703,TP_RECOVERY,,832,1164700827,53673128,86.96
1786481757,stage3,1920,2048,512,448,0,448,3399,0,0,6,134,288,resize_cooldown,30,0,0,2,0,0,32,true,689.253,669.125,0.029202,false,false,0.000000,0,0,363,363,703,TP_RECOVERY,,846,1164711552,53674717,87.10
1786481758,stage3,1920,2048,512,448,0,448,3399,0,0,6,134,288,resize_cooldown,30,0,0,2,0,0,32,true,686.734,664.061,0.033015,false,false,0.000000,0,0,363,363,703,TP_RECOVERY,,581,1164719325,53675867,87.11
1786481759,stage3,1920,2048,512,448,0,448,3399,0,0,6,134,288,resize_cooldown,30,0,0,2,0,0,32,true,684.057,659.962,0.035223,false,false,0.000000,0,0,363,363,703,TP_RECOVERY,,616,1164727421,53677091,86.87
1786481760,stage3,1920,2048,512,448,0,448,3399,0,0,6,134,288,resize_cooldown,30,0,0,2,0,0,32,true,681.594,659.426,0.032523,false,false,0.000000,0,0,363,363,703,TP_RECOVERY,,716,1164737049,53678549,86.85
1786481761,stage3,1920,2048,512,448,0,448,3399,0,0,6,134,288,resize_cooldown,30,0,0,2,0,0,32,true,679.214,657.799,0.031530,false,false,0.000000,0,0,363,363,703,TP_RECOVERY,,686,1164746048,53679908,86.88
1786481763,stage3,1920,2048,512,448,0,448,3399,0,0,6,134,288,resize_cooldown,30,0,0,2,0,0,32,true,676.883,655.901,0.030998,false,false,0.000000,0,0,363,363,703,TP_RECOVERY,,706,1164755901,53681387,86.95
1786481764,stage3,1920,2048,512,448,0,448,3399,0,0,6,134,288,resize_cooldown,30,0,0,2,0,0,32,true,674.071,648.763,0.037545,false,false,0.000000,0,0,363,363,703,TP_RECOVERY,,526,1164762613,53682394,86.95
1786481765,stage3,1920,2048,512,448,0,448,3399,0,0,6,134,288,resize_cooldown,30,0,0,2,0,0,32,true,670.391,637.276,0.049398,false,false,0.000000,0,0,363,363,703,TP_RECOVERY,,443,1164768553,53683267,87.19
1786481766,stage3,1920,2048,512,448,0,448,3399,0,0,6,134,288,resize_cooldown,30,0,0,2,0,0,32,true,666.450,630.973,0.053232,false,false,0.000000,0,0,363,363,703,TP_RECOVERY,,425,1164773379,53684037,86.24
1786481767,stage3,1920,2048,512,448,0,448,3399,0,0,6,134,288,resize_cooldown,30,0,0,2,0,0,32,true,663.698,638.932,0.037315,false,false,0.000000,0,0,363,363,703,TP_RECOVERY,,471,1164780399,53685088,86.98
1786481768,stage3,1920,2048,512,448,0,448,3399,0,0,6,134,288,resize_cooldown,30,0,0,2,0,0,32,true,660.326,629.976,0.045962,false,false,0.000000,0,0,363,363,703,TP_RECOVERY,,447,1164786463,53685926,87.86
1786481769,stage3,1920,2048,512,448,0,448,3399,0,0,6,134,288,resize_cooldown,30,0,0,2,0,0,32,true,656.093,618.003,0.058056,false,false,0.000000,0,0,363,363,703,TP_RECOVERY,,452,1164792423,53686833,86.79
1786481770,stage3,1920,2048,512,448,0,448,3399,0,0,6,134,288,resize_cooldown,30,0,0,2,0,0,32,true,646.599,603.021,0.067396,false,false,0.000000,0,0,363,363,703,TP_RECOVERY,,685,1164801201,53688166,86.82
1786481771,stage3,1920,2048,512,448,0,448,3399,0,0,6,134,288,resize_cooldown,30,0,0,2,0,0,32,true,641.897,599.583,0.065921,false,false,0.000000,0,0,363,363,703,TP_RECOVERY,,571,1164808961,53689361,86.66
1786481772,stage3,1920,2048,512,448,0,448,3399,0,0,6,134,288,resize_cooldown,30,0,0,2,0,0,32,true,637.231,595.234,0.065905,false,false,0.000000,0,0,363,363,703,TP_RECOVERY,,563,1164816604,53690499,87.04
1786481773,stage3,1920,2048,512,448,0,448,3399,0,0,6,134,288,resize_cooldown,30,0,0,2,0,0,32,true,632.565,590.574,0.066382,false,false,0.000000,0,0,363,363,703,TP_RECOVERY,,589,1164824460,53691702,86.72
1786481774,stage3,1920,2048,512,448,0,448,3399,0,0,6,134,288,resize_cooldown,30,0,0,2,0,0,32,true,627.693,583.843,0.069859,false,false,0.000000,0,0,363,363,703,TP_RECOVERY,,545,1164831592,53692769,86.99
1786481776,stage3,1920,2048,512,448,0,448,3399,0,0,6,134,288,resize_cooldown,30,0,0,2,0,0,32,true,622.598,576.738,0.073659,false,false,0.000000,0,0,363,363,703,TP_RECOVERY,,525,1164838526,53693829,86.74
1786481777,stage3,1920,2048,512,448,0,448,3399,0,0,6,134,288,resize_cooldown,30,0,0,2,0,0,32,true,617.673,573.351,0.071756,false,false,0.000000,0,0,363,363,703,TP_RECOVERY,,713,1164848813,53695285,87.60
1786481778,stage3,1920,2048,512,448,0,448,3399,0,0,6,134,288,resize_cooldown,30,0,0,2,0,0,32,true,612.967,570.609,0.069102,false,false,0.000000,0,0,363,363,703,TP_RECOVERY,,550,1164855857,53696352,86.85
1786481779,stage3,1920,2048,512,448,0,448,3399,0,0,6,134,288,resize_cooldown,30,0,0,2,0,0,32,true,608.268,565.977,0.069527,false,false,0.000000,0,0,363,363,703,TP_RECOVERY,,577,1164863252,53697512,86.44
1786481780,stage3,1920,2048,512,448,0,448,3399,0,0,6,134,288,resize_cooldown,30,0,0,2,0,0,32,true,603.559,561.186,0.070206,false,false,0.000000,0,0,363,363,703,TP_RECOVERY,,622,1164871479,53698721,87.19
1786481781,stage3,1920,2048,512,448,0,448,3399,0,0,6,134,288,resize_cooldown,30,0,0,2,0,0,32,true,599.296,560.930,0.064019,false,false,0.000000,0,0,363,363,703,TP_RECOVERY,,639,1164879929,53699979,87.04
1786481782,stage3,1920,2048,512,448,0,448,3399,0,0,6,134,288,resize_cooldown,30,0,0,2,0,0,32,true,594.918,555.514,0.066235,false,false,0.000000,0,0,363,363,703,TP_RECOVERY,,618,1164888256,53701177,87.42
1786481783,stage3,1920,2048,512,448,0,448,3399,0,0,6,134,288,resize_cooldown,30,0,0,2,0,0,32,true,591.003,555.764,0.059626,false,false,0.000000,0,0,363,363,703,TP_RECOVERY,,565,1164895756,53702286,87.12
1786481784,stage3,1920,2048,512,448,0,448,3399,0,0,6,134,288,resize_cooldown,30,0,0,2,0,0,32,true,583.214,547.854,0.060628,false,false,0.000000,0,0,363,363,703,TP_RECOVERY,,518,1164902661,53703328,86.89
1786481785,stage3,1920,2048,512,448,0,448,3399,0,0,6,134,288,resize_cooldown,30,0,0,2,0,0,32,true,579.556,546.641,0.056795,false,false,0.000000,0,0,363,363,703,TP_RECOVERY,,548,1164909971,53704391,87.30
1786481786,stage3,1920,2048,512,448,0,448,3399,0,0,6,134,288,resize_cooldown,30,0,0,2,0,0,32,true,575.817,542.159,0.058451,false,false,0.000000,0,0,363,363,703,TP_RECOVERY,,579,1164917638,53705508,87.28
1786481788,stage3,1920,2048,512,448,0,448,3399,0,0,6,134,288,resize_cooldown,30,0,0,2,0,0,32,true,571.917,536.817,0.061372,false,false,0.000000,0,0,363,363,703,TP_RECOVERY,,559,1164925077,53706631,86.88
1786481789,stage3,1920,2048,512,448,0,448,3399,0,0,6,134,288,resize_cooldown,30,0,0,2,0,0,32,true,568.204,534.795,0.058798,false,false,0.000000,0,0,363,363,703,TP_RECOVERY,,595,1164933075,53707811,87.14
1786481790,stage3,1920,2048,512,448,0,448,3399,0,0,6,134,288,resize_cooldown,30,0,0,2,0,0,32,true,564.183,527.994,0.064145,false,false,0.000000,0,0,363,363,703,TP_RECOVERY,,804,1164943822,53709404,87.09
1786481791,stage3,1920,2048,512,448,0,448,3399,0,0,6,134,288,resize_cooldown,30,0,0,2,0,0,32,true,560.554,527.885,0.058279,false,false,0.000000,0,0,363,363,703,TP_RECOVERY,,756,1164954032,53710897,87.24
1786481792,stage3,1920,2048,512,448,0,448,3399,0,0,6,134,288,resize_cooldown,30,0,0,2,0,0,32,true,560.554,527.885,0.058279,false,false,0.000000,0,0,363,363,703,TP_RECOVERY,,15,1164954215,53710897,100.00
1786481793,stage3,1920,2048,512,448,0,448,3399,0,0,6,134,288,resize_cooldown,30,0,0,2,0,0,32,true,555.993,514.946,0.073826,false,false,0.000000,0,0,363,363,703,TP_RECOVERY,,706,1164963619,53712316,86.89
1786481794,stage3,1920,2048,512,448,0,448,3399,0,0,6,134,288,resize_cooldown,30,0,0,2,0,0,32,true,552.723,523.294,0.053243,false,false,0.000000,0,0,363,363,703,TP_RECOVERY,,769,1164974073,53713806,87.53
1786481795,stage3,1920,2048,512,448,0,448,3399,0,0,6,134,288,resize_cooldown,30,0,0,2,0,0,32,true,550.843,533.919,0.030723,false,false,0.000000,0,0,363,363,703,TP_RECOVERY,,664,1164982935,53715119,87.10
1786481796,stage3,1920,2048,512,448,0,448,3399,0,0,6,134,288,resize_cooldown,30,0,0,2,0,0,32,true,549.644,547.325,0.004219,false,false,0.000000,0,0,363,363,703,TP_RECOVERY,,747,1164992986,53716644,86.83
1786481797,stage3,1920,2048,512,448,0,448,3399,0,0,6,134,288,resize_cooldown,30,0,0,2,0,0,32,true,558.181,558.181,0.000000,false,false,0.000000,0,0,363,363,703,TP_RECOVERY,,771,1165003502,53718231,86.89
1786481798,stage3,1920,2048,512,448,0,448,3399,0,0,6,134,288,resize_cooldown,30,0,0,2,0,0,32,true,572.134,572.134,0.000000,false,false,0.000000,0,0,363,363,703,TP_RECOVERY,,777,1165014004,53719708,87.67
1786481799,stage3,1920,2048,512,448,0,448,3399,0,0,6,134,288,resize_cooldown,30,0,0,2,0,0,32,true,580.119,580.119,0.000000,false,false,0.000000,0,0,363,363,703,TP_RECOVERY,,680,1165023217,53721058,87.22
1786481801,stage3,1920,2048,512,448,0,448,3399,0,0,6,134,288,resize_cooldown,30,0,0,2,0,0,32,true,585.259,585.259,0.000000,false,false,0.000000,0,0,363,363,703,TP_RECOVERY,,751,1165033479,53722545,87.34
1786481802,stage3,1920,2048,512,448,0,448,3399,0,0,6,134,288,resize_cooldown,30,0,0,2,0,0,32,true,585.023,582.896,0.003636,false,false,0.000000,0,0,363,363,703,TP_RECOVERY,,479,1165039805,53723478,87.15
1786481803,stage3,1920,2048,512,448,0,448,3399,0,0,6,134,288,resize_cooldown,30,0,0,2,0,0,32,true,584.633,581.126,0.005999,false,false,0.000000,0,0,363,363,703,TP_RECOVERY,,564,1165047427,53724617,87.00
1786481804,stage3,1920,2048,512,448,0,448,3399,0,0,6,134,288,resize_cooldown,30,0,0,2,0,0,32,true,583.896,577.263,0.011360,false,false,0.000000,0,0,363,363,703,TP_RECOVERY,,511,1165054374,53725611,87.48
1786481805,stage3,1920,2048,512,448,0,448,3399,0,0,6,134,288,resize_cooldown,30,0,0,2,0,0,32,true,582.128,566.220,0.027328,false,false,0.000000,0,0,363,363,703,TP_RECOVERY,,119,1165294528,53727672,99.15
1786481806,stage3,1920,2048,512,448,0,448,3399,0,0,6,134,288,resize_cooldown,30,0,0,2,0,0,32,true,576.662,554.957,0.037638,false,false,0.000000,0,0,363,363,703,TP_RECOVERY,,713,1165303983,53729065,87.16
1786481807,stage4,1920,2048,512,448,0,448,3399,0,0,6,134,288,resize_cooldown,30,0,0,2,0,0,32,true,575.167,561.717,0.023385,false,false,0.000000,0,0,363,363,703,TP_RECOVERY,,755,1165313819,53730516,87.14
1786481808,stage4,1920,2048,512,448,0,448,3399,0,0,6,134,288,resize_cooldown,30,0,0,2,0,0,32,true,573.674,560.237,0.023423,false,false,0.000000,0,0,363,363,703,TP_RECOVERY,,506,1165320347,53731613,85.61
1786481810,stage4,1920,2048,512,448,0,448,3399,0,0,6,134,288,resize_cooldown,30,0,0,2,0,0,32,true,572.729,564.224,0.014849,false,false,0.000000,0,0,363,363,703,TP_RECOVERY,,689,1165329409,53733061,86.22
1786481811,stage4,1920,2048,512,448,0,448,3399,0,0,6,134,288,resize_cooldown,30,0,0,2,0,0,32,true,572.265,568.091,0.007294,false,false,0.000000,0,0,363,363,703,TP_RECOVERY,,715,1165338697,53734502,86.57
1786481812,stage4,1920,2048,512,448,0,448,3399,0,0,6,134,288,resize_cooldown,30,0,0,2,0,0,32,true,571.230,561.912,0.016312,false,false,0.000000,0,0,363,363,703,TP_RECOVERY,,160,1165340731,53734829,86.15
1786481813,stage4,1920,2048,512,448,0,448,3399,0,0,6,134,288,resize_cooldown,30,0,0,2,0,0,32,true,570.044,559.370,0.018724,false,false,0.000000,0,0,363,363,703,TP_RECOVERY,,774,1165350916,53736317,87.25
1786481814,stage4,1920,2048,512,448,0,448,3399,0,0,6,134,288,resize_cooldown,30,0,0,2,0,0,32,true,568.084,550.442,0.031055,false,false,0.000000,0,0,363,363,703,TP_RECOVERY,,151,1165352718,53736618,85.69
1786481815,stage4,1920,2048,512,448,0,448,3399,0,0,6,134,288,resize_cooldown,30,0,0,2,0,0,32,true,562.284,535.063,0.048411,false,false,0.000000,0,0,363,363,703,TP_RECOVERY,,628,1165360282,53737775,86.73
1786481817,stage4,1920,2048,512,448,0,448,3399,0,0,6,134,288,resize_cooldown,30,0,0,2,0,0,32,true,559.977,539.213,0.037081,false,false,0.000000,0,0,363,363,703,TP_RECOVERY,,867,1165372393,53739622,86.77
1786481818,stage4,1920,2048,512,448,0,448,3399,0,0,6,134,288,resize_cooldown,30,0,0,2,0,0,32,true,558.445,544.659,0.024686,false,false,0.000000,0,0,363,363,703,TP_RECOVERY,,645,1165380863,53740849,87.35
1786481819,stage4,1920,2048,512,448,0,448,3399,0,0,6,134,288,resize_cooldown,30,0,0,2,0,0,32,true,557.873,552.724,0.009230,false,false,0.000000,0,0,363,363,703,TP_RECOVERY,,752,1165390883,53742319,87.21
1786481820,stage4,1920,2048,512,448,0,448,3399,0,0,6,134,288,resize_cooldown,30,0,0,2,0,0,32,true,563.604,563.604,0.000000,false,false,0.000000,0,0,363,363,703,TP_RECOVERY,,715,1165400318,53743693,87.29
1786481821,stage4,1920,2048,512,448,0,448,3399,0,0,6,134,288,resize_cooldown,30,0,0,2,0,0,32,true,563.604,554.505,0.000000,false,false,0.000000,0,0,363,363,703,TP_RECOVERY,,328,1165404968,53744408,86.67
1786481822,stage4,1920,2048,512,448,0,448,3399,0,0,6,134,288,resize_cooldown,30,0,0,2,0,0,32,true,562.255,550.120,0.021584,false,false,0.000000,0,0,363,363,703,TP_RECOVERY,,484,1165411199,53745373,86.59
1786481823,stage4,1920,2048,512,448,0,448,3399,0,0,6,134,288,resize_cooldown,30,0,0,2,0,0,32,true,561.277,552.469,0.015693,false,false,0.000000,0,0,363,363,703,TP_RECOVERY,,419,1165416381,53746164,86.76
1786481824,stage4,1920,2048,512,448,0,448,3399,0,0,6,134,288,resize_cooldown,30,0,0,2,0,0,32,true,559.162,540.130,0.034037,false,false,0.000000,0,0,363,363,703,TP_RECOVERY,,240,1165419419,53746596,87.55
1786481825,stage4,1920,2048,512,448,0,448,3399,0,0,6,134,288,resize_cooldown,30,0,0,2,0,0,32,true,550.806,511.007,0.072256,false,false,0.000000,0,0,363,363,703,TP_RECOVERY,,592,1165427218,53747758,87.03
1786481827,stage4,1920,2048,512,448,0,448,3399,0,0,6,134,288,resize_cooldown,30,0,0,2,0,0,32,true,546.368,506.427,0.073104,false,false,0.000000,0,0,363,363,703,TP_RECOVERY,,652,1165435846,53749006,87.36
1786481828,stage4,1920,2048,512,448,0,448,3399,0,0,6,134,288,resize_cooldown,30,0,0,2,0,0,32,true,542.035,503.040,0.071943,false,false,0.000000,0,0,363,363,703,TP_RECOVERY,,643,1165444429,53750251,87.33
1786481829,stage4,1920,2048,512,448,0,448,3399,0,0,6,134,288,resize_cooldown,30,0,0,2,0,0,32,true,537.273,494.416,0.079769,false,false,0.000000,0,0,363,363,703,TP_RECOVERY,,621,1165452538,53751485,86.79
1786481830,stage4,1920,2048,512,448,0,448,3399,0,0,6,134,288,resize_cooldown,30,0,0,2,0,0,32,true,533.097,495.510,0.070508,false,false,0.000000,0,0,363,363,703,TP_RECOVERY,,675,1165461446,53752821,86.96
1786481831,stage4,1920,2048,512,448,0,448,3399,0,0,6,134,288,resize_cooldown,30,0,0,2,0,0,32,true,528.849,490.614,0.072298,false,false,0.000000,0,0,363,363,703,TP_RECOVERY,,436,1165467231,53753648,87.49
1786481832,stage4,1920,2048,512,448,0,448,3399,0,0,6,134,288,resize_cooldown,30,0,0,2,0,0,32,true,524.966,490.026,0.066557,false,false,0.000000,0,0,363,363,703,TP_RECOVERY,,305,1165471204,53754235,87.13
1786481833,stage4,1920,2048,512,448,0,448,3399,0,0,6,134,288,resize_cooldown,30,0,0,2,0,0,32,true,521.191,487.209,0.065200,false,false,0.000000,0,0,363,363,703,TP_RECOVERY,,489,1165477535,53755166,87.18
1786481835,stage4,1920,2048,512,448,0,448,3399,0,0,6,134,288,resize_cooldown,30,0,0,2,0,0,32,true,511.483,497.164,0.027995,false,false,0.000000,0,0,363,363,703,TP_RECOVERY,,870,1165489025,53756902,86.87
1786481836,stage4,1920,2048,512,448,0,448,3399,0,0,6,134,288,resize_cooldown,30,0,0,2,0,0,32,true,510.063,497.277,0.025067,false,false,0.000000,0,0,363,363,703,TP_RECOVERY,,715,1165498483,53758312,87.03
1786481837,stage4,1920,2048,512,448,0,448,3399,0,0,6,134,288,resize_cooldown,30,0,0,2,0,0,32,true,508.464,494.076,0.028296,false,false,0.000000,0,0,363,363,703,TP_RECOVERY,,668,1165507350,53759596,87.35
1786481839,stage4,1920,2048,512,448,0,448,3399,0,0,6,134,288,resize_cooldown,30,0,0,2,0,0,32,true,507.933,503.152,0.009413,false,false,0.000000,0,0,363,363,703,TP_RECOVERY,,760,1165517432,53761079,87.18
1786481840,stage4,1920,2048,512,448,0,448,3399,0,0,6,134,288,resize_cooldown,30,0,0,2,0,0,32,true,507.137,499.972,0.014128,false,false,0.000000,0,0,363,363,703,TP_RECOVERY,,689,1165526518,53762432,87.04
1786481841,stage4,1920,2048,512,448,0,448,3399,0,0,6,134,288,resize_cooldown,30,0,0,2,0,0,32,true,505.359,489.357,0.031664,false,false,0.000000,0,0,363,363,703,TP_RECOVERY,,437,1165532274,53763269,87.30
1786481842,stage4,1920,2048,512,448,0,448,3399,0,0,6,134,288,resize_cooldown,30,0,0,2,0,0,32,true,504.007,491.836,0.024147,false,false,0.000000,0,0,363,363,703,TP_RECOVERY,,520,1165539064,53764306,86.75
1786481843,stage4,1920,2048,512,448,0,448,3399,0,0,6,134,288,resize_cooldown,30,0,0,2,0,0,32,true,502.911,493.054,0.019600,false,false,0.000000,0,0,363,363,703,TP_RECOVERY,,308,1165543015,53764917,86.61
1786481845,stage4,1920,2048,512,448,0,448,3399,0,0,6,134,288,resize_cooldown,30,0,0,2,0,0,32,true,501.247,501.155,0.000183,false,false,0.000000,0,0,363,363,703,TP_RECOVERY,,830,1165553989,53766601,86.70
1786481846,stage4,1920,2048,512,448,0,448,3399,0,0,6,134,288,resize_cooldown,30,0,0,2,0,0,32,true,512.101,512.101,0.000000,false,false,0.000000,0,0,363,363,703,TP_RECOVERY,,751,1165563927,53768056,87.23
1786481847,stage4,1920,2048,512,448,0,448,3399,0,0,6,134,288,resize_cooldown,30,0,0,2,0,0,32,true,512.004,511.133,0.001702,false,false,0.000000,0,0,363,363,703,TP_RECOVERY,,657,1165572705,53769311,87.49
1786481848,stage4,1920,2048,512,448,0,448,3399,0,0,6,134,288,resize_cooldown,30,0,0,2,0,0,32,true,516.011,516.011,0.000000,false,false,0.000000,0,0,363,363,703,TP_RECOVERY,,780,1165582930,53770873,86.75
1786481849,stage4,1920,2048,512,448,0,448,3399,0,0,6,134,288,resize_cooldown,30,0,0,2,0,0,32,true,515.865,514.552,0.002545,false,false,0.000000,0,0,363,363,703,TP_RECOVERY,,703,1165592163,53772289,86.70
1786481850,stage4,1920,2048,512,448,0,448,3399,0,0,6,134,288,resize_cooldown,30,0,0,2,0,0,32,true,514.202,499.238,0.029103,false,false,0.000000,0,0,363,363,703,TP_RECOVERY,,367,1165596928,53772980,87.34
1786481852,stage4,1920,2048,512,448,0,448,3399,0,0,6,134,288,resize_cooldown,30,0,0,2,0,0,32,true,512.794,500.118,0.024720,false,false,0.000000,0,0,363,363,703,TP_RECOVERY,,543,1165603987,53774070,86.62
1786481853,stage4,1920,2048,512,448,0,448,3399,0,0,6,134,288,resize_cooldown,30,0,0,2,0,0,32,true,511.136,496.219,0.029185,false,false,0.000000,0,0,363,363,703,TP_RECOVERY,,164,1165605995,53774379,86.66
1786481854,stage4,1920,2048,512,448,0,448,3399,0,0,6,134,288,resize_cooldown,30,0,0,2,0,0,32,true,507.675,491.119,0.032611,false,false,0.000000,0,0,363,363,703,TP_RECOVERY,,935,1165618519,53776235,87.09
1786481855,stage4,1920,2048,512,448,0,448,3399,0,0,6,134,288,resize_cooldown,30,0,0,2,0,0,32,true,512.497,512.497,0.000000,false,false,0.000000,0,0,363,363,703,TP_RECOVERY,,732,1165628159,53777691,86.88
1786481857,stage4,1920,2048,512,448,0,448,3399,0,0,6,134,288,resize_cooldown,30,0,0,2,0,0,32,true,521.353,521.353,0.000000,false,false,0.000000,0,0,363,363,703,TP_RECOVERY,,687,1165637287,53779048,87.06
1786481858,stage4,1920,2048,512,448,0,448,3399,0,0,6,134,288,resize_cooldown,30,0,0,2,0,0,32,true,524.597,524.597,0.000000,false,false,0.000000,0,0,363,363,703,TP_RECOVERY,,782,1165647683,53780600,87.01
1786481859,stage4,1920,2048,512,448,0,448,3399,0,0,6,134,288,resize_cooldown,30,0,0,2,0,0,32,true,528.057,528.057,0.000000,false,false,0.000000,0,0,363,363,703,TP_RECOVERY,,646,1165656219,53781863,87.11
1786481860,stage4,1920,2048,512,448,0,448,3399,0,0,6,134,288,resize_cooldown,30,0,0,2,0,0,32,true,526.553,513.361,0.025054,false,false,0.000000,0,0,363,363,703,TP_RECOVERY,,400,1165661482,53782616,87.48
1786481861,stage4,1920,2048,512,448,0,448,3399,0,0,6,134,288,resize_cooldown,30,0,0,2,0,0,32,true,526.553,513.361,0.025054,false,false,0.000000,0,0,363,363,703,TP_RECOVERY,,650,1165670070,53783933,86.70
1786481862,stage4,1920,2048,512,448,0,448,3399,0,0,6,134,288,resize_cooldown,30,0,0,2,0,0,32,true,525.566,525.403,0.000309,false,false,0.000000,0,0,363,363,703,TP_RECOVERY,,676,1165679000,53785277,86.92
1786481863,stage4,1920,2048,512,448,0,448,3399,0,0,6,134,288,resize_cooldown,30,0,0,2,0,0,32,true,524.846,518.374,0.012333,false,false,0.000000,0,0,363,363,703,TP_RECOVERY,,192,1165681500,53785629,87.66
1786481864,stage4,1920,2048,512,448,0,448,3399,0,0,6,134,288,resize_cooldown,30,0,0,2,0,0,32,true,534.914,534.914,0.000000,false,false,0.000000,0,0,363,363,703,TP_RECOVERY,,773,1165691793,53787179,86.91
1786481865,stage4,1920,2048,512,448,0,448,3399,0,0,6,134,288,resize_cooldown,30,0,0,2,0,0,32,true,559.861,559.861,0.000000,false,false,0.000000,0,0,363,363,703,TP_RECOVERY,,772,1165702062,53788682,87.23
1786481866,stage4,1920,2048,512,448,0,448,3399,0,0,6,134,288,resize_cooldown,30,0,0,2,0,0,32,true,559.635,557.605,0.003628,false,false,0.000000,0,0,363,363,703,TP_RECOVERY,,668,1165710960,53790009,87.02
1786481867,stage4,1920,2048,512,448,0,448,3399,0,0,6,134,288,resize_cooldown,30,0,0,2,0,0,32,true,561.029,561.029,0.000000,false,false,0.000000,0,0,363,363,703,TP_RECOVERY,,1135,1165726064,53792332,86.67
1786481868,stage4,1920,2048,512,448,0,448,3399,0,0,6,134,288,resize_cooldown,30,0,0,2,0,0,32,true,562.197,562.197,0.000000,false,false,0.000000,0,0,363,363,703,TP_RECOVERY,,684,1165735150,53793671,87.16
1786481869,stage4,1920,2048,512,448,0,448,3399,0,0,6,134,288,resize_cooldown,30,0,0,2,0,0,32,true,561.917,559.391,0.004495,false,false,0.000000,0,0,363,363,703,TP_RECOVERY,,686,1165744361,53795025,87.18
1786481870,stage4,1920,2048,512,448,0,448,3399,0,0,6,134,288,resize_cooldown,30,0,0,2,0,0,32,true,561.901,561.763,0.000247,false,false,0.000000,0,0,363,363,703,TP_RECOVERY,,654,1165753000,53796343,86.76
1786481872,stage4,1920,2048,512,448,0,448,3399,0,0,6,134,288,resize_cooldown,30,0,0,2,0,0,32,true,571.188,571.188,0.000000,false,false,0.000000,0,0,363,363,703,TP_RECOVERY,,772,1165763266,53797889,86.91
1786481873,stage4,1920,2048,512,448,0,448,3399,0,0,6,134,288,resize_cooldown,30,0,0,2,0,0,32,true,579.888,579.888,0.000000,false,false,0.000000,0,0,363,363,703,TP_RECOVERY,,481,1165769501,53798843,86.73
1786481874,stage4,1920,2048,512,448,0,448,3399,0,0,6,134,288,resize_cooldown,30,0,0,2,0,0,32,true,579.553,576.541,0.005197,false,false,0.000000,0,0,363,363,703,TP_RECOVERY,,621,1165777696,53800083,86.86
1786481875,stage4,1920,2048,512,448,0,448,3399,0,0,6,134,288,resize_cooldown,30,0,0,2,0,0,32,true,589.403,589.403,0.000000,false,false,0.000000,0,0,363,363,703,TP_RECOVERY,,463,1165783842,53801001,87.00
1786481876,stage4,1920,2048,512,448,0,448,3399,0,0,6,134,288,resize_cooldown,30,0,0,2,0,0,32,true,588.245,577.819,0.017724,false,false,0.000000,0,0,363,363,703,TP_RECOVERY,,16,1165783864,53801001,100.00
1786481877,stage4,1920,2048,512,448,0,448,3399,0,0,6,134,288,resize_cooldown,30,0,0,2,0,0,32,true,582.168,552.836,0.050384,false,false,0.000000,0,0,363,363,703,TP_RECOVERY,,1000,1165797122,53803027,86.74
1786481878,stage4,1920,2048,512,448,0,448,3399,0,0,6,134,288,resize_cooldown,30,0,0,2,0,0,32,true,579.220,552.685,0.045810,false,false,0.000000,0,0,363,363,703,TP_RECOVERY,,782,1165807525,53804559,87.16
1786481880,stage4,1920,2048,512,448,0,448,3399,0,0,6,134,288,resize_cooldown,30,0,0,2,0,0,32,true,576.609,553.115,0.040746,false,false,0.000000,0,0,363,363,703,TP_RECOVERY,,675,1165816437,53805886,87.04
1786481881,stage4,1920,2048,512,448,0,448,3399,0,0,6,134,288,resize_cooldown,30,0,0,2,0,0,32,true,575.727,567.790,0.013787,false,false,0.000000,0,0,363,363,703,TP_RECOVERY,,791,1165827023,53807484,86.88
1786481882,stage4,1920,2048,512,448,0,448,3399,0,0,6,134,288,resize_cooldown,30,0,0,2,0,0,32,true,577.767,577.767,0.000000,false,false,0.000000,0,0,363,363,703,TP_RECOVERY,,698,1165836255,53808849,87.12
1786481883,stage4,1920,2048,512,448,0,448,3399,0,0,6,134,288,resize_cooldown,30,0,0,2,0,0,32,true,580.710,580.710,0.000000,false,false,0.000000,0,0,363,363,703,TP_RECOVERY,,204,1165838762,53809232,86.75
1786481884,stage4,1920,2048,512,448,0,448,3399,0,0,6,134,288,resize_cooldown,30,0,0,2,0,0,32,true,580.298,576.586,0.006396,false,false,0.000000,0,0,363,363,703,TP_RECOVERY,,86,1165839850,53809344,90.67
1786481885,stage4,1920,2048,512,448,0,448,3399,0,0,6,134,288,resize_cooldown,30,0,0,2,0,0,32,true,579.154,568.860,0.017774,false,false,0.000000,0,0,363,363,703,TP_RECOVERY,,18,1165839910,53809346,96.77
1786481886,stage4,1920,2048,512,448,0,448,3399,0,0,6,134,288,resize_cooldown,30,0,0,2,0,0,32,true,579.154,568.860,0.017774,false,false,0.000000,0,0,363,363,703,TP_RECOVERY,,20,1165839950,53809351,88.89
1786481887,stage4,1920,2048,512,448,0,448,3399,0,0,6,134,288,resize_cooldown,30,0,0,2,0,0,32,true,579.154,568.860,0.017774,false,false,0.000000,0,0,363,363,703,TP_RECOVERY,,23,1165840145,53809351,100.00
1786481888,stage4,1920,2048,512,448,0,448,3399,0,0,6,134,288,resize_cooldown,30,0,0,2,0,0,32,true,579.154,568.860,0.017774,false,false,0.000000,0,0,363,363,703,TP_RECOVERY,,18,1165840169,53809351,100.00
1786481889,stage4,1920,2048,512,448,0,448,3399,0,0,6,134,288,resize_cooldown,30,0,0,2,0,0,32,true,579.154,568.860,0.017774,false,false,0.000000,0,0,363,363,703,TP_RECOVERY,,20,1165840220,53809354,94.44
1786481890,stage4,1920,2048,512,448,0,448,3399,0,0,6,134,288,resize_cooldown,30,0,0,2,0,0,32,true,579.154,568.860,0.017774,false,false,0.000000,0,0,363,363,703,TP_RECOVERY,,23,1165840415,53809354,100.00
1786481891,stage4,1920,2048,512,448,0,448,3399,0,0,6,134,288,resize_cooldown,30,0,0,2,0,0,32,true,579.154,568.860,0.017774,false,false,0.000000,0,0,363,363,703,TP_RECOVERY,,23,1165840537,53809367,90.37
1786481895,stage4,1920,2048,512,448,0,448,3399,0,0,6,134,288,resize_cooldown,30,0,0,2,0,0,32,true,579.154,568.860,0.017774,false,false,0.000000,0,0,363,363,703,TP_RECOVERY,,33,1165840740,53809367,100.00
1786481896,stage4,1920,2048,512,448,0,448,3399,0,0,6,134,288,resize_cooldown,30,0,0,2,0,0,32,true,572.018,507.792,0.112280,false,false,0.000000,0,0,363,363,703,TP_RECOVERY,,23,1165840935,53809367,100.00
1786481897,stage4,1920,2048,512,448,0,448,3399,0,0,6,134,288,resize_cooldown,30,0,0,2,0,0,32,true,572.018,507.792,0.112280,false,false,0.000000,0,0,363,363,703,TP_RECOVERY,,16,1165840957,53809367,100.00
1786481898,stage4,1920,2048,512,448,0,448,3399,0,0,6,134,288,resize_cooldown,30,0,0,2,0,0,32,true,572.018,507.792,0.112280,false,false,0.000000,0,0,363,363,703,TP_RECOVERY,,18,1165840980,53809367,100.00
1786481899,stage4,1920,2048,512,448,0,448,3399,0,0,6,134,288,resize_cooldown,30,0,0,2,0,0,32,true,572.018,507.792,0.112280,false,false,0.000000,0,0,363,363,703,TP_RECOVERY,,25,1165841202,53809371,98.23
1786481900,stage4,1920,2048,512,448,0,448,3399,0,0,6,134,288,resize_cooldown,30,0,0,2,0,0,32,true,572.018,507.792,0.112280,false,false,0.000000,0,0,363,363,703,TP_RECOVERY,,16,1165841224,53809371,100.00
1786481901,stage4,1920,2048,512,448,0,448,3399,0,0,6,134,288,resize_cooldown,30,0,0,2,0,0,32,true,572.018,507.792,0.112280,false,false,0.000000,0,0,363,363,703,TP_RECOVERY,,18,1165841247,53809371,100.00
1786481903,stage4,1920,2048,512,448,0,448,3399,0,0,6,134,288,resize_cooldown,30,0,0,2,0,0,32,true,572.018,507.792,0.112280,false,false,0.000000,0,0,363,363,703,TP_RECOVERY,,23,1165841442,53809371,100.00
1786481904,stage4,1920,2048,512,448,0,448,3399,0,0,6,134,288,resize_cooldown,30,0,0,2,0,0,32,true,572.018,507.792,0.112280,false,false,0.000000,0,0,363,363,703,TP_RECOVERY,,26,1165841606,53809394,87.70
1786481905,stage4,1920,2048,512,448,0,448,3399,0,0,6,134,288,resize_cooldown,30,0,0,2,0,0,32,true,534.547,359.857,0.326800,true,false,0.000000,0,0,363,363,705,TP_RECOVERY,,65,1165842360,53809477,90.08
1786481906,stage4,1920,2048,512,448,0,448,3399,0,0,6,134,288,resize_cooldown,30,0,0,2,0,0,32,true,515.304,342.113,0.336094,true,false,0.000000,0,0,363,363,707,TP_RECOVERY,,122,1165843802,53809712,85.99
1786481907,stage4,1920,2048,512,448,0,448,3399,0,0,6,134,288,resize_cooldown,30,0,0,2,0,0,32,true,496.771,329.980,0.335751,true,false,0.000000,0,0,363,363,709,TP_RECOVERY,,53,1165844284,53809782,87.32
1786481908,stage4,1920,2048,512,448,0,448,3399,0,0,6,134,288,resize_cooldown,30,0,0,2,0,0,32,true,477.008,299.142,0.372878,true,false,0.000000,0,0,363,363,711,TP_RECOVERY,,35,1165844665,53809813,92.48
1786481909,stage4,1920,2048,512,448,0,448,3399,0,0,6,134,288,resize_cooldown,30,0,0,2,0,0,32,true,477.008,299.142,0.372878,true,false,0.000000,0,0,363,363,711,TP_RECOVERY,,34,1165844899,53809851,86.03
1786481910,stage4,1920,2048,512,448,0,448,3399,0,0,6,134,288,resize_cooldown,30,0,0,2,0,0,32,true,449.471,201.640,0.551385,true,false,0.000000,0,0,363,363,713,TP_RECOVERY,,40,1165845217,53809888,89.58
1786481911,stage4,1920,2048,512,448,0,448,3399,0,0,6,134,288,resize_cooldown,30,0,0,2,0,0,32,true,419.337,148.131,0.646750,true,false,0.000000,0,0,363,363,715,TP_RECOVERY,,66,1165846002,53809975,90.02
1786481912,stage4,1920,2048,512,448,0,448,3399,0,0,6,134,288,resize_cooldown,30,0,0,2,0,0,32,true,386.222,88.183,0.771677,true,false,0.000000,0,0,363,363,717,TP_RECOVERY,,53,1165846539,53810052,87.46
1786481913,stage4,1920,2048,512,448,0,448,3399,0,0,6,134,288,resize_cooldown,30,0,0,2,0,0,32,true,352.814,52.145,0.852201,true,false,0.000000,0,0,363,363,719,TP_RECOVERY,,144,1165848267,53810312,86.92
1786481914,stage4,1920,2048,512,448,0,448,3399,0,0,6,134,288,resize_cooldown,30,0,0,2,0,0,32,true,352.814,104.104,0.000000,false,false,0.000000,0,0,363,363,719,TP_RECOVERY,,300,1165852347,53810897,87.46
1786481916,stage4,1920,2048,512,448,0,448,3399,0,0,6,134,288,resize_cooldown,30,0,0,2,0,0,32,true,352.814,154.421,0.000000,false,false,0.000000,0,0,363,363,719,TP_RECOVERY,,1022,1165865891,53812943,86.88
1786481917,stage4,1920,2048,512,448,0,448,3399,0,0,6,134,288,resize_cooldown,30,0,0,2,0,0,32,true,352.814,187.553,0.000000,false,false,0.000000,0,0,363,363,719,TP_RECOVERY,,594,1165873840,53814095,87.34
1786481918,stage4,1920,2048,512,448,0,448,3399,0,0,6,134,288,resize_cooldown,30,0,0,2,0,0,32,true,352.814,228.350,0.000000,false,false,0.000000,0,0,363,363,719,TP_RECOVERY,,740,1165883710,53815622,86.60
1786481919,stage4,1920,2048,512,448,0,448,3399,0,0,6,134,288,resize_cooldown,30,0,0,2,0,0,32,true,352.814,258.390,0.000000,false,false,0.000000,0,0,363,363,719,TP_RECOVERY,,1113,1165898484,53817904,86.62
1786481920,stage4,1920,2048,512,448,0,448,3399,0,0,6,134,288,resize_cooldown,30,0,0,2,0,0,32,true,352.814,287.997,0.000000,false,false,0.000000,0,0,363,363,719,TP_RECOVERY,,721,1165908204,53819340,87.13
1786481921,stage4,1920,2048,512,448,0,448,3399,0,0,6,134,288,resize_cooldown,30,0,0,2,0,0,32,true,352.814,315.335,0.000000,false,false,0.000000,0,0,363,363,719,TP_RECOVERY,,735,1165918105,53820739,87.62
1786481922,stage4,1920,2048,512,448,0,448,3399,0,0,6,134,288,resize_cooldown,30,0,0,2,0,0,32,true,352.814,335.568,0.000000,false,false,0.000000,0,0,363,363,719,TP_RECOVERY,,688,1165927248,53822104,87.01
1786481923,stage4,1920,2048,512,448,0,448,3399,0,0,6,134,288,resize_cooldown,30,0,0,2,0,0,32,true,352.814,356.714,0.000000,false,false,0.000000,0,0,363,363,719,TP_RECOVERY,,730,1165937163,53823537,87.37
1786481924,stage4,1920,2048,512,448,0,448,3399,0,0,6,134,288,resize_cooldown,30,0,0,2,0,0,32,true,352.814,374.321,0.000000,false,false,0.000000,0,0,363,363,719,TP_RECOVERY,,720,1165946752,53824948,87.17
1786481925,stage4,1920,2048,512,448,0,448,3399,0,0,6,134,288,resize_cooldown,30,0,0,2,0,0,32,true,403.273,403.273,0.000000,false,false,0.000000,0,0,363,363,719,TP_RECOVERY,,696,1165956016,53826285,87.39
1786481926,stage4,1920,2048,512,448,0,448,3399,0,0,6,134,288,resize_cooldown,30,0,0,2,0,0,32,true,403.273,432.217,0.000000,false,false,0.000000,0,0,363,363,719,TP_RECOVERY,,628,1165964468,53827476,87.65
1786481927,stage4,1920,2048,512,448,0,448,3399,0,0,6,134,288,resize_cooldown,30,0,0,2,0,0,32,true,403.273,444.042,0.000000,false,false,0.000000,0,0,363,363,719,TP_RECOVERY,,1117,1166240683,53843522,94.51
1786481928,stage4,1920,2048,512,448,0,448,3399,0,0,6,134,288,resize_cooldown,30,0,0,2,0,0,32,true,403.273,455.746,0.000000,false,false,0.000000,0,0,363,363,719,TP_RECOVERY,,719,1166250164,53844886,87.42
1786481930,stage4,1920,2048,512,448,0,448,3399,0,0,6,134,288,resize_cooldown,30,0,0,2,0,0,32,true,403.273,465.909,0.000000,false,false,0.000000,0,0,363,363,719,TP_RECOVERY,,721,1166259798,53846209,87.93
1786481931,stage4,1920,2048,512,448,0,448,3399,0,0,6,134,288,resize_cooldown,30,0,0,2,0,0,32,true,403.273,475.398,0.000000,false,false,0.000000,0,0,363,363,719,TP_RECOVERY,,667,1166268577,53847482,87.34
1786481932,stage4,1920,2048,512,448,0,448,3399,0,0,6,134,288,resize_cooldown,30,0,0,2,0,0,32,true,403.273,483.679,0.000000,false,false,0.000000,0,0,363,363,719,TP_RECOVERY,,733,1166278335,53848850,87.70
1786481933,stage4,1920,2048,512,448,0,448,3399,0,0,6,134,288,resize_cooldown,30,0,0,2,0,0,32,true,403.273,490.496,0.000000,false,false,0.000000,0,0,363,363,719,TP_RECOVERY,,715,1166287761,53850211,87.38
1786481934,stage4,1920,2048,512,448,0,448,3399,0,0,6,134,288,resize_cooldown,30,0,0,2,0,0,32,true,499.616,499.616,0.000000,false,false,0.000000,0,0,363,363,719,TP_RECOVERY,,760,1166297742,53851669,87.25
1786481935,stage4,1920,2048,512,448,0,448,3399,0,0,6,134,288,resize_cooldown,30,0,0,2,0,0,32,true,523.840,523.840,0.000000,false,false,0.000000,0,0,363,363,719,TP_RECOVERY,,707,1166307158,53853019,87.46
1786481936,stage4,1920,2048,512,448,0,448,3399,0,0,6,134,288,resize_cooldown,30,0,0,2,0,0,32,true,545.380,545.380,0.000000,false,false,0.000000,0,0,363,363,719,TP_RECOVERY,,1053,1166321071,53855092,87.03
1786481937,stage4,1920,2048,512,448,0,448,3399,0,0,6,134,288,resize_cooldown,30,0,0,2,0,0,32,true,566.932,566.932,0.000000,false,false,0.000000,0,0,363,363,719,TP_RECOVERY,,709,1166330461,53856425,87.57
1786481938,stage4,1920,2048,512,448,0,448,3399,0,0,6,134,288,resize_cooldown,30,0,0,2,0,0,32,true,589.248,589.248,0.000000,false,false,0.000000,0,0,363,363,719,TP_RECOVERY,,748,1166340376,53857846,87.46
1786481939,stage4,1920,2048,512,448,0,448,3399,0,0,6,134,288,resize_cooldown,30,0,0,2,0,0,32,true,589.248,613.773,0.000000,false,false,0.000000,0,0,363,363,719,TP_RECOVERY,,717,1166349883,53859207,87.48
1786481940,stage4,1920,2048,512,448,0,448,3399,0,0,6,134,288,resize_cooldown,30,0,0,2,0,0,32,true,638.254,638.254,0.000000,false,false,0.000000,0,0,363,363,719,TP_RECOVERY,,676,1166358774,53860512,87.20
1786481941,stage4,1920,2048,512,448,0,448,3399,0,0,6,134,288,resize_cooldown,30,0,0,2,0,0,32,true,655.202,655.202,0.000000,false,false,0.000000,0,0,363,363,719,TP_RECOVERY,,648,1166367434,53861740,87.58
1786481942,stage4,1920,2048,512,448,0,448,3399,0,0,6,134,288,resize_cooldown,30,0,0,2,0,0,32,true,671.924,671.924,0.000000,false,false,0.000000,0,0,363,363,719,TP_RECOVERY,,573,1166375030,53862837,87.38
1786481943,stage4,1920,2048,512,448,0,448,3399,0,0,6,134,288,resize_cooldown,30,0,0,2,0,0,32,true,687.654,687.654,0.000000,false,false,0.000000,0,0,363,363,719,TP_RECOVERY,,620,1166383207,53864026,87.31
1786481944,stage4,1920,2048,512,448,0,448,3399,0,0,6,134,288,resize_cooldown,30,0,0,2,0,0,32,true,687.333,684.444,0.004204,false,false,0.000000,0,0,363,363,719,TP_RECOVERY,,578,1166390956,53865080,88.03
1786481946,stage4,1920,2048,512,448,0,448,3399,0,0,6,134,288,resize_cooldown,30,0,0,2,0,0,32,true,685.960,673.600,0.018018,false,false,0.000000,0,0,363,363,719,TP_RECOVERY,,383,1166395944,53865804,87.32
1786481947,stage4,1920,2048,512,448,0,448,3399,0,0,6,134,288,resize_cooldown,30,0,0,2,0,0,32,true,682.897,655.327,0.040372,false,false,0.000000,0,0,363,363,719,TP_RECOVERY,,238,1166399073,53866223,88.19
1786481948,stage4,1920,2048,512,448,0,448,3399,0,0,6,134,288,resize_cooldown,30,0,0,2,0,0,32,true,679.706,650.994,0.042243,false,false,0.000000,0,0,363,363,719,TP_RECOVERY,,552,1166406342,53867295,87.15
1786481949,stage5,1920,2048,512,448,0,448,3399,0,0,6,134,288,resize_cooldown,30,0,0,2,0,0,32,true,676.305,645.696,0.045260,false,false,0.000000,0,0,363,363,719,TP_RECOVERY,,315,1166409461,53867583,91.55
1786481950,stage5,1920,2048,512,448,0,448,3399,0,0,6,134,288,resize_cooldown,30,0,0,2,0,0,32,true,670.864,621.895,0.072994,false,false,0.000000,0,0,363,363,719,TP_RECOVERY,,23,1166409655,53867583,100.00
1786481951,stage5,1920,2048,512,448,0,448,3399,0,0,6,134,288,resize_cooldown,30,0,0,2,0,0,32,true,663.542,597.636,0.099323,false,false,0.000000,0,0,363,363,719,TP_RECOVERY,,16,1166409678,53867583,100.00
1786481952,stage5,1920,2048,512,448,0,448,3399,0,0,6,134,288,resize_cooldown,30,0,0,2,0,0,32,true,654.743,575.552,0.120949,false,false,0.000000,0,0,363,363,719,TP_RECOVERY,,20,1166409703,53867583,100.00
1786481953,stage5,1920,2048,512,448,0,448,3399,0,0,6,134,288,resize_cooldown,30,0,0,2,0,0,32,true,644.432,551.640,0.143990,false,false,0.000000,0,0,363,363,719,TP_RECOVERY,,23,1166409898,53867583,100.00
1786481954,stage5,1920,2048,512,448,0,448,3399,0,0,6,134,288,resize_cooldown,30,0,0,2,0,0,32,true,632.870,528.810,0.164426,false,false,0.000000,0,0,363,363,719,TP_RECOVERY,,6,1166409906,53867583,100.00
1786481955,stage5,1920,2048,512,448,0,448,3399,0,0,6,134,288,resize_cooldown,30,0,0,2,0,0,32,true,620.173,505.898,0.184262,false,false,0.000000,0,0,363,363,719,TP_RECOVERY,,28,1166409943,53867583,100.00
1786481956,stage5,1920,2048,512,448,0,448,3399,0,0,6,134,288,resize_cooldown,30,0,0,2,0,0,32,true,606.538,483.821,0.202324,false,false,0.000000,0,0,363,363,719,TP_RECOVERY,,23,1166410138,53867583,100.00
1786481957,stage5,1920,2048,512,448,0,448,3399,0,0,6,134,288,resize_cooldown,30,0,0,2,0,0,32,true,592.144,462.598,0.218773,false,false,0.000000,0,0,363,363,719,TP_RECOVERY,,16,1166410160,53867583,100.00
1786481959,stage5,1920,2048,512,448,0,448,3399,0,0,6,134,288,resize_cooldown,30,0,0,2,0,0,32,true,592.144,462.598,0.218773,false,false,0.000000,0,0,363,363,719,TP_RECOVERY,,18,1166410183,53867583,100.00
1786481960,stage5,1920,2048,512,448,0,448,3399,0,0,6,134,288,resize_cooldown,30,0,0,2,0,0,32,true,575.932,430.026,0.253340,false,false,0.000000,0,0,363,363,719,TP_RECOVERY,,23,1166410378,53867583,100.00
1786481961,stage5,1920,2048,512,448,0,448,3399,0,0,6,134,288,resize_cooldown,30,0,0,2,0,0,32,true,558.952,406.136,0.273399,false,false,0.000000,0,0,363,363,719,TP_RECOVERY,,16,1166410400,53867583,100.00
1786481962,stage5,1920,2048,512,448,0,448,3399,0,0,6,134,288,resize_cooldown,30,0,0,2,0,0,32,true,541.282,382.252,0.293804,false,false,0.000000,0,0,363,363,719,TP_RECOVERY,,18,1166410423,53867583,100.00
1786481963,stage5,1920,2048,512,448,0,448,3399,0,0,6,134,288,resize_cooldown,30,0,0,2,0,0,32,true,523.052,358.976,0.313690,true,false,0.000000,0,0,363,363,721,TP_RECOVERY,,23,1166410618,53867583,100.00
1786481964,stage5,1920,2048,512,448,0,448,3399,0,0,6,134,288,resize_cooldown,30,0,0,2,0,0,32,true,504.376,336.300,0.333236,true,false,0.000000,0,0,363,363,723,TP_RECOVERY,,18,1166410641,53867583,100.00
1786481965,stage5,1920,2048,512,448,0,448,3399,0,0,6,134,288,resize_cooldown,30,0,0,2,0,0,32,true,485.034,310.955,0.358901,true,false,0.000000,0,0,363,363,725,TP_RECOVERY,,23,1166410836,53867583,100.00
1786481966,stage5,1920,2048,512,448,0,448,3399,0,0,6,134,288,resize_cooldown,30,0,0,2,0,0,32,true,465.210,286.790,0.383526,true,false,0.000000,0,0,363,363,727,TP_RECOVERY,,18,1166410860,53867583,100.00
1786481967,stage5,1920,2048,512,448,0,448,3399,0,0,6,134,288,resize_cooldown,30,0,0,2,0,0,32,true,445.090,264.008,0.406844,true,false,0.000000,0,0,363,363,729,TP_RECOVERY,,18,1166410883,53867583,100.00
1786481968,stage5,1920,2048,512,448,0,448,3399,0,0,6,134,288,resize_cooldown,30,0,0,2,0,0,32,true,400.149,196.175,0.509747,true,false,0.000000,0,0,363,363,733,TP_RECOVERY,,23,1166411078,53867583,100.00
1786481969,stage5,1920,2048,512,448,0,448,3399,0,0,6,134,288,resize_cooldown,30,0,0,2,0,0,32,true,377.265,171.304,0.545931,true,false,0.000000,0,0,363,363,735,TP_RECOVERY,,16,1166411100,53867583,100.00
1786481971,stage5,1920,2048,512,448,0,448,3399,0,0,6,134,288,resize_cooldown,30,0,0,2,0,0,32,true,354.366,148.280,0.581564,true,false,0.000000,0,0,363,363,737,TP_RECOVERY,,18,1166411123,53867583,100.00
1786481972,stage5,1920,2048,512,448,0,448,3399,0,0,6,134,288,resize_cooldown,30,0,0,2,0,0,32,true,331.795,128.650,0.612260,true,false,0.000000,0,0,363,363,739,TP_RECOVERY,,23,1166411318,53867583,100.00
1786481973,stage5,1920,2048,512,448,0,448,3399,0,0,6,134,288,resize_cooldown,30,0,0,2,0,0,32,true,309.568,109.524,0.646205,true,false,0.000000,0,0,363,363,741,TP_RECOVERY,,16,1166411340,53867583,100.00
1786481974,stage5,1920,2048,512,448,0,448,3399,0,0,6,134,288,resize_cooldown,30,0,0,2,0,0,32,true,287.595,89.841,0.687612,true,false,0.000000,0,0,363,363,743,TP_RECOVERY,,20,1166411368,53867583,100.00
1786481975,stage5,1920,2048,512,448,0,448,3399,0,0,6,134,288,resize_cooldown,30,0,0,2,0,0,32,true,266.119,72.832,0.726318,true,false,0.000000,0,0,363,363,745,TP_RECOVERY,,58,1166491191,54184508,20.12
1786481976,stage5,1920,2048,512,448,0,448,3399,0,0,6,134,288,resize_cooldown,30,0,0,2,0,0,32,true,245.488,59.809,0.756365,true,false,0.000000,0,0,363,363,747,TP_RECOVERY,,16,1166491213,54184508,100.00
1786481977,stage5,1920,2048,512,448,0,448,3399,0,0,6,134,288,resize_cooldown,30,0,0,2,0,0,32,true,226.859,59.204,0.739029,true,false,0.000000,0,0,363,363,749,TP_RECOVERY,,18,1166491236,54184508,100.00
1786481978,stage5,1920,2048,512,448,0,448,3399,0,0,6,134,288,resize_cooldown,30,0,0,2,0,0,32,true,207.934,37.606,0.819144,true,false,0.000000,0,0,363,363,751,TP_RECOVERY,,25,1166491433,54184508,100.00
1786481979,stage5,1920,2048,512,448,0,448,3399,0,0,6,134,288,resize_cooldown,30,0,0,2,0,0,32,true,189.105,19.641,0.896136,true,false,0.000000,0,0,363,363,753,TP_RECOVERY,,18,1166491456,54184508,100.00
1786481980,stage5,1920,2048,512,448,0,448,3399,0,0,6,134,288,resize_cooldown,30,0,0,2,0,0,32,true,172.165,19.707,0.885532,true,false,0.000000,0,0,363,363,755,TP_RECOVERY,,1332,1166665188,54423283,42.12
1786481981,stage5,1920,2048,512,448,0,448,3399,0,0,6,134,288,resize_cooldown,30,0,0,2,0,0,32,true,164.578,96.300,0.414869,true,false,0.000000,0,0,363,363,757,TP_RECOVERY,,2773,1166693790,54428168,85.41
1786481982,stage5,1920,2048,512,448,0,448,3399,0,0,6,134,288,resize_cooldown,30,0,0,2,0,0,32,true,293.134,293.134,0.000000,false,false,0.000000,0,0,363,363,757,TP_RECOVERY,,2730,1166722213,54432698,86.25
1786481984,stage5,1920,2048,512,448,0,448,3399,0,0,6,134,288,resize_cooldown,30,0,0,2,0,0,32,true,293.134,366.864,0.000000,false,false,0.000000,0,0,363,363,757,TP_RECOVERY,,2356,1166746906,54436576,86.43
1786481985,stage5,1920,2048,512,448,0,448,3399,0,0,6,134,288,resize_cooldown,30,0,0,2,0,0,32,true,453.870,453.870,0.000000,false,false,0.000000,0,0,363,363,757,TP_RECOVERY,,4144,1166790547,54443384,86.51
1786481986,stage5,1920,2048,512,448,0,448,3399,0,0,6,134,288,resize_cooldown,30,0,0,2,0,0,32,true,553.394,553.394,0.000000,false,false,0.000000,0,0,363,363,757,TP_RECOVERY,,2871,1166820707,54447923,86.92
1786481987,stage5,1920,2048,512,448,0,448,3399,0,0,6,134,288,resize_cooldown,30,0,0,2,0,0,32,true,647.199,647.199,0.000000,false,false,0.000000,0,0,363,363,757,TP_RECOVERY,,2807,1166850546,54452303,87.20
1786481988,stage5,1920,2048,512,448,0,448,3399,0,0,6,134,288,resize_cooldown,30,0,0,2,0,0,32,true,647.199,722.595,0.000000,false,false,0.000000,0,0,363,363,757,TP_RECOVERY,,2108,1166872943,54455592,87.20
1786481989,stage5,1920,2048,512,448,0,448,3399,0,0,6,134,288,resize_cooldown,30,0,0,2,0,0,32,true,791.097,791.097,0.000000,false,false,0.000000,0,0,363,363,757,TP_RECOVERY,,2787,1166902582,54459784,87.61
1786481990,stage5,1920,2048,512,448,0,448,3399,0,0,6,134,288,resize_cooldown,30,0,0,2,0,0,32,true,879.346,879.346,0.000000,false,false,0.000000,0,0,363,363,757,TP_RECOVERY,,2716,1166931740,54463828,87.82
1786481991,stage5,1920,2048,64,448,0,448,3399,0,0,6,134,288,resize_cooldown,30,0,0,2,0,0,32,true,974.700,974.700,0.000000,false,false,0.000000,0,0,363,363,757,TP_RECOVERY,,3757,1166971161,54469269,87.87
1786481992,stage5,1920,2048,512,448,0,448,3399,0,0,6,134,288,resize_cooldown,30,0,0,2,0,0,32,true,1055.381,1055.381,0.000000,false,false,0.000000,0,0,363,363,757,TP_RECOVERY,,3052,1167004952,54473930,87.88
1786481993,stage5,1920,2048,512,448,0,448,3399,0,0,6,134,288,resize_cooldown,30,0,0,2,0,0,32,true,1149.071,1149.071,0.000000,false,false,0.000000,0,0,363,363,757,TP_RECOVERY,,2268,1167030128,54478182,85.55
1786481994,stage5,1920,2048,512,448,0,448,3399,0,0,6,134,288,resize_cooldown,30,0,0,2,0,0,32,true,1203.101,1203.101,0.000000,false,false,0.000000,0,0,363,363,757,TP_RECOVERY,,1010,1167040541,54479545,88.43
1786481995,stage5,1920,2048,512,448,0,448,3399,0,0,6,134,288,resize_cooldown,30,0,0,2,0,0,32,true,1274.584,1274.584,0.000000,false,false,0.000000,0,0,363,363,757,TP_RECOVERY,,888,1167050516,54481060,86.81
1786481996,stage5,1920,2048,512,448,0,448,3399,0,0,6,134,288,resize_cooldown,30,0,0,2,0,0,32,true,1310.279,1310.279,0.000000,false,false,0.000000,0,0,363,363,757,TP_RECOVERY,,1262,1167063754,54483009,87.17
1786481998,stage5,1920,2048,512,448,0,448,3399,0,0,6,134,288,resize_cooldown,30,0,0,2,0,0,32,true,1354.230,1354.230,0.000000,false,false,0.000000,0,0,363,363,757,TP_RECOVERY,,1483,1167079534,54485273,87.45
1786481999,stage5,1920,2048,512,448,0,448,3399,0,0,6,134,288,resize_cooldown,30,0,0,2,0,0,32,true,1420.865,1420.865,0.000000,false,false,0.000000,0,0,363,363,757,TP_RECOVERY,,2090,1167102148,54488365,87.97
1786482000,stage5,1920,2048,512,448,0,448,3399,0,0,6,134,288,resize_cooldown,30,0,0,2,0,0,32,true,1460.061,1460.061,0.000000,false,false,0.000000,0,0,363,363,757,TP_RECOVERY,,1206,1167115119,54490129,88.03
1786482001,stage5,1920,2048,512,448,0,448,3399,0,0,6,134,288,resize_cooldown,30,0,0,2,0,0,32,true,1523.647,1523.647,0.000000,false,false,0.000000,0,0,363,363,757,TP_RECOVERY,,1811,1167134639,54492775,88.06
1786482002,stage5,1920,2048,512,448,0,448,3399,0,0,6,134,288,resize_cooldown,30,0,0,2,0,0,32,true,1584.073,1584.073,0.000000,false,false,0.000000,0,0,363,363,757,TP_RECOVERY,,3221,1167169765,54497528,88.08
1786482003,stage5,1920,2048,512,448,0,448,3399,0,0,6,134,288,resize_cooldown,30,0,0,2,0,0,32,true,1656.005,1656.005,0.000000,false,false,0.000000,0,0,363,363,757,TP_RECOVERY,,2315,1167194729,54501046,87.65
1786482004,stage5,1920,2048,512,448,0,448,3399,0,0,6,134,288,resize_cooldown,30,0,0,2,0,0,32,true,1719.991,1719.991,0.000000,false,false,0.000000,0,0,363,363,757,TP_RECOVERY,,1702,1167213259,54503583,87.96
1786482005,stage5,1920,2048,512,448,0,448,3399,0,0,6,134,288,resize_cooldown,30,0,0,2,0,0,32,true,1795.354,1795.354,0.000000,false,false,0.000000,0,0,363,363,757,TP_RECOVERY,,2013,1167235292,54506619,87.89
1786482006,stage5,1920,2048,512,448,0,448,3399,0,0,6,134,288,resize_cooldown,30,0,0,2,0,0,32,true,1868.240,1868.240,0.000000,false,false,0.000000,0,0,363,363,757,TP_RECOVERY,,2198,1167259150,54509844,88.09
1786482007,stage5,1920,2048,512,448,0,448,3399,0,0,6,134,288,resize_cooldown,30,0,0,2,0,0,32,true,1943.471,1943.471,0.000000,false,false,0.000000,0,0,363,363,757,TP_RECOVERY,,2264,1167284005,54513085,88.46
1786482008,stage5,1920,2048,512,448,0,448,3399,0,0,6,134,288,resize_cooldown,30,0,0,2,0,0,32,true,1998.930,1998.930,0.000000,false,false,0.000000,0,0,363,363,757,TP_RECOVERY,,1894,1167304803,54515823,88.37
1786482009,stage5,1920,2048,512,448,0,448,3399,0,0,6,134,288,resize_cooldown,30,0,0,2,0,0,32,true,2070.770,2070.770,0.000000,false,false,0.000000,0,0,363,363,757,TP_RECOVERY,,2575,1167333024,54519702,87.92
1786482010,stage5,1920,2048,512,448,0,448,3399,0,0,6,134,288,resize_cooldown,30,0,0,2,0,0,32,true,2134.641,2134.641,0.000000,false,false,0.000000,0,0,363,363,757,TP_RECOVERY,,2444,1167359762,54523363,87.96
1786482012,stage5,1920,2048,512,448,0,448,3399,0,0,6,134,288,resize_cooldown,30,0,0,2,0,0,32,true,2133.517,2123.401,0.004741,false,false,0.000000,0,0,363,363,757,TP_RECOVERY,,1271,1167373594,54525202,88.26
1786482013,stage5,1920,2048,512,448,0,448,3399,0,0,6,134,288,resize_cooldown,30,0,0,2,0,0,32,true,2120.933,2067.083,0.025390,false,false,0.000000,0,0,363,363,757,TP_RECOVERY,,2315,1167398882,54528590,88.19
1786482014,stage5,1920,2048,512,448,0,448,3399,0,0,6,134,288,resize_cooldown,30,0,0,2,0,0,32,true,2117.011,2081.711,0.016674,false,false,0.000000,0,0,363,363,757,TP_RECOVERY,,2698,1167428491,54532582,88.12
1786482015,stage5,1920,2048,512,448,0,448,3399,0,0,6,134,288,resize_cooldown,30,0,0,2,0,0,32,true,2109.939,2046.290,0.030166,false,false,0.000000,0,0,363,363,757,TP_RECOVERY,,2234,1167453123,54535849,88.29
1786482016,stage5,1920,2048,512,448,0,448,3399,0,0,6,134,288,resize_cooldown,30,0,0,2,0,0,32,true,2100.727,2017.817,0.039467,false,false,0.000000,0,0,363,363,757,TP_RECOVERY,,2068,1167475905,54538858,88.33
1786482017,stage5,1920,2048,512,448,0,448,3399,0,0,6,134,288,resize_cooldown,30,0,0,2,0,0,32,true,2090.145,1994.913,0.045562,false,false,0.000000,0,0,363,363,757,TP_RECOVERY,,2323,1167501705,54542295,88.24
1786482018,stage5,1920,2048,512,448,0,448,3399,0,0,6,134,288,resize_cooldown,30,0,0,2,0,0,32,true,2080.153,1990.218,0.043235,false,false,0.000000,0,0,363,363,757,TP_RECOVERY,,2215,1167526124,54545520,88.33
1786482019,stage5,1920,2048,512,448,0,448,3399,0,0,6,134,288,resize_cooldown,30,0,0,2,0,0,32,true,2069.156,1970.189,0.047830,false,false,0.000000,0,0,363,363,757,TP_RECOVERY,,2062,1167548946,54548582,88.17
1786482020,stage5,1920,2048,512,448,0,448,3399,0,0,6,134,288,resize_cooldown,30,0,0,2,0,0,32,true,2055.392,1931.516,0.060269,false,false,0.000000,0,0,363,363,757,TP_RECOVERY,,1732,1167567991,54551109,88.29
1786482021,stage5,1920,2048,512,448,0,448,3399,0,0,6,134,288,resize_cooldown,30,0,0,2,0,0,32,true,2040.113,1902.601,0.067404,false,false,0.000000,0,0,363,363,757,TP_RECOVERY,,1914,1167589217,54553966,88.14
1786482022,stage5,1920,2048,512,448,0,448,3399,0,0,6,134,288,resize_cooldown,30,0,0,2,0,0,32,true,2024.524,1884.220,0.069302,false,false,0.000000,0,0,363,363,757,TP_RECOVERY,,2666,1167618965,54557912,88.29
1786482024,stage5,1920,2048,512,448,0,448,3399,0,0,6,134,288,resize_cooldown,30,0,0,2,0,0,32,true,2006.356,1842.848,0.081495,false,false,0.000000,0,0,363,363,757,TP_RECOVERY,,1731,1167638166,54560466,88.26
1786482025,stage5,1920,2048,512,448,0,448,3399,0,0,6,134,288,resize_cooldown,30,0,0,2,0,0,32,true,1976.930,1855.472,0.061438,false,false,0.000000,0,0,363,363,757,TP_RECOVERY,,1982,1167660363,54563312,88.64
1786482026,stage5,1920,2048,512,448,0,448,3399,0,0,6,134,288,resize_cooldown,30,0,0,2,0,0,32,true,1967.244,1880.068,0.044314,false,false,0.000000,0,0,363,363,757,TP_RECOVERY,,1732,1167679702,54565754,88.79
1786482027,stage5,1920,2048,512,448,0,448,3399,0,0,6,134,288,resize_cooldown,30,0,0,2,0,0,32,true,1959.197,1886.771,0.036967,false,false,0.000000,0,0,363,363,757,TP_RECOVERY,,1446,1167695803,54567812,88.67
1786482028,stage5,1920,2048,512,448,0,448,3399,0,0,6,134,288,resize_cooldown,30,0,0,2,0,0,32,true,1953.743,1904.666,0.025120,false,false,0.000000,0,0,363,363,757,TP_RECOVERY,,2073,1167718986,54570883,88.30
1786482029,stage5,1920,2048,512,448,0,448,3399,0,0,6,134,288,resize_cooldown,30,0,0,2,0,0,32,true,1947.826,1894.564,0.027344,false,false,0.000000,0,0,363,363,757,TP_RECOVERY,,1896,1167740272,54573628,88.58
1786482030,stage5,1920,2048,512,448,0,448,3399,0,0,6,134,288,resize_cooldown,30,0,0,2,0,0,32,true,1944.095,1910.518,0.017271,false,false,0.000000,0,0,363,363,757,TP_RECOVERY,,1786,1167760407,54576222,88.59
1786482031,stage5,1920,2048,512,448,0,448,3399,0,0,6,134,288,resize_cooldown,30,0,0,2,0,0,32,true,1939.522,1898.365,0.021220,false,false,0.000000,0,0,363,363,757,TP_RECOVERY,,1156,1167773007,54577778,89.01
1786482032,stage5,1920,2048,512,448,0,448,3399,0,0,6,134,288,resize_cooldown,30,0,0,2,0,0,32,true,1931.410,1858.407,0.037798,false,false,0.000000,0,0,363,363,757,TP_RECOVERY,,290,1167776509,54578216,88.88
1786482034,stage5,1920,2048,512,448,0,448,3399,0,0,6,134,288,resize_cooldown,30,0,0,2,0,0,32,true,1917.127,1788.575,0.067054,false,false,0.000000,0,0,363,363,757,TP_RECOVERY,,67,1167777093,54578289,88.89
1786482035,stage5,1920,2048,512,448,0,448,3399,0,0,6,134,288,resize_cooldown,30,0,0,2,0,0,32,true,1898.009,1725.951,0.090652,false,false,0.000000,0,0,363,363,757,TP_RECOVERY,,53,1167777631,54578361,88.20
1786482036,stage5,1920,2048,512,448,0,448,3399,0,0,6,134,288,resize_cooldown,30,0,0,2,0,0,32,true,1873.894,1656.858,0.115821,false,false,0.000000,0,0,363,363,757,TP_RECOVERY,,397,1167781970,54578899,88.97
1786482037,stage5,1920,2048,512,448,0,448,3399,0,0,6,134,288,resize_cooldown,30,0,0,2,0,0,32,true,1845.524,1590.195,0.138351,false,false,0.000000,0,0,363,363,757,TP_RECOVERY,,147,1167783452,54579073,89.49
1786482038,stage5,1920,2048,512,448,0,448,3399,0,0,6,134,288,resize_cooldown,30,0,0,2,0,0,32,true,1812.767,1517.956,0.162630,false,false,0.000000,0,0,363,363,757,TP_RECOVERY,,69,1167784155,54579130,92.50
1786482039,stage5,1920,2048,512,448,0,448,3399,0,0,6,134,288,resize_cooldown,30,0,0,2,0,0,32,true,1777.847,1463.564,0.176777,false,false,0.000000,0,0,363,363,757,TP_RECOVERY,,82,1167784982,54579237,88.54
1786482041,stage5,1920,2048,512,448,0,448,3399,0,0,6,134,288,resize_cooldown,30,0,0,2,0,0,32,true,1737.595,1375.329,0.208487,false,false,0.000000,0,0,363,363,757,TP_RECOVERY,,149,1167786522,54579409,89.95
1786482042,stage5,1920,2048,512,448,0,448,3399,0,0,6,134,288,resize_cooldown,30,0,0,2,0,0,32,true,1654.779,1287.794,0.221773,false,false,0.000000,0,0,363,363,757,TP_RECOVERY,,197,1167788573,54579686,88.10
1786482043,stage5,1920,2048,512,448,0,448,3399,0,0,6,134,288,resize_cooldown,30,0,0,2,0,0,32,true,1609.132,1198.309,0.255307,false,false,0.000000,0,0,363,363,757,TP_RECOVERY,,275,1167791550,54580070,88.57
1786482044,stage5,1920,2048,512,448,0,448,3399,0,0,6,134,288,resize_cooldown,30,0,0,2,0,0,32,true,1562.211,1139.927,0.270312,false,false,0.000000,0,0,363,363,757,TP_RECOVERY,,863,1167801084,54581294,88.62
1786482045,stage5,1920,2048,512,448,0,448,3399,0,0,6,134,288,resize_cooldown,30,0,0,2,0,0,32,true,1515.469,1094.793,0.277588,false,false,0.000000,0,0,363,363,757,TP_RECOVERY,,542,1167807061,54582096,88.17
1786482046,stage5,1920,2048,512,448,0,448,3399,0,0,6,134,288,resize_cooldown,30,0,0,2,0,0,32,true,1469.029,1051.070,0.284514,false,false,0.000000,0,0,363,363,757,TP_RECOVERY,,786,1167815810,54583222,88.60
1786482047,stage5,1920,2048,512,448,0,448,3399,0,0,6,134,288,resize_cooldown,30,0,0,2,0,0,32,true,1423.850,1017.235,0.285574,false,false,0.000000,0,0,363,363,757,TP_RECOVERY,,1520,1167833056,54585410,88.74
1786482048,stage5,1920,2048,512,448,0,448,3399,0,0,6,134,288,resize_cooldown,30,0,0,2,0,0,32,true,1380.873,994.076,0.280111,false,false,0.000000,0,0,363,363,757,TP_RECOVERY,,1604,1167851103,54587680,88.83
1786482050,stage5,1920,2048,512,448,0,448,3399,0,0,6,134,288,resize_cooldown,30,0,0,2,0,0,32,true,1337.938,951.526,0.288812,false,false,0.000000,0,0,363,363,757,TP_RECOVERY,,255,1167853900,54588025,89.02
1786482051,stage5,1920,2048,512,448,0,448,3399,0,0,6,134,288,resize_cooldown,30,0,0,2,0,0,32,true,1252.395,876.156,0.300415,true,false,0.000000,0,0,363,363,761,TP_RECOVERY,,1338,1167868881,54589919,88.78
1786482052,stage5,1920,2048,512,448,0,448,3399,0,0,6,134,288,resize_cooldown,30,0,0,2,0,0,32,true,1214.528,873.723,0.280607,false,false,0.000000,0,0,363,363,761,TP_RECOVERY,,1874,1167889976,54592586,88.78
1786482053,stage5,1920,2048,512,448,0,448,3399,0,0,6,134,288,resize_cooldown,30,0,0,2,0,0,32,true,1180.999,879.242,0.255510,false,false,0.000000,0,0,363,363,761,TP_RECOVERY,,1848,1167910824,54595254,88.65
1786482054,stage5,1920,2048,512,448,0,448,3399,0,0,6,134,288,resize_cooldown,30,0,0,2,0,0,32,true,1150.680,877.807,0.237140,false,false,0.000000,0,0,363,363,761,TP_RECOVERY,,1785,1167930983,54597778,88.87
1786482055,stage5,1920,2048,512,448,0,448,3399,0,0,6,134,288,resize_cooldown,30,0,0,2,0,0,32,true,1124.383,887.713,0.210489,false,false,0.000000,0,0,363,363,761,TP_RECOVERY,,1989,1167953636,54600593,88.95
1786482056,stage5,1920,2048,512,448,0,448,3399,0,0,6,134,288,resize_cooldown,30,0,0,2,0,0,32,true,1100.296,883.511,0.197024,false,false,0.000000,0,0,363,363,761,TP_RECOVERY,,1582,1167971735,54602830,89.00
1786482057,stage5,1920,2048,512,448,0,448,3399,0,0,6,134,288,resize_cooldown,30,0,0,2,0,0,32,true,1079.822,895.556,0.170645,false,false,0.000000,0,0,363,363,761,TP_RECOVERY,,2050,1167994970,54605754,88.82
1786482059,stage5,1920,2048,512,448,0,448,3399,0,0,6,134,288,resize_cooldown,30,0,0,2,0,0,32,true,1060.561,887.211,0.163451,false,false,0.000000,0,0,363,363,761,TP_RECOVERY,,1725,1168014565,54608235,88.76
1786482060,stage5,1920,2048,512,448,0,448,3399,0,0,6,134,288,resize_cooldown,30,0,0,2,0,0,32,true,1043.321,888.166,0.148713,false,false,0.000000,0,0,363,363,761,TP_RECOVERY,,1827,1168035362,54610871,88.75
1786482061,stage5,1920,2048,512,448,0,448,3399,0,0,6,134,288,resize_cooldown,30,0,0,2,0,0,32,true,1028.199,892.101,0.132366,false,false,0.000000,0,0,363,363,761,TP_RECOVERY,,1736,1168055200,54613309,89.06
1786482062,stage5,1920,2048,512,448,0,448,3399,0,0,6,134,288,resize_cooldown,30,0,0,2,0,0,32,true,1006.205,926.693,0.079021,false,false,0.000000,0,0,363,363,761,TP_RECOVERY,,1678,1168074653,54615724,88.96
1786482063,stage5,1920,2048,512,448,0,448,3399,0,0,6,134,288,resize_cooldown,30,0,0,2,0,0,32,true,1003.465,978.808,0.024573,false,false,0.000000,0,0,363,363,761,TP_RECOVERY,,1937,1168096821,54618459,89.02
1786482064,stage5,1920,2048,512,448,0,448,3399,0,0,6,134,288,resize_cooldown,30,0,0,2,0,0,32,true,1003.465,1038.293,0.000000,false,false,0.000000,0,0,363,363,761,TP_RECOVERY,,1987,1168119730,54621234,89.20
1786482065,stage5,1920,2048,512,448,0,448,3399,0,0,6,134,288,resize_cooldown,30,0,0,2,0,0,32,true,1058.996,1058.996,0.000000,false,false,0.000000,0,0,363,363,761,TP_RECOVERY,,1673,1168139066,54623534,89.37
1786482066,stage5,1920,2048,512,448,0,448,3399,0,0,6,134,288,resize_cooldown,30,0,0,2,0,0,32,true,1118.591,1118.591,0.000000,false,false,0.000000,0,0,363,363,761,TP_RECOVERY,,2239,1168164682,54626579,89.38
1786482067,stage5,1920,2048,512,448,0,448,3399,0,0,6,134,288,resize_cooldown,30,0,0,2,0,0,32,true,1169.412,1169.412,0.000000,false,false,0.000000,0,0,363,363,761,TP_RECOVERY,,1806,1168185613,54629115,89.19
1786482068,stage5,1920,2048,512,448,0,448,3399,0,0,6,134,288,resize_cooldown,30,0,0,2,0,0,32,true,1220.788,1220.788,0.000000,false,false,0.000000,0,0,363,363,761,TP_RECOVERY,,1642,1168472838,54638253,96.92
1786482070,stage5,1920,2048,512,448,0,448,3399,0,0,6,134,288,resize_cooldown,30,0,0,2,0,0,32,true,1264.601,1264.601,0.000000,false,false,0.000000,0,0,363,363,761,TP_RECOVERY,,1845,1168492645,54640680,89.08
1786482071,stage5,1920,2048,512,448,0,448,3399,0,0,6,134,288,resize_cooldown,30,0,0,2,0,0,32,true,1328.525,1328.525,0.000000,false,false,0.000000,0,0,363,363,761,TP_RECOVERY,,3102,1168526374,54644823,89.06
1786482072,stage5,1920,2048,512,448,0,448,3399,0,0,6,134,288,resize_cooldown,30,0,0,2,0,0,32,true,1406.344,1406.344,0.000000,false,false,0.000000,0,0,363,363,761,TP_RECOVERY,,2017,1168548039,54647357,89.53
1786482073,stage5,1920,2048,512,448,0,448,3399,0,0,6,134,288,resize_cooldown,30,0,0,2,0,0,32,true,1458.107,1458.107,0.000000,false,false,0.000000,0,0,363,363,761,TP_RECOVERY,,569,1168553829,54648051,89.30
1786482074,stage5,1920,2048,512,448,0,448,3399,0,0,6,134,288,resize_cooldown,30,0,0,2,0,0,32,true,1456.793,1444.966,0.008118,false,false,0.000000,0,0,363,363,761,TP_RECOVERY,,439,1168558544,54648594,89.67
1786482075,stage5,1920,2048,512,448,0,448,3399,0,0,6,134,288,resize_cooldown,30,0,0,2,0,0,32,true,1455.625,1445.108,0.007225,false,false,0.000000,0,0,363,363,761,TP_RECOVERY,,546,1168564305,54649259,89.65
1786482076,stage5,1920,2048,512,448,0,448,3399,0,0,6,134,288,resize_cooldown,30,0,0,2,0,0,32,true,1454.629,1445.665,0.006162,false,false,0.000000,0,0,363,363,761,TP_RECOVERY,,1265,1168577429,54650784,89.59
1786482077,stage5,1920,2048,512,448,0,448,3399,0,0,6,134,288,resize_cooldown,30,0,0,2,0,0,32,true,1474.134,1474.134,0.000000,false,false,0.000000,0,0,363,363,761,TP_RECOVERY,,2438,1168604624,54654009,89.40
1786482078,stage5,1920,2048,512,448,0,448,3399,0,0,6,134,288,resize_cooldown,30,0,0,2,0,0,32,true,1510.919,1510.919,0.000000,false,false,0.000000,0,0,363,363,761,TP_RECOVERY,,2786,1168634291,54657432,89.66
1786482080,stage5,1920,2048,512,448,0,448,3399,0,0,6,134,288,resize_cooldown,30,0,0,2,0,0,32,true,1549.109,1549.109,0.000000,false,false,0.000000,0,0,363,363,761,TP_RECOVERY,,1711,1168652729,54659560,89.65
1786482081,stage5,1920,2048,512,448,0,448,3399,0,0,6,134,288,resize_cooldown,30,0,0,2,0,0,32,true,1609.620,1609.620,0.000000,false,false,0.000000,0,0,363,363,761,TP_RECOVERY,,2555,1168680467,54662717,89.78
1786482082,stage5,1920,2048,512,448,0,448,3399,0,0,6,134,288,resize_cooldown,30,0,0,2,0,0,32,true,1655.097,1655.097,0.000000,false,false,0.000000,0,0,363,363,761,TP_RECOVERY,,2565,1168708148,54665937,89.58
1786482083,stage5,1920,2048,512,448,0,448,3399,0,0,6,134,288,resize_cooldown,30,0,0,2,0,0,32,true,1681.853,1681.541,0.000185,false,false,0.000000,0,0,363,363,761,TP_RECOVERY,,2839,1168738813,54669409,89.83
1786482084,stage5,1920,2048,512,448,0,448,3399,0,0,6,134,288,resize_cooldown,30,0,0,2,0,0,32,true,1679.959,1662.916,0.010145,false,false,0.000000,0,0,363,363,761,TP_RECOVERY,,984,1168749889,54670719,89.42
1786482085,stage5,1920,2048,512,448,0,448,3399,0,0,6,134,288,resize_cooldown,30,0,0,2,0,0,32,true,1676.717,1647.544,0.017399,false,false,0.000000,0,0,363,363,761,TP_RECOVERY,,1953,1168770755,54673018,90.08
1786482086,stage5,1920,2048,512,448,0,448,3399,0,0,6,134,288,resize_cooldown,30,0,0,2,0,0,32,true,1673.323,1642.774,0.018256,false,false,0.000000,0,0,363,363,761,TP_RECOVERY,,1614,1168788402,54674918,90.28
1786482087,stage5,1920,2048,512,448,0,448,3399,0,0,6,134,288,resize_cooldown,30,0,0,2,0,0,32,true,1673.323,1642.774,0.018256,false,false,0.000000,0,0,363,363,761,TP_RECOVERY,,16,1168788424,54674918,100.00
1786482088,stage5,1920,2048,512,448,0,448,3399,0,0,6,134,288,resize_cooldown,30,0,0,2,0,0,32,true,1666.277,1602.857,0.038060,false,false,0.000000,0,0,363,363,761,TP_RECOVERY,,375,1168792354,54675349,90.12
1786482089,stage5,1920,2048,512,448,0,448,3399,0,0,6,134,288,resize_cooldown,30,0,0,2,0,0,32,true,1660.527,1608.786,0.031160,false,false,0.000000,0,0,363,363,761,TP_RECOVERY,,3121,1168826399,54679138,89.99
1786482091,stage5,1920,2048,512,448,0,448,3399,0,0,6,134,288,resize_cooldown,30,0,0,2,0,0,32,true,1658.089,1636.143,0.013235,false,false,0.000000,0,0,363,363,761,TP_RECOVERY,,2438,1168852886,54682055,90.08
1786482092,stage5,1920,2048,512,448,0,448,3399,0,0,6,134,288,resize_cooldown,30,0,0,2,0,0,32,true,1663.599,1663.599,0.000000,false,false,0.000000,0,0,363,363,761,TP_RECOVERY,,2436,1168879384,54684866,90.41
1786482093,stage5,1920,2048,512,448,0,448,3399,0,0,6,134,288,resize_cooldown,30,0,0,2,0,0,32,true,1700.418,1700.418,0.000000,false,false,0.000000,0,0,363,363,761,TP_RECOVERY,,2718,1168908924,54688185,89.90
1786482094,stage5,1920,2048,512,448,0,448,3399,0,0,6,134,288,resize_cooldown,30,0,0,2,0,0,32,true,1719.294,1719.294,0.000000,false,false,0.000000,0,0,363,363,761,TP_RECOVERY,,2146,1168932160,54690756,90.04
1786482095,stage5,1920,2048,512,448,0,448,3399,0,0,6,134,288,resize_cooldown,30,0,0,2,0,0,32,true,1742.746,1742.746,0.000000,false,false,0.000000,0,0,363,363,761,TP_RECOVERY,,2424,1168958613,54693668,90.08
1786482096,stage5,1920,2048,512,448,0,448,3399,0,0,6,134,288,resize_cooldown,30,0,0,2,0,0,32,true,1740.509,1722.146,0.010550,false,false,0.000000,0,0,363,363,761,TP_RECOVERY,,1297,1168972627,54695240,89.91
1786482097,stage5,1920,2048,512,448,0,448,3399,0,0,6,134,288,resize_cooldown,30,0,0,2,0,0,32,true,1736.637,1701.786,0.020068,false,false,0.000000,0,0,363,363,761,TP_RECOVERY,,1943,1168993717,54697546,90.14
1786482098,stage5,1920,2048,512,448,0,448,3399,0,0,6,134,288,resize_cooldown,30,0,0,2,0,0,32,true,1732.585,1696.123,0.021045,false,false,0.000000,0,0,363,363,761,TP_RECOVERY,,1387,1169008837,54699181,90.24
1786482099,stage5,1920,2048,512,448,0,448,3399,0,0,6,134,288,resize_cooldown,30,0,0,2,0,0,32,true,1724.907,1655.800,0.040064,false,false,0.000000,0,0,363,363,761,TP_RECOVERY,,192,1169010793,54699393,90.22
1786482100,stage5,1920,2048,512,448,0,448,3399,0,0,6,134,288,resize_cooldown,30,0,0,2,0,0,32,true,1713.401,1609.846,0.060438,false,false,0.000000,0,0,363,363,761,TP_RECOVERY,,723,1169018137,54700113,91.07
1786482102,stage5,1920,2048,512,448,0,448,3399,0,0,6,134,288,resize_cooldown,30,0,0,2,0,0,32,true,1694.566,1525.054,0.100033,false,false,0.000000,0,0,363,363,761,TP_RECOVERY,,21,1169018330,54700113,100.00
1786482103,cooldown,1920,2048,512,448,0,448,3399,0,0,6,134,288,resize_cooldown,30,0,0,2,0,0,32,true,1672.089,1469.796,0.120982,false,false,0.000000,0,0,363,363,761,TP_RECOVERY,,16,1169018351,54700113,100.00
1786482104,cooldown,1920,2048,512,448,0,448,3399,0,0,6,134,288,resize_cooldown,30,0,0,2,0,0,32,true,1650.726,1458.462,0.116472,false,false,0.000000,0,0,363,363,761,TP_RECOVERY,,14,1169018371,54700113,100.00
1786482105,cooldown,1920,2048,512,448,0,448,3399,0,0,6,134,288,resize_cooldown,30,0,0,2,0,0,32,true,1630.052,1443.982,0.114150,false,false,0.000000,0,0,363,363,761,TP_RECOVERY,,21,1169018564,54700113,100.00
1786482106,cooldown,1920,2048,512,448,0,448,3399,0,0,6,134,288,resize_cooldown,30,0,0,2,0,0,32,true,1609.694,1426.472,0.113824,false,false,0.000000,0,0,363,363,761,TP_RECOVERY,,16,1169018585,54700113,100.00
1786482107,cooldown,1920,2048,512,448,0,448,3399,0,0,6,134,288,resize_cooldown,30,0,0,2,0,0,32,true,1563.185,1333.514,0.146925,false,false,0.000000,0,0,363,363,761,TP_RECOVERY,,21,1169018778,54700113,100.00
1786482108,cooldown,1920,2048,512,448,0,448,3399,0,0,6,134,288,resize_cooldown,30,0,0,2,0,0,32,true,1531.668,1248.014,0.185193,false,false,0.000000,0,0,363,363,761,TP_RECOVERY,,14,1169018798,54700113,100.00
1786482109,cooldown,1920,2048,512,448,0,448,3399,0,0,6,134,288,resize_cooldown,30,0,0,2,0,0,32,true,1496.163,1176.615,0.213578,false,false,0.000000,0,0,363,363,761,TP_RECOVERY,,16,1169018819,54700113,100.00
1786482110,cooldown,1920,2048,512,448,0,448,3399,0,0,6,134,288,resize_cooldown,30,0,0,2,0,0,32,true,1496.163,1176.615,0.213578,false,false,0.000000,0,0,363,363,761,TP_RECOVERY,,21,1169019012,54700113,100.00
1786482112,cooldown,1920,2048,512,448,0,448,3399,0,0,6,134,288,resize_cooldown,30,0,0,2,0,0,32,true,1452.349,1058.024,0.271508,false,false,0.000000,0,0,363,363,761,TP_RECOVERY,,14,1169019032,54700113,100.00
1786482113,cooldown,1920,2048,512,448,0,448,3399,0,0,6,134,288,resize_cooldown,30,0,0,2,0,0,32,true,1403.619,965.054,0.312453,true,false,0.000000,0,0,363,363,763,TP_RECOVERY,,16,1169019053,54700113,100.00
1786482114,cooldown,1920,2048,512,448,0,448,3399,0,0,6,134,288,resize_cooldown,30,0,0,2,0,0,32,true,1353.615,903.575,0.332473,true,false,0.000000,0,0,363,363,765,TP_RECOVERY,,21,1169019246,54700113,100.00
1786482115,cooldown,1920,2048,512,448,0,448,3399,0,0,6,134,288,resize_cooldown,30,0,0,2,0,0,32,true,1304.509,862.556,0.338789,true,false,0.000000,0,0,363,363,767,TP_RECOVERY,,16,1169019267,54700113,100.00
1786482116,cooldown,1920,2048,512,448,0,448,3399,0,0,6,134,288,resize_cooldown,30,0,0,2,0,0,32,true,1255.360,813.017,0.352364,true,false,0.000000,0,0,363,363,769,TP_RECOVERY,,21,1169019460,54700113,100.00
1786482117,cooldown,1920,2048,512,448,0,448,3399,0,0,6,134,288,resize_cooldown,30,0,0,2,0,0,32,true,1255.360,766.153,0.000000,false,false,0.000000,0,0,363,363,769,TP_RECOVERY,,14,1169019480,54700113,100.00
1786482118,cooldown,1920,2048,512,448,0,448,3399,0,0,6,134,288,resize_cooldown,30,0,0,2,0,0,32,true,1203.848,740.246,0.385100,true,false,0.000000,0,0,363,363,771,TP_RECOVERY,,16,1169019501,54700113,100.00
1786482119,cooldown,1920,2048,512,448,0,448,3399,0,0,6,134,288,resize_cooldown,30,0,0,2,0,0,32,true,1155.929,724.660,0.373093,true,false,0.000000,0,0,363,363,773,TP_RECOVERY,,21,1169019694,54700113,100.00
1786482120,cooldown,1920,2048,512,448,0,448,3399,0,0,6,134,288,resize_cooldown,30,0,0,2,0,0,32,true,1106.304,659.673,0.403714,true,false,0.000000,0,0,363,363,775,TP_RECOVERY,,14,1169019714,54700113,100.00
1786482121,cooldown,1920,2048,512,448,0,448,3399,0,0,6,134,288,resize_cooldown,30,0,0,2,0,0,32,true,996.077,485.579,0.512509,true,false,0.000000,0,0,363,363,779,TP_RECOVERY,,16,1169019735,54700113,100.00
1786482123,cooldown,1920,2048,512,448,0,448,3399,0,0,6,134,288,resize_cooldown,30,0,0,2,0,0,32,true,936.216,397.468,0.575453,true,false,0.000000,0,0,363,363,781,TP_RECOVERY,,21,1169019928,54700113,100.00
1786482124,cooldown,1920,2048,512,448,0,448,3399,0,0,6,134,288,resize_cooldown,30,0,0,2,0,0,32,true,875.018,324.236,0.629453,true,false,0.000000,0,0,363,363,783,TP_RECOVERY,,14,1169019948,54700113,100.00
1786482125,cooldown,1920,2048,512,448,0,448,3399,0,0,6,134,288,resize_cooldown,30,0,0,2,0,0,32,true,811.499,239.821,0.704471,true,false,0.000000,0,0,363,363,785,TP_RECOVERY,,16,1169019969,54700113,100.00
1786482126,cooldown,1920,2048,512,448,0,448,3399,0,0,6,134,288,resize_cooldown,30,0,0,2,0,0,32,true,748.881,185.326,0.752529,true,false,0.000000,0,0,363,363,787,TP_RECOVERY,,15,1169020156,54700113,100.00
1786482127,cooldown,1920,2048,512,448,0,448,3399,0,0,6,134,288,resize_cooldown,30,0,0,2,0,0,32,true,687.538,135.443,0.803002,true,false,0.000000,0,0,363,363,789,TP_RECOVERY,,16,1169020177,54700113,100.00
1786482128,cooldown,1920,2048,512,448,0,448,3399,0,0,6,134,288,resize_cooldown,30,0,0,2,0,0,32,true,628.463,96.795,0.845981,true,false,0.000000,0,0,363,363,791,TP_RECOVERY,,21,1169020370,54700113,100.00
1786482129,cooldown,1920,2048,512,448,0,448,3399,0,0,6,134,288,resize_cooldown,30,0,0,2,0,0,32,true,570.245,46.284,0.918836,true,false,0.000000,0,0,363,363,793,TP_RECOVERY,,14,1169020390,54700113,100.00
1786482130,cooldown,1920,2048,512,448,0,448,3399,0,0,6,134,288,resize_cooldown,30,0,0,2,0,0,32,true,517.208,39.869,0.922915,true,false,0.000000,0,0,363,363,795,TP_RECOVERY,,16,1169020411,54700113,100.00
1786482131,cooldown,1920,2048,512,448,0,448,3399,0,0,6,134,288,resize_cooldown,30,0,0,2,0,0,32,true,467.222,17.353,0.962860,true,false,0.000000,0,0,363,363,797,TP_RECOVERY,,21,1169020604,54700113,100.00
1786482132,cooldown,1920,2048,512,448,0,448,3399,0,0,6,134,288,resize_cooldown,30,0,0,2,0,0,32,true,422.239,17.387,0.958822,true,false,0.000000,0,0,363,363,799,TP_RECOVERY,,14,1169020624,54700113,100.00
1786482133,cooldown,1920,2048,512,448,0,448,3399,0,0,6,134,288,resize_cooldown,30,0,0,2,0,0,32,true,345.269,16.905,0.951038,true,false,0.000000,0,0,363,363,803,TP_RECOVERY,,16,1169020645,54700113,100.00
1786482135,cooldown,1920,2048,512,448,0,448,3399,0,0,6,134,288,resize_cooldown,30,0,0,2,0,0,32,true,312.439,16.973,0.945677,true,false,0.000000,0,0,363,363,805,TP_RECOVERY,,13,1169020826,54700113,100.00
1786482136,cooldown,1920,2048,512,448,0,448,3399,0,0,6,134,288,resize_cooldown,30,0,0,2,0,0,32,true,282.892,16.972,0.940004,true,false,0.000000,0,0,363,363,807,TP_RECOVERY,,22,1169020858,54700113,100.00
1786482137,cooldown,1920,2048,512,448,0,448,3399,0,0,6,134,288,resize_cooldown,30,0,0,2,0,0,32,true,256.300,16.971,0.933784,true,false,0.000000,0,0,363,363,809,TP_RECOVERY,,16,1169020879,54700113,100.00
1786482138,cooldown,1920,2048,512,448,0,448,3399,0,0,6,134,288,resize_cooldown,30,0,0,2,0,0,32,true,232.416,17.453,0.924904,true,false,0.000000,0,0,363,363,811,TP_RECOVERY,,21,1169021072,54700113,100.00
1786482139,cooldown,1920,2048,512,448,0,448,3399,0,0,6,134,288,resize_cooldown,30,0,0,2,0,0,32,true,210.919,17.454,0.917249,true,false,0.000000,0,0,363,363,813,TP_RECOVERY,,16,1169021093,54700113,100.00
1786482140,cooldown,1920,2048,512,448,0,448,3399,0,0,6,134,288,resize_cooldown,30,0,0,2,0,0,32,true,210.919,17.453,0.000000,false,false,0.000000,0,0,363,363,813,TP_RECOVERY,,21,1169021286,54700113,100.00
1786482141,cooldown,1920,2048,512,448,0,448,3399,0,0,6,134,288,resize_cooldown,30,0,0,2,0,0,32,true,191.588,17.604,0.908116,true,false,0.000000,0,0,363,363,815,TP_RECOVERY,,14,1169021306,54700113,100.00
1786482142,cooldown,1920,2048,512,448,0,448,3399,0,0,6,134,288,resize_cooldown,30,0,0,2,0,0,32,true,174.189,17.599,0.898969,true,false,0.000000,0,0,363,363,817,TP_RECOVERY,,16,1169021327,54700113,100.00
1786482143,cooldown,1920,2048,512,448,0,448,3399,0,0,6,134,288,resize_cooldown,30,0,0,2,0,0,32,true,158.527,17.566,0.889191,true,false,0.000000,0,0,363,363,819,TP_RECOVERY,,15,1169021514,54700113,100.00
1786482144,cooldown,1920,2048,512,448,0,448,3399,0,0,6,134,288,resize_cooldown,30,0,0,2,0,0,32,true,144.425,17.514,0.878731,true,false,0.000000,0,0,363,363,821,TP_RECOVERY,,14,1169021534,54700113,100.00
1786482146,cooldown,1920,2048,512,448,0,448,3399,0,0,6,134,288,resize_cooldown,30,0,0,2,0,0,32,true,120.266,17.048,0.858250,true,false,0.000000,0,0,363,363,825,TP_RECOVERY,,16,1169021555,54700113,100.00
1786482147,cooldown,1920,2048,512,448,0,448,3399,0,0,6,134,288,resize_cooldown,30,0,0,2,0,0,32,true,109.944,17.050,0.844918,true,false,0.000000,0,0,363,363,827,TP_RECOVERY,,21,1169021748,54700113,100.00
1786482148,cooldown,1920,2048,512,448,0,448,3399,0,0,6,134,288,resize_cooldown,30,0,0,2,0,0,32,true,100.655,17.055,0.830563,true,false,0.000000,0,0,363,363,829,TP_RECOVERY,,14,1169021768,54700113,100.00
1786482149,cooldown,1920,2048,512,448,0,448,3399,0,0,6,134,288,resize_cooldown,30,0,0,2,0,0,32,true,92.295,17.054,0.815223,true,false,0.000000,0,0,363,363,831,TP_RECOVERY,,16,1169021789,54700113,100.00
1786482150,cooldown,1920,2048,512,448,0,448,3399,0,0,6,134,288,resize_cooldown,30,0,0,2,0,0,32,true,84.771,17.054,0.798826,true,false,0.000000,0,0,363,363,833,TP_RECOVERY,,21,1169021982,54700113,100.00
1786482151,cooldown,1920,2048,512,448,0,448,3399,0,0,6,134,288,resize_cooldown,30,0,0,2,0,0,32,true,77.999,17.053,0.781365,true,false,0.000000,0,0,363,363,835,TP_RECOVERY,,16,1169022003,54700113,100.00
1786482152,cooldown,1920,2048,512,448,0,448,3399,0,0,6,134,288,resize_cooldown,30,0,0,2,0,0,32,true,71.951,17.520,0.756501,true,false,0.000000,0,0,363,363,837,TP_RECOVERY,,21,1169022196,54700113,100.00
1786482153,cooldown,1920,2048,512,448,0,448,3399,0,0,6,134,288,resize_cooldown,30,0,0,2,0,0,32,true,66.508,17.519,0.736582,true,false,0.000000,0,0,363,363,839,TP_RECOVERY,,14,1169022216,54700113,100.00
1786482154,cooldown,1920,2048,512,448,0,448,3399,0,0,6,134,288,resize_cooldown,30,0,0,2,0,0,32,true,61.609,17.519,0.715638,true,false,0.000000,0,0,363,363,841,TP_RECOVERY,,15,1169022234,54700113,100.00
1786482155,cooldown,1920,2048,512,448,0,448,3399,0,0,6,134,288,resize_cooldown,30,0,0,2,0,0,32,true,57.200,17.520,0.693710,true,false,0.000000,0,0,363,363,843,TP_RECOVERY,,22,1169022430,54700113,100.00
1786482156,cooldown,1920,2048,512,448,0,448,3399,0,0,6,134,288,resize_cooldown,30,0,0,2,0,0,32,true,53.232,17.518,0.670908,true,false,0.000000,0,0,363,363,845,TP_RECOVERY,,14,1169022450,54700113,100.00
1786482158,cooldown,1920,2048,512,448,0,448,3399,0,0,6,134,288,resize_cooldown,30,0,0,2,0,0,32,true,49.661,17.518,0.647237,true,false,0.000000,0,0,363,363,847,TP_RECOVERY,,18,1169022476,54700113,100.00
1786482159,cooldown,1920,2048,512,448,0,448,3399,0,0,6,134,288,resize_cooldown,30,0,0,2,0,0,32,true,43.516,17.117,0.606648,true,false,0.000000,0,0,363,363,851,TP_RECOVERY,,21,1169022669,54700113,100.00
1786482160,cooldown,1920,2048,512,448,0,448,3399,0,0,6,134,288,resize_cooldown,30,0,0,2,0,0,32,true,40.877,17.118,0.581216,true,false,0.000000,0,0,363,363,853,TP_RECOVERY,,14,1169022689,54700113,100.00
1786482161,cooldown,1920,2048,512,448,0,448,3399,0,0,6,134,288,resize_cooldown,30,0,0,2,0,0,32,true,38.501,17.119,0.555372,true,false,0.000000,0,0,363,363,855,TP_RECOVERY,,16,1169022710,54700113,100.00
