ts,stage,active_mb,max_mb,sb_min_mb,dyn_target_mb,dyn_used_mb,dyn_free_mb,grant_debt_mb,ap_count,ap_queue_len,ap_queue_admit,ap_queue_timeout,backpressure_cnt,bp_reason,buf_active_gr,buf_draining_gr,reclaiming_gr,free_gr,ap_reserved_gr,ap_active_gr,total_gr,gr_consistent,tp_baseline_tps,tp_recent_tps,tp_drop_ratio,tp_guard_hot,io_guard_hot,spill_rate,last_grant_mb,eff_grant_kb,eff_downgrade,grant_shrink,pool_event_id,pool_action,binding,tps,blks_hit,blks_read,buffer_hit_pct
1786441061,-,1792,2048,512,512,0,512,7974,0,0,2,106,443,resize_cooldown,28,0,0,4,0,0,32,true,7.248,2.995,0.000000,false,false,0.000000,0,0,477,477,925,TP_RECOVERY,,,1143293524,48036918,
1786441062,-,1792,2048,512,512,0,512,7974,0,0,2,106,443,resize_cooldown,28,0,0,4,0,0,32,true,6.929,4.061,0.000000,false,false,0.000000,0,0,477,477,925,TP_RECOVERY,,16,1143293545,48036918,100.00
1786441063,-,1792,2048,512,512,0,512,7974,0,0,2,106,443,resize_cooldown,28,0,0,4,0,0,32,true,6.702,4.660,0.000000,false,false,0.000000,0,0,477,477,925,TP_RECOVERY,,14,1143293565,48036918,100.00
1786441064,tp_warmup,1792,2048,512,512,0,512,7974,0,0,2,106,443,resize_cooldown,28,0,0,4,0,0,32,true,6.541,5.093,0.000000,false,false,0.000000,0,0,477,477,925,TP_RECOVERY,,24,1143293767,48036918,100.00
1786441065,tp_warmup,1792,2048,512,512,0,512,7974,0,0,2,106,443,resize_cooldown,28,0,0,4,0,0,32,true,8.857,8.857,0.000000,false,false,0.000000,0,0,477,477,925,TP_RECOVERY,,21,1143293896,48036918,100.00
1786441066,tp_warmup,1792,2048,512,512,0,512,7974,0,0,2,106,443,resize_cooldown,28,0,0,4,0,0,32,true,9.490,9.490,0.000000,false,false,0.000000,0,0,477,477,925,TP_RECOVERY,,16,1143293917,48036920,91.30
1786441067,tp_warmup,1792,2048,512,512,0,512,7974,0,0,2,106,443,resize_cooldown,28,0,0,4,0,0,32,true,10.022,10.022,0.000000,false,false,0.000000,0,0,477,477,925,TP_RECOVERY,,23,1143294102,48036930,94.87
1786441068,tp_warmup,1792,2048,512,512,0,512,7974,0,0,2,106,443,resize_cooldown,28,0,0,4,0,0,32,true,10.722,10.722,0.000000,false,false,0.000000,0,0,477,477,925,TP_RECOVERY,,18,1143294124,48036931,95.65
1786441069,tp_warmup,1792,2048,512,512,0,512,7974,0,0,2,106,443,resize_cooldown,28,0,0,4,0,0,32,true,11.321,11.321,0.000000,false,false,0.000000,0,0,477,477,925,TP_RECOVERY,,16,1143294146,48036931,100.00
1786441070,tp_warmup,1792,2048,512,512,0,512,7974,0,0,2,106,443,resize_cooldown,28,0,0,4,0,0,32,true,11.855,11.855,0.000000,false,false,0.000000,0,0,477,477,925,TP_RECOVERY,,23,1143294341,48036931,100.00
1786441071,tp_warmup,1792,2048,512,512,0,512,7974,0,0,2,106,443,resize_cooldown,28,0,0,4,0,0,32,true,12.386,12.386,0.000000,false,false,0.000000,0,0,477,477,925,TP_RECOVERY,,18,1143294362,48036933,91.30
1786441072,tp_warmup,1792,2048,512,512,0,512,7974,0,0,2,106,443,resize_cooldown,28,0,0,4,0,0,32,true,12.918,12.918,0.000000,false,false,0.000000,0,0,477,477,925,TP_RECOVERY,,16,1143294384,48036933,100.00
1786441073,tp_warmup,1792,2048,512,512,0,512,7974,0,0,2,106,443,resize_cooldown,28,0,0,4,0,0,32,true,13.683,13.683,0.000000,false,false,0.000000,0,0,477,477,925,TP_RECOVERY,,23,1143294579,48036933,100.00
1786441074,tp_warmup,1792,2048,512,512,0,512,7974,0,0,2,106,443,resize_cooldown,28,0,0,4,0,0,32,true,14.182,14.182,0.000000,false,false,0.000000,0,0,477,477,925,TP_RECOVERY,,18,1143294602,48036933,100.00
1786441075,tp_warmup,1792,2048,512,512,0,512,7974,0,0,2,106,443,resize_cooldown,28,0,0,4,0,0,32,true,14.732,14.732,0.000000,false,false,0.000000,0,0,477,477,925,TP_RECOVERY,,51,1143413593,48313122,30.11
1786441077,tp_warmup,1792,2048,512,512,0,512,7974,0,0,2,106,443,resize_cooldown,28,0,0,4,0,0,32,true,15.497,15.497,0.000000,false,false,0.000000,0,0,477,477,925,TP_RECOVERY,,23,1143413788,48313122,100.00
1786441078,tp_warmup,1792,2048,512,512,0,512,7974,0,0,2,106,443,resize_cooldown,28,0,0,4,0,0,32,true,16.030,16.030,0.000000,false,false,0.000000,0,0,477,477,925,TP_RECOVERY,,21,1143596560,48525180,46.29
1786441079,tp_warmup,1792,2048,512,512,0,512,7974,0,0,2,106,443,resize_cooldown,28,0,0,4,0,0,32,true,29.958,29.958,0.000000,false,false,0.000000,0,0,477,477,925,TP_RECOVERY,,881,1143607350,48527656,81.34
1786441080,tp_warmup,1792,2048,512,512,0,512,7974,0,0,2,106,443,resize_cooldown,28,0,0,4,0,0,32,true,49.842,49.842,0.000000,false,false,0.000000,0,0,477,477,925,TP_RECOVERY,,577,1143614425,48528961,84.43
1786441081,tp_warmup,1792,2048,512,512,0,512,7974,0,0,2,106,443,resize_cooldown,28,0,0,4,0,0,32,true,79.940,79.940,0.000000,false,false,0.000000,0,0,477,477,925,TP_RECOVERY,,939,1143626215,48531071,84.82
1786441082,tp_warmup,1792,2048,512,512,0,512,7974,0,0,2,106,443,resize_cooldown,28,0,0,4,0,0,32,true,111.411,111.411,0.000000,false,false,0.000000,0,0,477,477,925,TP_RECOVERY,,1395,1143644061,48534075,85.59
1786441083,tp_warmup,1792,2048,512,512,0,512,7974,0,0,2,106,443,resize_cooldown,28,0,0,4,0,0,32,true,165.626,165.626,0.000000,false,false,0.000000,0,0,477,477,925,TP_RECOVERY,,714,1143652971,48535695,84.62
1786441084,tp_warmup,1792,2048,512,512,0,512,7974,0,0,2,106,443,resize_cooldown,28,0,0,4,0,0,32,true,195.407,195.407,0.000000,false,false,0.000000,0,0,477,477,925,TP_RECOVERY,,893,1143664250,48537687,84.99
1786441085,tp_warmup,1792,2048,512,512,0,512,7974,0,0,2,106,443,resize_cooldown,28,0,0,4,0,0,32,true,224.974,224.974,0.000000,false,false,0.000000,0,0,477,477,925,TP_RECOVERY,,904,1143675870,48539582,85.98
1786441086,tp_warmup,1792,2048,512,512,0,512,7974,0,0,2,106,443,resize_cooldown,28,0,0,4,0,0,32,true,252.741,252.741,0.000000,false,false,0.000000,0,0,477,477,925,TP_RECOVERY,,832,1143686443,48541288,86.11
1786441087,tp_warmup,1792,2048,512,512,0,512,7974,0,0,2,106,443,resize_cooldown,28,0,0,4,0,0,32,true,281.537,281.537,0.000000,false,false,0.000000,0,0,477,477,925,TP_RECOVERY,,860,1143697405,48543019,86.36
1786441088,tp_warmup,1792,2048,512,512,0,512,7974,0,0,2,106,443,resize_cooldown,28,0,0,4,0,0,32,true,306.726,306.726,0.000000,false,false,0.000000,0,0,477,477,925,TP_RECOVERY,,763,1143707340,48544513,86.93
1786441089,tp_warmup,1792,2048,512,512,0,512,7974,0,0,2,106,443,resize_cooldown,28,0,0,4,0,0,32,true,336.614,336.614,0.000000,false,false,0.000000,0,0,477,477,925,TP_RECOVERY,,896,1143718812,48546377,86.02
1786441090,tp_warmup,1792,2048,512,512,0,512,7974,0,0,2,106,443,resize_cooldown,28,0,0,4,0,0,32,true,363.506,363.506,0.000000,false,false,0.000000,0,0,477,477,925,TP_RECOVERY,,835,1143729341,48548189,85.32
1786441091,tp_warmup,1792,2048,512,512,0,512,7974,0,0,2,106,443,resize_cooldown,28,0,0,4,0,0,32,true,391.392,391.392,0.000000,false,false,0.000000,0,0,477,477,925,TP_RECOVERY,,1251,1143745317,48550754,86.17
1786441092,tp_warmup,1792,2048,512,512,0,512,7974,0,0,2,106,443,resize_cooldown,28,0,0,4,0,0,32,true,412.544,412.544,0.000000,false,false,0.000000,0,0,477,477,925,TP_RECOVERY,,683,1143754005,48552084,86.72
1786441094,tp_warmup,1792,2048,512,512,0,512,7974,0,0,2,106,443,resize_cooldown,28,0,0,4,0,0,32,true,438.539,438.539,0.000000,false,false,0.000000,0,0,477,477,925,TP_RECOVERY,,796,1143764111,48553728,86.01
1786441095,tp_warmup,1792,2048,512,512,0,512,7974,0,0,2,106,443,resize_cooldown,28,0,0,4,0,0,32,true,466.990,466.990,0.000000,false,false,0.000000,0,0,477,477,925,TP_RECOVERY,,915,1143775742,48555699,85.51
1786441096,tp_warmup,1792,2048,512,512,0,512,7974,0,0,2,106,443,resize_cooldown,28,0,0,4,0,0,32,true,493.123,493.123,0.000000,false,false,0.000000,0,0,477,477,925,TP_RECOVERY,,891,1143786955,48557617,85.39
1786441097,tp_warmup,1792,2048,512,512,0,512,7974,0,0,2,106,443,resize_cooldown,28,0,0,4,0,0,32,true,519.099,519.099,0.000000,false,false,0.000000,0,0,477,477,925,TP_RECOVERY,,835,1143797727,48559328,86.29
1786441098,tp_warmup,1792,2048,512,512,0,512,7974,0,0,2,106,443,resize_cooldown,28,0,0,4,0,0,32,true,549.498,549.498,0.000000,false,false,0.000000,0,0,477,477,925,TP_RECOVERY,,903,1143809142,48561273,85.44
1786441099,tp_warmup,1792,2048,512,512,0,512,7974,0,0,2,106,443,resize_cooldown,28,0,0,4,0,0,32,true,577.878,577.878,0.000000,false,false,0.000000,0,0,477,477,925,TP_RECOVERY,,831,1143819826,48563109,85.34
1786441100,tp_warmup,1792,2048,512,512,0,512,7974,0,0,2,106,443,resize_cooldown,28,0,0,4,0,0,32,true,632.620,632.620,0.000000,false,false,0.000000,0,0,477,477,925,TP_RECOVERY,,1278,1143836048,48565834,85.62
1786441101,tp_warmup,1792,2048,512,512,0,512,7974,0,0,2,106,443,resize_cooldown,28,0,0,4,0,0,32,true,655.972,655.972,0.000000,false,false,0.000000,0,0,477,477,925,TP_RECOVERY,,722,1143845173,48567375,85.55
1786441102,tp_warmup,1792,2048,512,512,0,512,7974,0,0,2,106,443,resize_cooldown,28,0,0,4,0,0,32,true,682.813,682.813,0.000000,false,false,0.000000,0,0,477,477,925,TP_RECOVERY,,827,1143855678,48569184,85.31
1786441103,tp_warmup,1792,2048,512,512,0,512,7974,0,0,2,106,443,resize_cooldown,28,0,0,4,0,0,32,true,708.915,708.915,0.000000,false,false,0.000000,0,0,477,477,925,TP_RECOVERY,,809,1143865988,48570963,85.28
1786441104,tp_warmup,1792,2048,512,512,0,512,7974,0,0,2,106,443,resize_cooldown,28,0,0,4,0,0,32,true,736.963,736.963,0.000000,false,false,0.000000,0,0,477,477,925,TP_RECOVERY,,860,1143876830,48572864,85.08
1786441105,tp_warmup,1792,2048,512,512,0,512,7974,0,0,2,106,443,resize_cooldown,28,0,0,4,0,0,32,true,767.812,767.812,0.000000,false,false,0.000000,0,0,477,477,925,TP_RECOVERY,,946,1143888994,48574905,85.63
1786441106,tp_warmup,1792,2048,512,512,0,512,7974,0,0,2,106,443,resize_cooldown,28,0,0,4,0,0,32,true,792.985,792.985,0.000000,false,false,0.000000,0,0,477,477,925,TP_RECOVERY,,780,1143899023,48576557,85.86
1786441107,tp_warmup,1792,2048,512,512,0,512,7974,0,0,2,106,443,resize_cooldown,28,0,0,4,0,0,32,true,820.304,820.304,0.000000,false,false,0.000000,0,0,477,477,925,TP_RECOVERY,,1078,1143911923,48578758,85.42
1786441108,tp_warmup,1792,2048,512,512,0,512,7974,0,0,2,106,443,resize_cooldown,28,0,0,4,0,0,32,true,835.775,835.775,0.000000,false,false,0.000000,0,0,477,477,925,TP_RECOVERY,,1081,1143926412,48581394,84.61
1786441110,stage1,1792,2048,512,512,0,512,7974,0,0,2,106,443,resize_cooldown,28,0,0,4,0,0,32,true,845.074,845.074,0.000000,false,false,0.000000,0,0,477,477,925,TP_RECOVERY,,871,1143937671,48583190,86.24
1786441111,stage1,1792,2048,512,512,0,512,7974,0,0,2,106,443,resize_cooldown,28,0,0,4,0,0,32,true,844.406,838.388,0.007126,false,false,0.000000,0,0,477,477,925,TP_RECOVERY,,660,1143946002,48584602,85.51
1786441112,stage1,1792,2048,512,512,0,512,7974,0,0,2,106,443,resize_cooldown,28,0,0,4,0,0,32,true,843.619,836.536,0.008396,false,false,0.000000,0,0,477,477,925,TP_RECOVERY,,900,1143957348,48586586,85.12
1786441113,stage1,1792,2048,512,512,0,512,7974,0,0,2,106,443,resize_cooldown,28,0,0,4,0,0,32,true,842.694,834.375,0.009872,false,false,0.000000,0,0,477,477,925,TP_RECOVERY,,889,1143968788,48588503,85.65
1786441114,stage1,1792,2048,512,512,0,512,7974,0,0,2,106,443,resize_cooldown,28,0,0,4,0,0,32,true,842.533,841.082,0.001722,false,false,0.000000,0,0,477,477,925,TP_RECOVERY,,904,1143980306,48590367,86.07
1786441115,stage1,1792,2048,512,512,0,512,7974,0,0,2,106,443,resize_cooldown,28,0,0,4,0,0,32,true,842.380,841.002,0.001636,false,false,0.000000,0,0,477,477,925,TP_RECOVERY,,824,1143990962,48592032,86.49
1786441116,stage1,1792,2048,512,512,0,512,7974,0,0,2,106,443,resize_cooldown,28,0,0,4,0,0,32,true,842.169,840.274,0.002250,false,false,0.000000,0,0,477,477,925,TP_RECOVERY,,925,1144002716,48594014,85.57
1786441117,stage1,1792,2048,512,512,0,512,7974,0,0,2,106,443,resize_cooldown,28,0,0,4,0,0,32,true,842.780,842.780,0.000000,false,false,0.000000,0,0,477,477,925,TP_RECOVERY,,1336,1144019803,48596897,85.56
1786441118,stage1,1792,2048,512,512,0,512,7974,0,0,2,106,443,resize_cooldown,28,0,0,4,0,0,32,true,843.190,843.190,0.000000,false,false,0.000000,0,0,477,477,925,TP_RECOVERY,,868,1144031087,48598681,86.35
1786441119,stage1,1792,2048,512,512,0,512,7974,0,0,2,106,443,resize_cooldown,28,0,0,4,0,0,32,true,844.979,844.979,0.000000,false,false,0.000000,0,0,477,477,925,TP_RECOVERY,,378,1144035945,48599460,86.18
1786441120,stage1,1792,2048,512,512,0,512,7974,0,0,2,106,443,resize_cooldown,28,0,0,4,0,0,32,true,844.644,841.631,0.003567,false,false,0.000000,0,0,477,477,925,TP_RECOVERY,,1213,1144051387,48601952,86.10
1786441121,stage1,1792,2048,512,512,0,512,7974,0,0,2,106,443,resize_cooldown,28,0,0,4,0,0,32,true,843.787,839.182,0.005458,false,false,0.000000,0,0,477,477,925,TP_RECOVERY,,793,1144061555,48603582,86.18
1786441122,stage1,1792,2048,512,512,0,512,7974,0,0,2,106,443,resize_cooldown,28,0,0,4,0,0,32,true,843.636,842.276,0.001612,false,false,0.000000,0,0,477,477,925,TP_RECOVERY,,762,1144071392,48605112,86.54
1786441123,stage1,1792,2048,512,512,0,512,7974,0,0,2,106,443,resize_cooldown,28,0,0,4,0,0,32,true,843.543,842.702,0.000996,false,false,0.000000,0,0,477,477,925,TP_RECOVERY,,805,1144081765,48606713,86.63
1786441124,stage1,1792,2048,512,512,0,512,7974,0,0,2,106,443,resize_cooldown,28,0,0,4,0,0,32,true,843.103,839.145,0.004695,false,false,0.000000,0,0,477,477,925,TP_RECOVERY,,758,1144091533,48608177,86.97
1786441125,stage1,1792,2048,512,512,0,512,7974,0,0,2,106,443,resize_cooldown,28,0,0,4,0,0,32,true,842.446,836.533,0.007019,false,false,0.000000,0,0,477,477,925,TP_RECOVERY,,1241,1144107499,48610694,86.38
1786441127,stage1,1792,2048,512,512,0,512,7974,0,0,2,106,443,resize_cooldown,28,0,0,4,0,0,32,true,841.934,837.323,0.005476,false,false,0.000000,0,0,477,477,925,TP_RECOVERY,,820,1144117991,48612339,86.45
1786441128,stage1,1792,2048,512,512,0,512,7974,0,0,2,106,443,resize_cooldown,28,0,0,4,0,0,32,true,841.110,833.692,0.008818,false,false,0.000000,0,0,477,477,925,TP_RECOVERY,,822,1144128595,48613951,86.80
1786441129,stage1,1792,2048,512,512,0,512,7974,0,0,2,106,443,resize_cooldown,28,0,0,4,0,0,32,true,840.117,831.184,0.010633,false,false,0.000000,0,0,477,477,925,TP_RECOVERY,,722,1144137926,48615319,87.21
1786441130,stage1,1792,2048,512,512,0,512,7974,0,0,2,106,443,resize_cooldown,28,0,0,4,0,0,32,true,838.797,826.920,0.014160,false,false,0.000000,0,0,477,477,925,TP_RECOVERY,,790,1144148212,48616947,86.34
1786441131,stage1,1792,2048,512,512,0,512,7974,0,0,2,106,443,resize_cooldown,28,0,0,4,0,0,32,true,837.565,826.471,0.013245,false,false,0.000000,0,0,477,477,925,TP_RECOVERY,,825,1144158997,48618532,87.19
1786441132,stage1,1792,2048,512,512,0,512,7974,0,0,2,106,443,resize_cooldown,28,0,0,4,0,0,32,true,836.753,829.449,0.008729,false,false,0.000000,0,0,477,477,925,TP_RECOVERY,,811,1144169588,48620054,87.43
1786441133,stage1,1792,2048,512,512,0,512,7974,0,0,2,106,443,resize_cooldown,28,0,0,4,0,0,32,true,835.983,829.054,0.008288,false,false,0.000000,0,0,477,477,925,TP_RECOVERY,,823,1144180425,48621656,87.12
1786441134,stage1,1792,2048,512,512,0,512,7974,0,0,2,106,443,resize_cooldown,28,0,0,4,0,0,32,true,835.092,827.069,0.009607,false,false,0.000000,0,0,477,477,925,TP_RECOVERY,,1073,1144194470,48623800,86.76
1786441135,stage1,1792,2048,512,512,0,512,7974,0,0,2,106,443,resize_cooldown,28,0,0,4,0,0,32,true,833.895,823.121,0.012920,false,false,0.000000,0,0,477,477,925,TP_RECOVERY,,817,1144205136,48625360,87.24
1786441136,stage1,1792,2048,512,512,0,512,7974,0,0,2,106,443,resize_cooldown,28,0,0,4,0,0,32,true,832.398,818.928,0.016182,false,false,0.000000,0,0,477,477,925,TP_RECOVERY,,727,1144214628,48626749,87.23
1786441137,stage1,1792,2048,512,512,0,512,7974,0,0,2,106,443,resize_cooldown,28,0,0,4,0,0,32,true,830.866,817.076,0.016597,false,false,0.000000,0,0,477,477,925,TP_RECOVERY,,724,1144224064,48628125,87.27
1786441138,stage1,1792,2048,512,512,0,512,7974,0,0,2,106,443,resize_cooldown,28,0,0,4,0,0,32,true,826.769,806.182,0.024901,false,false,0.000000,0,0,477,477,925,TP_RECOVERY,,709,1144233310,48629490,87.14
1786441139,stage1,1792,2048,512,512,0,512,7974,0,0,2,106,443,resize_cooldown,28,0,0,4,0,0,32,true,824.439,803.472,0.025432,false,false,0.000000,0,0,477,477,925,TP_RECOVERY,,775,1144243377,48630991,87.02
1786441140,stage1,1792,2048,512,512,0,512,7974,0,0,2,106,443,resize_cooldown,28,0,0,4,0,0,32,true,822.350,803.542,0.022871,false,false,0.000000,0,0,477,477,925,TP_RECOVERY,,739,1144253035,48632406,87.22
1786441141,stage1,1792,2048,512,512,0,512,7974,0,0,2,106,443,resize_cooldown,28,0,0,4,0,0,32,true,819.889,797.742,0.027012,false,false,0.000000,0,0,477,477,925,TP_RECOVERY,,700,1144262284,48633740,87.39
1786441143,stage1,1792,2048,512,512,0,512,7974,0,0,2,106,443,resize_cooldown,28,0,0,4,0,0,32,true,817.290,793.906,0.028612,false,false,0.000000,0,0,477,477,925,TP_RECOVERY,,1107,1144277042,48635858,87.45
1786441144,stage1,1792,2048,512,512,0,512,7974,0,0,2,106,443,resize_cooldown,28,0,0,4,0,0,32,true,814.373,788.118,0.032239,false,false,0.000000,0,0,477,477,925,TP_RECOVERY,,761,1144286830,48637354,86.74
1786441145,stage1,1792,2048,512,512,0,512,7974,0,0,2,106,443,resize_cooldown,28,0,0,4,0,0,32,true,811.451,785.146,0.032417,false,false,0.000000,0,0,477,477,925,TP_RECOVERY,,813,1144297475,48638890,87.39
1786441146,stage1,1792,2048,512,512,0,512,7974,0,0,2,106,443,resize_cooldown,28,0,0,4,0,0,32,true,808.785,784.799,0.029658,false,false,0.000000,0,0,477,477,925,TP_RECOVERY,,845,1144308471,48640506,87.19
1786441147,stage1,1792,2048,512,512,0,512,7974,0,0,2,106,443,resize_cooldown,28,0,0,4,0,0,32,true,806.061,781.543,0.030418,false,false,0.000000,0,0,477,477,925,TP_RECOVERY,,832,1144319304,48642104,87.15
1786441148,stage1,1792,2048,512,512,0,512,7974,0,0,2,106,443,resize_cooldown,28,0,0,4,0,0,32,true,803.403,779.476,0.029781,false,false,0.000000,0,0,477,477,925,TP_RECOVERY,,729,1144328884,48643525,87.08
1786441149,stage1,1792,2048,512,512,0,512,7974,0,0,2,106,443,resize_cooldown,28,0,0,4,0,0,32,true,800.798,777.355,0.029275,false,false,0.000000,0,0,477,477,925,TP_RECOVERY,,841,1144340080,48645195,87.02
1786441150,stage1,1792,2048,512,512,0,512,7974,0,0,2,106,443,resize_cooldown,28,0,0,4,0,0,32,true,798.173,774.554,0.029592,false,false,0.000000,0,0,477,477,925,TP_RECOVERY,,680,1144348975,48646577,86.55
1786441151,stage1,1792,2048,512,512,0,512,7974,0,0,2,106,443,resize_cooldown,28,0,0,4,0,0,32,true,795.395,770.390,0.031438,false,false,0.000000,0,0,477,477,925,TP_RECOVERY,,782,1144359409,48648061,87.55
1786441152,stage1,1792,2048,512,512,0,512,7974,0,0,2,106,443,resize_cooldown,28,0,0,4,0,0,32,true,792.895,770.398,0.028374,false,false,0.000000,0,0,477,477,925,TP_RECOVERY,,792,1144369707,48649606,86.95
1786441153,stage1,1792,2048,512,512,0,512,7974,0,0,2,106,443,resize_cooldown,28,0,0,4,0,0,32,true,787.832,765.106,0.028847,false,false,0.000000,0,0,477,477,925,TP_RECOVERY,,1078,1144383862,48651799,86.59
1786441154,stage1,1792,2048,512,512,0,512,7974,0,0,2,106,443,resize_cooldown,28,0,0,4,0,0,32,true,785.715,766.660,0.024251,false,false,0.000000,0,0,477,477,925,TP_RECOVERY,,812,1144394569,48653402,86.98
1786441155,stage1,1792,2048,512,512,0,512,7974,0,0,2,106,443,resize_cooldown,28,0,0,4,0,0,32,true,783.778,766.350,0.022237,false,false,0.000000,0,0,477,477,925,TP_RECOVERY,,835,1144405382,48655052,86.76
1786441156,stage1,1792,2048,512,512,0,512,7974,0,0,2,106,443,resize_cooldown,28,0,0,4,0,0,32,true,782.077,766.767,0.019577,false,false,0.000000,0,0,477,477,925,TP_RECOVERY,,838,1144416471,48656711,86.99
1786441158,stage1,1792,2048,512,512,0,512,7974,0,0,2,106,443,resize_cooldown,28,0,0,4,0,0,32,true,780.383,765.131,0.019544,false,false,0.000000,0,0,477,477,925,TP_RECOVERY,,789,1144426923,48658278,86.96
1786441159,stage1,1792,2048,512,512,0,512,7974,0,0,2,106,443,resize_cooldown,28,0,0,4,0,0,32,true,778.783,764.390,0.018482,false,false,0.000000,0,0,477,477,925,TP_RECOVERY,,783,1144437176,48659794,87.12
1786441160,stage1,1792,2048,512,512,0,512,7974,0,0,2,106,443,resize_cooldown,28,0,0,4,0,0,32,true,777.576,766.715,0.013969,false,false,0.000000,0,0,477,477,925,TP_RECOVERY,,780,1144447400,48661286,87.27
1786441161,stage1,1792,2048,512,512,0,512,7974,0,0,2,106,443,resize_cooldown,28,0,0,4,0,0,32,true,776.336,765.171,0.014381,false,false,0.000000,0,0,477,477,925,TP_RECOVERY,,799,1144457994,48662840,87.21
1786441162,stage1,1792,2048,512,512,0,512,7974,0,0,2,106,443,resize_cooldown,28,0,0,4,0,0,32,true,775.219,765.163,0.012971,false,false,0.000000,0,0,477,477,925,TP_RECOVERY,,818,1144468718,48664458,86.89
1786441163,stage1,1792,2048,512,512,0,512,7974,0,0,2,106,443,resize_cooldown,28,0,0,4,0,0,32,true,773.912,762.149,0.015199,false,false,0.000000,0,0,477,477,925,TP_RECOVERY,,1102,1144483255,48666698,86.65
1786441164,stage1,1792,2048,512,512,0,512,7974,0,0,2,106,443,resize_cooldown,28,0,0,4,0,0,32,true,772.826,763.051,0.012647,false,false,0.000000,0,0,477,477,925,TP_RECOVERY,,801,1144493868,48668282,87.01
1786441165,stage1,1792,2048,512,512,0,512,7974,0,0,2,106,443,resize_cooldown,28,0,0,4,0,0,32,true,771.782,762.392,0.012167,false,false,0.000000,0,0,477,477,925,TP_RECOVERY,,750,1144503724,48669785,86.77
1786441166,stage1,1792,2048,512,512,0,512,7974,0,0,2,106,443,resize_cooldown,28,0,0,4,0,0,32,true,770.872,762.680,0.010627,false,false,0.000000,0,0,477,477,925,TP_RECOVERY,,854,1144515175,48671527,86.80
1786441167,stage1,1792,2048,512,512,0,512,7974,0,0,2,106,443,resize_cooldown,28,0,0,4,0,0,32,true,770.169,763.841,0.008216,false,false,0.000000,0,0,477,477,925,TP_RECOVERY,,752,1144525036,48673033,86.75
1786441168,stage1,1792,2048,512,512,0,512,7974,0,0,2,106,443,resize_cooldown,28,0,0,4,0,0,32,true,770.062,769.094,0.001257,false,false,0.000000,0,0,477,477,925,TP_RECOVERY,,873,1144536450,48674924,85.79
1786441169,stage1,1792,2048,512,512,0,512,7974,0,0,2,106,443,resize_cooldown,28,0,0,4,0,0,32,true,774.153,774.153,0.000000,false,false,0.000000,0,0,477,477,925,TP_RECOVERY,,812,1144547279,48676581,86.73
1786441170,stage1,1792,2048,512,512,0,512,7974,0,0,2,106,443,resize_cooldown,28,0,0,4,0,0,32,true,777.831,777.831,0.000000,false,false,0.000000,0,0,477,477,925,TP_RECOVERY,,818,1144558007,48678222,86.73
1786441171,stage1,1792,2048,512,512,0,512,7974,0,0,2,106,443,resize_cooldown,28,0,0,4,0,0,32,true,777.696,776.488,0.001554,false,false,0.000000,0,0,477,477,925,TP_RECOVERY,,816,1144568722,48679970,85.97
1786441172,stage1,1792,2048,512,512,0,512,7974,0,0,2,106,443,resize_cooldown,28,0,0,4,0,0,32,true,777.612,776.848,0.000982,false,false,0.000000,0,0,477,477,925,TP_RECOVERY,,1037,1144582405,48682154,86.24
1786441174,stage1,1792,2048,512,512,0,512,7974,0,0,2,106,443,resize_cooldown,28,0,0,4,0,0,32,true,778.570,778.570,0.000000,false,false,0.000000,0,0,477,477,925,TP_RECOVERY,,779,1144592647,48683763,86.42
1786441175,stage1,1792,2048,512,512,0,512,7974,0,0,2,106,443,resize_cooldown,28,0,0,4,0,0,32,true,778.487,777.738,0.000962,false,false,0.000000,0,0,477,477,925,TP_RECOVERY,,789,1144603073,48685325,86.97
1786441176,stage1,1792,2048,512,512,0,512,7974,0,0,2,106,443,resize_cooldown,28,0,0,4,0,0,32,true,778.205,775.670,0.003258,false,false,0.000000,0,0,477,477,925,TP_RECOVERY,,789,1144613523,48686935,86.65
1786441177,stage1,1792,2048,512,512,0,512,7974,0,0,2,106,443,resize_cooldown,28,0,0,4,0,0,32,true,777.604,772.190,0.006962,false,false,0.000000,0,0,477,477,925,TP_RECOVERY,,701,1144622684,48688357,86.56
1786441178,stage1,1792,2048,512,512,0,512,7974,0,0,2,106,443,resize_cooldown,28,0,0,4,0,0,32,true,776.964,771.205,0.007412,false,false,0.000000,0,0,477,477,925,TP_RECOVERY,,801,1144633191,48690065,86.02
1786441179,stage1,1792,2048,512,512,0,512,7974,0,0,2,106,443,resize_cooldown,28,0,0,4,0,0,32,true,776.641,773.737,0.003740,false,false,0.000000,0,0,477,477,925,TP_RECOVERY,,822,1144644076,48691793,86.30
1786441180,stage1,1792,2048,512,512,0,512,7974,0,0,2,106,443,resize_cooldown,28,0,0,4,0,0,32,true,776.546,775.689,0.001103,false,false,0.000000,0,0,477,477,925,TP_RECOVERY,,777,1144654251,48693345,86.77
1786441181,stage1,1792,2048,512,512,0,512,7974,0,0,2,106,443,resize_cooldown,28,0,0,4,0,0,32,true,776.479,775.880,0.000771,false,false,0.000000,0,0,477,477,925,TP_RECOVERY,,729,1144664028,48694804,87.01
1786441182,stage1,1792,2048,512,512,0,512,7974,0,0,2,106,443,resize_cooldown,28,0,0,4,0,0,32,true,775.976,771.447,0.005836,false,false,0.000000,0,0,477,477,925,TP_RECOVERY,,762,1144674119,48696395,86.38
1786441183,stage1,1792,2048,512,512,0,512,7974,0,0,2,106,443,resize_cooldown,28,0,0,4,0,0,32,true,776.127,776.127,0.000000,false,false,0.000000,0,0,477,477,925,TP_RECOVERY,,1240,1144690675,48698937,86.69
1786441184,stage1,1792,2048,512,512,0,512,7974,0,0,2,106,443,resize_cooldown,28,0,0,4,0,0,32,true,780.076,780.076,0.000000,false,false,0.000000,0,0,477,477,925,TP_RECOVERY,,832,1144701749,48700615,86.84
1786441185,stage1,1792,2048,512,512,0,512,7974,0,0,2,106,443,resize_cooldown,28,0,0,4,0,0,32,true,780.904,780.904,0.000000,false,false,0.000000,0,0,477,477,925,TP_RECOVERY,,775,1144711986,48702243,86.28
1786441186,stage1,1792,2048,512,512,0,512,7974,0,0,2,106,443,resize_cooldown,28,0,0,4,0,0,32,true,780.453,778.018,0.003120,false,false,0.000000,0,0,477,477,925,TP_RECOVERY,,808,1144722655,48703892,86.61
1786441187,stage1,1792,2048,512,512,0,512,7974,0,0,2,106,443,resize_cooldown,28,0,0,4,0,0,32,true,780.387,779.792,0.000763,false,false,0.000000,0,0,477,477,925,TP_RECOVERY,,835,1144733697,48705611,86.53
1786441188,stage1,1792,2048,512,512,0,512,7974,0,0,2,106,443,resize_cooldown,28,0,0,4,0,0,32,true,780.842,780.842,0.000000,false,false,0.000000,0,0,477,477,925,TP_RECOVERY,,821,1144744562,48707252,86.88
1786441190,stage1,1792,2048,512,512,0,512,7974,0,0,2,106,443,resize_cooldown,28,0,0,4,0,0,32,true,780.663,779.047,0.002070,false,false,0.000000,0,0,477,477,925,TP_RECOVERY,,806,1144755217,48708907,86.56
1786441191,stage1,1792,2048,512,512,0,512,7974,0,0,2,106,443,resize_cooldown,28,0,0,4,0,0,32,true,780.641,780.443,0.000253,false,false,0.000000,0,0,477,477,925,TP_RECOVERY,,729,1144764957,48710387,86.81
1786441192,stage1,1792,2048,512,512,0,512,7974,0,0,2,106,443,resize_cooldown,28,0,0,4,0,0,32,true,781.139,781.139,0.000000,false,false,0.000000,0,0,477,477,925,TP_RECOVERY,,1230,1144781311,48712973,86.35
1786441193,stage1,1792,2048,512,512,0,512,7974,0,0,2,106,443,resize_cooldown,28,0,0,4,0,0,32,true,783.823,783.823,0.000000,false,false,0.000000,0,0,477,477,925,TP_RECOVERY,,820,1144792227,48714673,86.53
1786441194,stage1,1792,2048,512,512,0,512,7974,0,0,2,106,443,resize_cooldown,28,0,0,4,0,0,32,true,785.607,785.607,0.000000,false,false,0.000000,0,0,477,477,925,TP_RECOVERY,,825,1144803308,48716330,86.99
1786441195,stage1,1792,2048,512,512,0,512,7974,0,0,2,106,443,resize_cooldown,28,0,0,4,0,0,32,true,786.480,786.480,0.000000,false,false,0.000000,0,0,477,477,925,TP_RECOVERY,,749,1144813155,48717836,86.73
1786441196,stage1,1792,2048,512,512,0,512,7974,0,0,2,106,443,resize_cooldown,28,0,0,4,0,0,32,true,786.458,786.259,0.000253,false,false,0.000000,0,0,477,477,925,TP_RECOVERY,,815,1144823837,48719569,86.04
1786441197,stage1,1792,2048,512,512,0,512,7974,0,0,2,106,443,resize_cooldown,28,0,0,4,0,0,32,true,786.432,786.193,0.000304,false,false,0.000000,0,0,477,477,925,TP_RECOVERY,,752,1144833888,48721134,86.53
1786441198,stage1,1792,2048,512,512,0,512,7974,0,0,2,106,443,resize_cooldown,28,0,0,4,0,0,32,true,786.132,783.438,0.003427,false,false,0.000000,0,0,477,477,925,TP_RECOVERY,,796,1144844365,48722776,86.45
1786441199,stage1,1792,2048,512,512,0,512,7974,0,0,2,106,443,resize_cooldown,28,0,0,4,0,0,32,true,785.038,775.186,0.012550,false,false,0.000000,0,0,477,477,925,TP_RECOVERY,,386,1144849491,48723561,86.72
1786441200,stage1,1792,2048,512,512,0,512,7974,0,0,2,106,443,resize_cooldown,28,0,0,4,0,0,32,true,783.317,767.835,0.019765,false,false,0.000000,0,0,477,477,925,TP_RECOVERY,,883,1144861323,48725399,86.55
1786441201,stage1,1792,2048,512,512,0,512,7974,0,0,2,106,443,resize_cooldown,28,0,0,4,0,0,32,true,781.008,760.227,0.026608,false,false,0.000000,0,0,477,477,925,TP_RECOVERY,,642,1144869764,48726789,85.86
1786441202,stage1,1792,2048,512,512,0,512,7974,0,0,2,106,443,resize_cooldown,28,0,0,4,0,0,32,true,778.521,756.138,0.028751,false,false,0.000000,0,0,477,477,925,TP_RECOVERY,,380,1144874790,48727576,86.46
1786441204,stage1,1792,2048,512,512,0,512,7974,0,0,2,106,443,resize_cooldown,28,0,0,4,0,0,32,true,775.552,748.832,0.034454,false,false,0.000000,0,0,477,477,925,TP_RECOVERY,,859,1144886158,48729449,85.85
1786441205,stage1,1792,2048,512,512,0,512,7974,0,0,2,106,443,resize_cooldown,28,0,0,4,0,0,32,true,771.893,738.953,0.042673,false,false,0.000000,0,0,477,477,925,TP_RECOVERY,,590,1144893776,48730766,85.26
1786441206,stage1,1792,2048,512,512,0,512,7974,0,0,2,106,443,resize_cooldown,28,0,0,4,0,0,32,true,767.988,732.850,0.045754,false,false,0.000000,0,0,477,477,925,TP_RECOVERY,,686,1144902807,48732220,86.13
1786441207,stage1,1792,2048,512,512,0,512,7974,0,0,2,106,443,resize_cooldown,28,0,0,4,0,0,32,true,759.674,722.932,0.048366,false,false,0.000000,0,0,477,477,925,TP_RECOVERY,,387,1144907867,48733068,85.65
1786441208,stage1,1792,2048,512,512,0,512,7974,0,0,2,106,443,resize_cooldown,28,0,0,4,0,0,32,true,755.535,718.276,0.049314,false,false,0.000000,0,0,477,477,925,TP_RECOVERY,,953,1144920627,48735084,86.36
1786441209,stage1,1792,2048,512,512,0,512,7974,0,0,2,106,443,resize_cooldown,28,0,0,4,0,0,32,true,750.995,710.142,0.054400,false,false,0.000000,0,0,477,477,925,TP_RECOVERY,,602,1144928498,48736413,85.55
1786441210,stage1,1792,2048,512,512,0,512,7974,0,0,2,106,443,resize_cooldown,28,0,0,4,0,0,32,true,746.367,704.711,0.055811,false,false,0.000000,0,0,477,477,925,TP_RECOVERY,,603,1144936415,48737756,85.50
1786441211,stage1,1792,2048,512,512,0,512,7974,0,0,2,106,443,resize_cooldown,28,0,0,4,0,0,32,true,741.842,701.117,0.054897,false,false,0.000000,0,0,477,477,925,TP_RECOVERY,,604,1144944472,48739034,86.31
1786441212,stage1,1792,2048,512,512,0,512,7974,0,0,2,106,443,resize_cooldown,28,0,0,4,0,0,32,true,737.139,694.815,0.057417,false,false,0.000000,0,0,477,477,925,TP_RECOVERY,,482,1144950958,48740053,86.42
1786441214,stage1,1792,2048,512,512,0,512,7974,0,0,2,106,443,resize_cooldown,28,0,0,4,0,0,32,true,731.679,682.532,0.067169,false,false,0.000000,0,0,477,477,925,TP_RECOVERY,,920,1144963204,48742107,85.64
1786441215,stage1,1792,2048,512,512,0,512,7974,0,0,2,106,443,resize_cooldown,28,0,0,4,0,0,32,true,726.377,678.664,0.065686,false,false,0.000000,0,0,477,477,925,TP_RECOVERY,,810,1144973918,48743882,85.79
1786441216,stage1,1792,2048,512,512,0,512,7974,0,0,2,106,443,resize_cooldown,28,0,0,4,0,0,32,true,717.288,679.168,0.053144,false,false,0.000000,0,0,477,477,925,TP_RECOVERY,,804,1144984567,48745563,86.37
1786441217,stage1,1792,2048,512,512,0,512,7974,0,0,2,106,443,resize_cooldown,28,0,0,4,0,0,32,true,713.305,677.459,0.050252,false,false,0.000000,0,0,477,477,925,TP_RECOVERY,,857,1144995989,48747383,86.26
1786441218,stage1,1792,2048,512,512,0,512,7974,0,0,2,106,443,resize_cooldown,28,0,0,4,0,0,32,true,709.839,678.651,0.043937,false,false,0.000000,0,0,477,477,925,TP_RECOVERY,,759,1145006068,48749091,85.51
1786441219,stage1,1792,2048,512,512,0,512,7974,0,0,2,106,443,resize_cooldown,28,0,0,4,0,0,32,true,706.862,680.062,0.037913,false,false,0.000000,0,0,477,477,925,TP_RECOVERY,,852,1145017294,48750952,85.78
1786441220,stage1,1792,2048,512,512,0,512,7974,0,0,2,106,443,resize_cooldown,28,0,0,4,0,0,32,true,704.185,680.093,0.034212,false,false,0.000000,0,0,477,477,925,TP_RECOVERY,,809,1145027931,48752687,85.98
1786441221,stage1,1792,2048,512,512,0,512,7974,0,0,2,106,443,resize_cooldown,28,0,0,4,0,0,32,true,701.663,678.963,0.032351,false,false,0.000000,0,0,477,477,925,TP_RECOVERY,,806,1145038732,48754372,86.50
1786441222,stage1,1792,2048,512,512,0,512,7974,0,0,2,106,443,resize_cooldown,28,0,0,4,0,0,32,true,699.042,675.453,0.033744,false,false,0.000000,0,0,477,477,925,TP_RECOVERY,,1121,1145053803,48756813,86.06
1786441223,stage1,1792,2048,512,512,0,512,7974,0,0,2,106,443,resize_cooldown,28,0,0,4,0,0,32,true,696.544,674.064,0.032274,false,false,0.000000,0,0,477,477,925,TP_RECOVERY,,777,1145064244,48758532,85.86
1786441224,stage1,1792,2048,512,512,0,512,7974,0,0,2,106,443,resize_cooldown,28,0,0,4,0,0,32,true,694.121,672.311,0.031420,false,false,0.000000,0,0,477,477,925,TP_RECOVERY,,699,1145073816,48759985,86.82
1786441225,stage1,1792,2048,512,512,0,512,7974,0,0,2,106,443,resize_cooldown,28,0,0,4,0,0,32,true,691.643,669.344,0.032240,false,false,0.000000,0,0,477,477,925,TP_RECOVERY,,710,1145083334,48761493,86.32
1786441226,stage1,1792,2048,512,512,0,512,7974,0,0,2,106,443,resize_cooldown,28,0,0,4,0,0,32,true,688.972,664.931,0.034894,false,false,0.000000,0,0,477,477,925,TP_RECOVERY,,693,1145092784,48762955,86.60
1786441228,stage1,1792,2048,512,512,0,512,7974,0,0,2,106,443,resize_cooldown,28,0,0,4,0,0,32,true,686.685,666.107,0.029967,false,false,0.000000,0,0,477,477,925,TP_RECOVERY,,819,1145112271,48773347,65.22
1786441229,stage1,1792,2048,512,512,0,512,7974,0,0,2,106,443,resize_cooldown,28,0,0,4,0,0,32,true,684.604,665.871,0.027364,false,false,0.000000,0,0,477,477,925,TP_RECOVERY,,757,1145121910,48774973,85.57
1786441230,stage1,1792,2048,512,512,0,512,7974,0,0,2,106,443,resize_cooldown,28,0,0,4,0,0,32,true,683.130,669.861,0.019424,false,false,0.000000,0,0,477,477,925,TP_RECOVERY,,1106,1145136186,48777292,86.03
1786441231,stage2,1792,2048,512,512,0,512,7974,0,0,2,106,443,resize_cooldown,28,0,0,4,0,0,32,true,682.440,676.229,0.009101,false,false,0.000000,0,0,477,477,925,TP_RECOVERY,,696,1145145026,48778754,85.81
1786441232,stage2,1792,2048,512,512,0,512,7974,0,0,2,106,443,resize_cooldown,28,0,0,4,0,0,32,true,682.237,680.419,0.002665,false,false,0.000000,0,0,477,477,925,TP_RECOVERY,,715,1145153710,48780794,80.98
1786441233,stage2,1792,2048,512,512,0,512,7974,0,0,2,106,443,resize_cooldown,28,0,0,4,0,0,32,true,692.119,692.119,0.000000,false,false,0.000000,0,0,477,477,925,TP_RECOVERY,,760,1145163213,48782753,82.91
1786441234,stage2,1792,2048,512,512,0,512,7974,0,0,2,106,443,resize_cooldown,28,0,0,4,0,0,32,true,701.336,701.336,0.000000,false,false,0.000000,0,0,477,477,925,TP_RECOVERY,,742,1145172537,48784541,83.91
1786441235,stage2,1792,2048,512,512,0,512,7974,0,0,2,106,443,resize_cooldown,28,0,0,4,0,0,32,true,701.336,701.336,0.000000,false,false,0.000000,0,0,477,477,925,TP_RECOVERY,,691,1145181200,48786173,84.15
1786441236,stage2,1792,2048,512,512,0,512,7974,0,0,2,106,443,resize_cooldown,28,0,0,4,0,0,32,true,702.989,702.989,0.000000,false,false,0.000000,0,0,477,477,925,TP_RECOVERY,,484,1145187337,48787353,83.87
1786441237,stage2,1792,2048,512,512,0,512,7974,0,0,2,106,443,resize_cooldown,28,0,0,4,0,0,32,true,707.080,707.080,0.000000,false,false,0.000000,0,0,477,477,925,TP_RECOVERY,,963,1145198664,48789676,82.98
1786441238,stage2,1792,2048,512,512,0,512,7974,0,0,2,106,443,resize_cooldown,28,0,0,4,0,0,32,true,710.394,710.394,0.000000,false,false,0.000000,0,0,477,477,925,TP_RECOVERY,,927,1145211056,48792055,83.89
1786441239,stage2,1792,2048,512,512,0,512,7974,0,0,2,106,443,resize_cooldown,28,0,0,4,0,0,32,true,715.827,715.827,0.000000,false,false,0.000000,0,0,477,477,925,TP_RECOVERY,,733,1145220487,48793734,84.89
1786441240,stage2,1792,2048,512,512,0,512,7974,0,0,2,106,443,resize_cooldown,28,0,0,4,0,0,32,true,720.964,720.964,0.000000,false,false,0.000000,0,0,477,477,925,TP_RECOVERY,,774,1145230389,48795418,85.47
1786441241,stage2,1792,2048,512,512,0,512,7974,0,0,2,106,443,resize_cooldown,28,0,0,4,0,0,32,true,726.211,726.211,0.000000,false,false,0.000000,0,0,477,477,925,TP_RECOVERY,,749,1145240091,48797041,85.67
1786441243,stage2,1792,2048,512,512,0,512,7974,0,0,2,106,443,resize_cooldown,28,0,0,4,0,0,32,true,737.746,737.746,0.000000,false,false,0.000000,0,0,477,477,925,TP_RECOVERY,,800,1145250433,48798753,85.80
1786441244,stage2,1792,2048,512,512,0,512,7974,0,0,2,106,443,resize_cooldown,28,0,0,4,0,0,32,true,749.697,749.697,0.000000,false,false,0.000000,0,0,477,477,925,TP_RECOVERY,,829,1145261043,48800501,85.86
1786441245,stage2,1792,2048,512,512,0,512,7974,0,0,2,106,443,resize_cooldown,28,0,0,4,0,0,32,true,748.883,741.558,0.009781,false,false,0.000000,0,0,477,477,925,TP_RECOVERY,,461,1145266979,48801538,85.13
1786441246,stage2,1792,2048,512,512,0,512,7974,0,0,2,106,443,resize_cooldown,28,0,0,4,0,0,32,true,747.363,733.684,0.018303,false,false,0.000000,0,0,477,477,925,TP_RECOVERY,,892,1145277851,48803405,85.34
1786441247,stage2,1792,2048,512,512,0,512,7974,0,0,2,106,443,resize_cooldown,28,0,0,4,0,0,32,true,746.067,734.402,0.015636,false,false,0.000000,0,0,477,477,925,TP_RECOVERY,,782,1145287831,48805167,84.99
1786441248,stage2,1792,2048,512,512,0,512,7974,0,0,2,106,443,resize_cooldown,28,0,0,4,0,0,32,true,744.986,735.261,0.013054,false,false,0.000000,0,0,477,477,925,TP_RECOVERY,,772,1145297731,48806917,84.98
1786441249,stage2,1792,2048,512,512,0,512,7974,0,0,2,106,443,resize_cooldown,28,0,0,4,0,0,32,true,743.193,727.057,0.021713,false,false,0.000000,0,0,477,477,925,TP_RECOVERY,,593,1145305442,48808327,84.54
1786441250,stage2,1792,2048,512,512,0,512,7974,0,0,2,106,443,resize_cooldown,28,0,0,4,0,0,32,true,740.826,719.518,0.028762,false,false,0.000000,0,0,477,477,925,TP_RECOVERY,,670,1145313959,48809814,85.14
1786441251,stage2,1792,2048,512,512,0,512,7974,0,0,2,106,443,resize_cooldown,28,0,0,4,0,0,32,true,738.573,718.301,0.027448,false,false,0.000000,0,0,477,477,925,TP_RECOVERY,,830,1145325378,48811784,85.29
1786441252,stage2,1792,2048,512,512,0,512,7974,0,0,2,106,443,resize_cooldown,28,0,0,4,0,0,32,true,734.036,714.422,0.026721,false,false,0.000000,0,0,477,477,925,TP_RECOVERY,,717,1145334613,48813379,85.27
1786441253,stage2,1792,2048,512,512,0,512,7974,0,0,2,106,443,resize_cooldown,28,0,0,4,0,0,32,true,731.925,712.926,0.025958,false,false,0.000000,0,0,477,477,925,TP_RECOVERY,,910,1145345692,48815257,85.51
1786441254,stage2,1792,2048,512,512,0,512,7974,0,0,2,106,443,resize_cooldown,28,0,0,4,0,0,32,true,729.952,712.196,0.024325,false,false,0.000000,0,0,477,477,925,TP_RECOVERY,,758,1145355535,48816930,85.47
1786441255,stage2,1792,2048,512,512,0,512,7974,0,0,2,106,443,resize_cooldown,28,0,0,4,0,0,32,true,728.354,713.969,0.019750,false,false,0.000000,0,0,477,477,925,TP_RECOVERY,,713,1145364747,48818520,85.28
1786441256,stage2,1792,2048,512,512,0,512,7974,0,0,2,106,443,resize_cooldown,28,0,0,4,0,0,32,true,727.139,716.201,0.015042,false,false,0.000000,0,0,477,477,925,TP_RECOVERY,,758,1145374395,48820253,84.77
1786441258,stage2,1792,2048,512,512,0,512,7974,0,0,2,106,443,resize_cooldown,28,0,0,4,0,0,32,true,725.779,713.547,0.016854,false,false,0.000000,0,0,477,477,925,TP_RECOVERY,,708,1145383534,48821862,85.03
1786441259,stage2,1792,2048,512,512,0,512,7974,0,0,2,106,443,resize_cooldown,28,0,0,4,0,0,32,true,724.022,708.202,0.021850,false,false,0.000000,0,0,477,477,925,TP_RECOVERY,,776,1145394245,48823692,85.41
1786441260,stage2,1792,2048,512,512,0,512,7974,0,0,2,106,443,resize_cooldown,28,0,0,4,0,0,32,true,722.472,708.524,0.019305,false,false,0.000000,0,0,477,477,925,TP_RECOVERY,,740,1145403964,48825315,85.69
1786441261,stage2,1792,2048,512,512,0,512,7974,0,0,2,106,443,resize_cooldown,28,0,0,4,0,0,32,true,720.744,705.188,0.021583,false,false,0.000000,0,0,477,477,925,TP_RECOVERY,,693,1145412858,48826851,85.27
1786441262,stage2,1792,2048,512,512,0,512,7974,0,0,2,106,443,resize_cooldown,28,0,0,4,0,0,32,true,719.380,707.110,0.017057,false,false,0.000000,0,0,477,477,925,TP_RECOVERY,,939,1145424344,48828809,85.44
1786441263,stage2,1792,2048,512,512,0,512,7974,0,0,2,106,443,resize_cooldown,28,0,0,4,0,0,32,true,718.053,706.110,0.016632,false,false,0.000000,0,0,477,477,925,TP_RECOVERY,,687,1145433328,48830288,85.86
1786441264,stage2,1792,2048,512,512,0,512,7974,0,0,2,106,443,resize_cooldown,28,0,0,4,0,0,32,true,716.814,705.659,0.015562,false,false,0.000000,0,0,477,477,925,TP_RECOVERY,,724,1145442643,48831882,85.39
1786441265,stage2,1792,2048,512,512,0,512,7974,0,0,2,106,443,resize_cooldown,28,0,0,4,0,0,32,true,715.532,703.995,0.016123,false,false,0.000000,0,0,477,477,925,TP_RECOVERY,,683,1145451471,48833439,85.01
1786441266,stage2,1792,2048,512,512,0,512,7974,0,0,2,106,443,resize_cooldown,28,0,0,4,0,0,32,true,715.096,711.173,0.005485,false,false,0.000000,0,0,477,477,925,TP_RECOVERY,,751,1145461143,48835154,84.94
1786441267,stage2,1792,2048,512,512,0,512,7974,0,0,2,106,443,resize_cooldown,28,0,0,4,0,0,32,true,714.273,709.370,0.006865,false,false,0.000000,0,0,477,477,925,TP_RECOVERY,,875,1145473091,48837212,85.31
1786441268,stage2,1792,2048,512,512,0,512,7974,0,0,2,106,443,resize_cooldown,28,0,0,4,0,0,32,true,713.604,707.579,0.008443,false,false,0.000000,0,0,477,477,925,TP_RECOVERY,,689,1145482045,48838759,85.27
1786441269,stage2,1792,2048,512,512,0,512,7974,0,0,2,106,443,resize_cooldown,28,0,0,4,0,0,32,true,712.874,706.311,0.009207,false,false,0.000000,0,0,477,477,925,TP_RECOVERY,,874,1145492895,48840575,85.66
1786441270,stage2,1792,2048,512,512,0,512,7974,0,0,2,106,443,resize_cooldown,28,0,0,4,0,0,32,true,712.110,705.228,0.009665,false,false,0.000000,0,0,477,477,925,TP_RECOVERY,,740,1145502463,48842238,85.19
1786441271,stage2,1792,2048,512,512,0,512,7974,0,0,2,106,443,resize_cooldown,28,0,0,4,0,0,32,true,711.355,704.557,0.009555,false,false,0.000000,0,0,477,477,925,TP_RECOVERY,,737,1145511932,48843946,84.72
1786441273,stage2,1792,2048,512,512,0,512,7974,0,0,2,106,443,resize_cooldown,28,0,0,4,0,0,32,true,710.337,701.177,0.012894,false,false,0.000000,0,0,477,477,925,TP_RECOVERY,,706,1145521042,48845540,85.11
1786441274,stage2,1792,2048,512,512,0,512,7974,0,0,2,106,443,resize_cooldown,28,0,0,4,0,0,32,true,709.169,698.659,0.014821,false,false,0.000000,0,0,477,477,925,TP_RECOVERY,,721,1145530329,48847202,84.82
1786441275,stage2,1792,2048,512,512,0,512,7974,0,0,2,106,443,resize_cooldown,28,0,0,4,0,0,32,true,708.747,704.949,0.005359,false,false,0.000000,0,0,477,477,925,TP_RECOVERY,,706,1145539600,48848761,85.60
1786441276,stage2,1792,2048,512,512,0,512,7974,0,0,2,106,443,resize_cooldown,28,0,0,4,0,0,32,true,708.712,708.394,0.000449,false,false,0.000000,0,0,477,477,925,TP_RECOVERY,,843,1145551224,48850807,85.03
1786441277,stage2,1792,2048,512,512,0,512,7974,0,0,2,106,443,resize_cooldown,28,0,0,4,0,0,32,true,708.405,705.645,0.003897,false,false,0.000000,0,0,477,477,925,TP_RECOVERY,,768,1145560583,48852325,86.04
1786441278,stage2,1792,2048,512,512,0,512,7974,0,0,2,106,443,resize_cooldown,28,0,0,4,0,0,32,true,707.445,698.802,0.012217,false,false,0.000000,0,0,477,477,925,TP_RECOVERY,,723,1145569918,48854006,84.74
1786441279,stage2,1792,2048,512,512,0,512,7974,0,0,2,106,443,resize_cooldown,28,0,0,4,0,0,32,true,706.861,701.609,0.007430,false,false,0.000000,0,0,477,477,925,TP_RECOVERY,,530,1145577423,48855446,83.90
1786441280,stage2,1792,2048,512,512,0,512,7974,0,0,2,106,443,resize_cooldown,28,0,0,4,0,0,32,true,706.857,706.822,0.000050,false,false,0.000000,0,0,477,477,925,TP_RECOVERY,,990,1145589519,48857458,85.74
1786441281,stage2,1792,2048,512,512,0,512,7974,0,0,2,106,443,resize_cooldown,28,0,0,4,0,0,32,true,709.386,709.386,0.000000,false,false,0.000000,0,0,477,477,925,TP_RECOVERY,,742,1145599156,48859052,85.81
1786441282,stage2,1792,2048,512,512,0,512,7974,0,0,2,106,443,resize_cooldown,28,0,0,4,0,0,32,true,710.838,710.838,0.000000,false,false,0.000000,0,0,477,477,925,TP_RECOVERY,,708,1145608339,48860581,85.73
1786441283,stage2,1792,2048,512,512,0,512,7974,0,0,2,106,443,resize_cooldown,28,0,0,4,0,0,32,true,710.797,710.428,0.000520,false,false,0.000000,0,0,477,477,925,TP_RECOVERY,,737,1145617939,48862229,85.35
1786441284,stage2,1792,2048,512,512,0,512,7974,0,0,2,106,443,resize_cooldown,28,0,0,4,0,0,32,true,710.666,709.479,0.001669,false,false,0.000000,0,0,477,477,925,TP_RECOVERY,,1081,1145632197,48864628,85.60
1786441285,stage2,1792,2048,512,512,0,512,7974,0,0,2,106,443,resize_cooldown,28,0,0,4,0,0,32,true,710.458,708.594,0.002625,false,false,0.000000,0,0,477,477,925,TP_RECOVERY,,683,1145641172,48866174,85.31
1786441286,stage2,1792,2048,512,512,0,512,7974,0,0,2,106,443,resize_cooldown,28,0,0,4,0,0,32,true,709.954,705.416,0.006392,false,false,0.000000,0,0,477,477,925,TP_RECOVERY,,661,1145649783,48867647,85.39
1786441288,stage2,1792,2048,512,512,0,512,7974,0,0,2,106,443,resize_cooldown,28,0,0,4,0,0,32,true,709.615,706.560,0.004305,false,false,0.000000,0,0,477,477,925,TP_RECOVERY,,747,1145659733,48869281,85.89
1786441289,stage2,1792,2048,512,512,0,512,7974,0,0,2,106,443,resize_cooldown,28,0,0,4,0,0,32,true,710.959,710.959,0.000000,false,false,0.000000,0,0,477,477,925,TP_RECOVERY,,761,1145669617,48870965,85.44
1786441290,stage2,1792,2048,512,512,0,512,7974,0,0,2,106,443,resize_cooldown,28,0,0,4,0,0,32,true,711.818,711.818,0.000000,false,false,0.000000,0,0,477,477,925,TP_RECOVERY,,744,1145679441,48872600,85.73
1786441291,stage2,1792,2048,512,512,0,512,7974,0,0,2,106,443,resize_cooldown,28,0,0,4,0,0,32,true,713.911,713.911,0.000000,false,false,0.000000,0,0,477,477,925,TP_RECOVERY,,749,1145689353,48874250,85.73
1786441292,stage2,1792,2048,512,512,0,512,7974,0,0,2,106,443,resize_cooldown,28,0,0,4,0,0,32,true,713.508,709.884,0.005080,false,false,0.000000,0,0,477,477,925,TP_RECOVERY,,826,1145700172,48876149,85.07
1786441293,stage2,1792,2048,512,512,0,512,7974,0,0,2,106,443,resize_cooldown,28,0,0,4,0,0,32,true,712.547,703.900,0.012136,false,false,0.000000,0,0,477,477,925,TP_RECOVERY,,543,1145707345,48877336,85.80
1786441294,stage2,1792,2048,512,512,0,512,7974,0,0,2,106,443,resize_cooldown,28,0,0,4,0,0,32,true,711.048,697.560,0.018970,false,false,0.000000,0,0,477,477,925,TP_RECOVERY,,641,1145715651,48878727,85.66
1786441295,stage2,1792,2048,512,512,0,512,7974,0,0,2,106,443,resize_cooldown,28,0,0,4,0,0,32,true,709.741,697.975,0.016577,false,false,0.000000,0,0,477,477,925,TP_RECOVERY,,765,1145725612,48880438,85.34
1786441296,stage2,1792,2048,512,512,0,512,7974,0,0,2,106,443,resize_cooldown,28,0,0,4,0,0,32,true,708.731,699.639,0.012829,false,false,0.000000,0,0,477,477,925,TP_RECOVERY,,731,1145735153,48882079,85.32
1786441297,stage2,1792,2048,512,512,0,512,7974,0,0,2,106,443,resize_cooldown,28,0,0,4,0,0,32,true,707.165,702.046,0.007239,false,false,0.000000,0,0,477,477,925,TP_RECOVERY,,783,1145745422,48883831,85.43
1786441298,stage2,1792,2048,512,512,0,512,7974,0,0,2,106,443,resize_cooldown,28,0,0,4,0,0,32,true,706.626,701.775,0.006865,false,false,0.000000,0,0,477,477,925,TP_RECOVERY,,715,1145754703,48885468,85.01
1786441299,stage2,1792,2048,512,512,0,512,7974,0,0,2,106,443,resize_cooldown,28,0,0,4,0,0,32,true,705.860,698.965,0.009769,false,false,0.000000,0,0,477,477,925,TP_RECOVERY,,636,1145763223,48886849,86.05
1786441300,stage2,1792,2048,512,512,0,512,7974,0,0,2,106,443,resize_cooldown,28,0,0,4,0,0,32,true,704.556,692.818,0.016660,false,false,0.000000,0,0,477,477,925,TP_RECOVERY,,669,1145771955,48888335,85.46
1786441301,stage2,1792,2048,512,512,0,512,7974,0,0,2,106,443,resize_cooldown,28,0,0,4,0,0,32,true,702.742,686.420,0.023227,false,false,0.000000,0,0,477,477,925,TP_RECOVERY,,712,1145781326,48889942,85.36
1786441303,stage2,1792,2048,512,512,0,512,7974,0,0,2,106,443,resize_cooldown,28,0,0,4,0,0,32,true,700.749,682.805,0.025606,false,false,0.000000,0,0,477,477,925,TP_RECOVERY,,650,1145789912,48891409,85.41
1786441304,stage2,1792,2048,512,512,0,512,7974,0,0,2,106,443,resize_cooldown,28,0,0,4,0,0,32,true,698.761,680.876,0.025595,false,false,0.000000,0,0,477,477,925,TP_RECOVERY,,710,1145799052,48893023,84.99
1786441305,stage2,1792,2048,512,512,0,512,7974,0,0,2,106,443,resize_cooldown,28,0,0,4,0,0,32,true,697.058,681.729,0.021991,false,false,0.000000,0,0,477,477,925,TP_RECOVERY,,787,1145809223,48894822,84.97
1786441306,stage2,1792,2048,512,512,0,512,7974,0,0,2,106,443,resize_cooldown,28,0,0,4,0,0,32,true,695.764,684.119,0.016737,false,false,0.000000,0,0,477,477,925,TP_RECOVERY,,765,1145819315,48896546,85.41
1786441307,stage2,1792,2048,512,512,0,512,7974,0,0,2,106,443,resize_cooldown,28,0,0,4,0,0,32,true,694.864,686.758,0.011665,false,false,0.000000,0,0,477,477,925,TP_RECOVERY,,828,1145830079,48898419,85.18
1786441308,stage2,1792,2048,512,512,0,512,7974,0,0,2,106,443,resize_cooldown,28,0,0,4,0,0,32,true,694.628,692.510,0.003049,false,false,0.000000,0,0,477,477,925,TP_RECOVERY,,746,1145839859,48900152,84.95
1786441309,stage2,1792,2048,512,512,0,512,7974,0,0,2,106,443,resize_cooldown,28,0,0,4,0,0,32,true,695.746,695.746,0.000000,false,false,0.000000,0,0,477,477,925,TP_RECOVERY,,783,1145850107,48901906,85.39
1786441310,stage2,1792,2048,512,512,0,512,7974,0,0,2,106,443,resize_cooldown,28,0,0,4,0,0,32,true,695.687,695.154,0.000767,false,false,0.000000,0,0,477,477,925,TP_RECOVERY,,743,1145859794,48903562,85.40
1786441311,stage2,1792,2048,512,512,0,512,7974,0,0,2,106,443,resize_cooldown,28,0,0,4,0,0,32,true,695.333,692.144,0.004586,false,false,0.000000,0,0,477,477,925,TP_RECOVERY,,1129,1145874666,48906223,84.82
1786441312,stage2,1792,2048,512,512,0,512,7974,0,0,2,106,443,resize_cooldown,28,0,0,4,0,0,32,true,696.410,696.410,0.000000,false,false,0.000000,0,0,477,477,925,TP_RECOVERY,,765,1145884650,48907944,85.30
1786441313,stage2,1792,2048,512,512,0,512,7974,0,0,2,106,443,resize_cooldown,28,0,0,4,0,0,32,true,697.487,697.487,0.000000,false,false,0.000000,0,0,477,477,925,TP_RECOVERY,,760,1145894582,48909726,84.79
1786441314,stage2,1792,2048,512,512,0,512,7974,0,0,2,106,443,resize_cooldown,28,0,0,4,0,0,32,true,697.476,697.384,0.000132,false,false,0.000000,0,0,477,477,925,TP_RECOVERY,,775,1145904851,48911419,85.85
1786441315,stage2,1792,2048,512,512,0,512,7974,0,0,2,106,443,resize_cooldown,28,0,0,4,0,0,32,true,701.416,701.416,0.000000,false,false,0.000000,0,0,477,477,925,TP_RECOVERY,,743,1145914610,48913110,85.23
1786441317,stage2,1792,2048,512,512,0,512,7974,0,0,2,106,443,resize_cooldown,28,0,0,4,0,0,32,true,704.953,704.953,0.000000,false,false,0.000000,0,0,477,477,925,TP_RECOVERY,,759,1145924459,48914892,84.68
1786441318,stage2,1792,2048,512,512,0,512,7974,0,0,2,106,443,resize_cooldown,28,0,0,4,0,0,32,true,705.855,705.855,0.000000,false,false,0.000000,0,0,477,477,925,TP_RECOVERY,,787,1145934858,48916708,85.13
1786441319,stage2,1792,2048,512,512,0,512,7974,0,0,2,106,443,resize_cooldown,28,0,0,4,0,0,32,true,705.784,705.151,0.000897,false,false,0.000000,0,0,477,477,925,TP_RECOVERY,,1097,1145949350,48919222,85.22
1786441320,stage2,1792,2048,512,512,0,512,7974,0,0,2,106,443,resize_cooldown,28,0,0,4,0,0,32,true,705.560,703.541,0.002862,false,false,0.000000,0,0,477,477,925,TP_RECOVERY,,706,1145958558,48920765,85.65
1786441321,stage2,1792,2048,512,512,0,512,7974,0,0,2,106,443,resize_cooldown,28,0,0,4,0,0,32,true,705.454,704.503,0.001348,false,false,0.000000,0,0,477,477,925,TP_RECOVERY,,790,1145968907,48922628,84.74
1786441322,stage2,1792,2048,512,512,0,512,7974,0,0,2,106,443,resize_cooldown,28,0,0,4,0,0,32,true,709.679,709.679,0.000000,false,false,0.000000,0,0,477,477,925,TP_RECOVERY,,774,1145978944,48924438,84.72
1786441323,stage2,1792,2048,512,512,0,512,7974,0,0,2,106,443,resize_cooldown,28,0,0,4,0,0,32,true,716.469,716.469,0.000000,false,false,0.000000,0,0,477,477,925,TP_RECOVERY,,700,1145988169,48926102,84.72
1786441324,stage2,1792,2048,512,512,0,512,7974,0,0,2,106,443,resize_cooldown,28,0,0,4,0,0,32,true,722.959,722.959,0.000000,false,false,0.000000,0,0,477,477,925,TP_RECOVERY,,753,1145997984,48927823,85.08
1786441325,stage2,1792,2048,512,512,0,512,7974,0,0,2,106,443,resize_cooldown,28,0,0,4,0,0,32,true,722.809,721.459,0.001868,false,false,0.000000,0,0,477,477,925,TP_RECOVERY,,653,1146006636,48929257,85.78
1786441326,stage2,1792,2048,512,512,0,512,7974,0,0,2,106,443,resize_cooldown,28,0,0,4,0,0,32,true,722.699,721.710,0.001369,false,false,0.000000,0,0,477,477,925,TP_RECOVERY,,775,1146016926,48931020,85.37
1786441327,stage2,1792,2048,512,512,0,512,7974,0,0,2,106,443,resize_cooldown,28,0,0,4,0,0,32,true,722.527,720.978,0.002144,false,false,0.000000,0,0,477,477,925,TP_RECOVERY,,1111,1146031680,48933609,85.07
1786441328,stage2,1792,2048,512,512,0,512,7974,0,0,2,106,443,resize_cooldown,28,0,0,4,0,0,32,true,722.439,721.649,0.001095,false,false,0.000000,0,0,477,477,925,TP_RECOVERY,,722,1146041043,48935292,84.76
1786441329,stage2,1792,2048,512,512,0,512,7974,0,0,2,106,443,resize_cooldown,28,0,0,4,0,0,32,true,722.312,721.165,0.001588,false,false,0.000000,0,0,477,477,925,TP_RECOVERY,,696,1146050268,48936839,85.64
1786441330,stage2,1792,2048,512,512,0,512,7974,0,0,2,106,443,resize_cooldown,28,0,0,4,0,0,32,true,732.600,732.600,0.000000,false,false,0.000000,0,0,477,477,925,TP_RECOVERY,,773,1146060302,48938599,85.08
1786441332,stage2,1792,2048,512,512,0,512,7974,0,0,2,106,443,resize_cooldown,28,0,0,4,0,0,32,true,741.184,741.184,0.000000,false,false,0.000000,0,0,477,477,925,TP_RECOVERY,,794,1146070742,48940467,84.82
1786441333,stage2,1792,2048,512,512,0,512,7974,0,0,2,106,443,resize_cooldown,28,0,0,4,0,0,32,true,746.371,746.371,0.000000,false,false,0.000000,0,0,477,477,925,TP_RECOVERY,,757,1146080718,48942262,84.75
1786441334,stage2,1792,2048,512,512,0,512,7974,0,0,2,106,443,resize_cooldown,28,0,0,4,0,0,32,true,746.676,746.676,0.000000,false,false,0.000000,0,0,477,477,925,TP_RECOVERY,,684,1146089709,48943862,84.89
1786441335,stage2,1792,2048,512,512,0,512,7974,0,0,2,106,443,resize_cooldown,28,0,0,4,0,0,32,true,748.475,748.475,0.000000,false,false,0.000000,0,0,477,477,925,TP_RECOVERY,,1147,1146105050,48946609,84.81
1786441336,stage2,1792,2048,512,512,0,512,7974,0,0,2,106,443,resize_cooldown,28,0,0,4,0,0,32,true,748.139,745.115,0.004042,false,false,0.000000,0,0,477,477,925,TP_RECOVERY,,625,1146113249,48948057,84.99
1786441337,stage2,1792,2048,512,512,0,512,7974,0,0,2,106,443,resize_cooldown,28,0,0,4,0,0,32,true,747.591,742.662,0.006594,false,false,0.000000,0,0,477,477,925,TP_RECOVERY,,774,1146123452,48949864,84.95
1786441338,stage2,1792,2048,512,512,0,512,7974,0,0,2,106,443,resize_cooldown,28,0,0,4,0,0,32,true,746.917,740.850,0.008123,false,false,0.000000,0,0,477,477,925,TP_RECOVERY,,646,1146132027,48951341,85.31
1786441339,stage2,1792,2048,512,512,0,512,7974,0,0,2,106,443,resize_cooldown,28,0,0,4,0,0,32,true,746.136,739.102,0.009426,false,false,0.000000,0,0,477,477,925,TP_RECOVERY,,771,1146142258,48953121,85.18
1786441340,stage2,1792,2048,512,512,0,512,7974,0,0,2,106,443,resize_cooldown,28,0,0,4,0,0,32,true,745.465,739.430,0.008096,false,false,0.000000,0,0,477,477,925,TP_RECOVERY,,777,1146152349,48954919,84.88
1786441341,stage2,1792,2048,512,512,0,512,7974,0,0,2,106,443,resize_cooldown,28,0,0,4,0,0,32,true,745.065,741.460,0.004838,false,false,0.000000,0,0,477,477,925,TP_RECOVERY,,757,1146162313,48956724,84.66
1786441342,stage2,1792,2048,512,512,0,512,7974,0,0,2,106,443,resize_cooldown,28,0,0,4,0,0,32,true,744.509,739.509,0.006715,false,false,0.000000,0,0,477,477,925,TP_RECOVERY,,727,1146171861,48958371,85.29
1786441343,stage2,1792,2048,512,512,0,512,7974,0,0,2,106,443,resize_cooldown,28,0,0,4,0,0,32,true,743.733,736.749,0.009391,false,false,0.000000,0,0,477,477,925,TP_RECOVERY,,1086,1146186419,48960906,85.17
1786441344,stage2,1792,2048,512,512,0,512,7974,0,0,2,106,443,resize_cooldown,28,0,0,4,0,0,32,true,743.079,737.196,0.007918,false,false,0.000000,0,0,477,477,925,TP_RECOVERY,,728,1146196017,48962590,85.07
1786441345,stage2,1792,2048,512,512,0,512,7974,0,0,2,106,443,resize_cooldown,28,0,0,4,0,0,32,true,742.563,737.913,0.006262,false,false,0.000000,0,0,477,477,925,TP_RECOVERY,,805,1146206633,48964424,85.27
1786441347,stage2,1792,2048,512,512,0,512,7974,0,0,2,106,443,resize_cooldown,28,0,0,4,0,0,32,true,741.783,738.587,0.004309,false,false,0.000000,0,0,477,477,925,TP_RECOVERY,,794,1146217126,48966304,84.81
1786441348,stage2,1792,2048,512,512,0,512,7974,0,0,2,106,443,resize_cooldown,28,0,0,4,0,0,32,true,741.233,736.281,0.006681,false,false,0.000000,0,0,477,477,925,TP_RECOVERY,,698,1146226421,48967904,85.31
1786441349,stage2,1792,2048,512,512,0,512,7974,0,0,2,106,443,resize_cooldown,28,0,0,4,0,0,32,true,740.835,737.255,0.004832,false,false,0.000000,0,0,477,477,925,TP_RECOVERY,,764,1146236500,48969631,85.37
1786441350,stage2,1792,2048,512,512,0,512,7974,0,0,2,106,443,resize_cooldown,28,0,0,4,0,0,32,true,740.554,738.021,0.003420,false,false,0.000000,0,0,477,477,925,TP_RECOVERY,,750,1146289549,48997146,65.85
1786441351,stage2,1792,2048,512,512,0,512,7974,0,0,2,106,443,resize_cooldown,28,0,0,4,0,0,32,true,740.186,736.872,0.004477,false,false,0.000000,0,0,477,477,925,TP_RECOVERY,,1125,1146304320,48999703,85.24
1786441352,stage2,1792,2048,512,512,0,512,7974,0,0,2,106,443,resize_cooldown,28,0,0,4,0,0,32,true,739.813,736.464,0.004528,false,false,0.000000,0,0,477,477,925,TP_RECOVERY,,702,1146313299,49001250,85.30
1786441353,stage3,1792,2048,512,512,0,512,7974,0,0,2,106,443,resize_cooldown,28,0,0,4,0,0,32,true,739.564,737.318,0.003036,false,false,0.000000,0,0,477,477,925,TP_RECOVERY,,835,1146323969,49003106,85.18
1786441354,stage3,1792,2048,512,512,0,512,7974,0,0,2,106,443,resize_cooldown,28,0,0,4,0,0,32,true,739.503,738.956,0.000740,false,false,0.000000,0,0,477,477,925,TP_RECOVERY,,751,1146333510,49004959,83.74
1786441355,stage3,1792,2048,512,512,0,512,7974,0,0,2,106,443,resize_cooldown,28,0,0,4,0,0,32,true,743.024,743.024,0.000000,false,false,0.000000,0,0,477,477,925,TP_RECOVERY,,795,1146343575,49006845,84.22
1786441356,stage3,1792,2048,512,512,0,512,7974,0,0,2,106,443,resize_cooldown,28,0,0,4,0,0,32,true,742.950,742.291,0.000888,false,false,0.000000,0,0,477,477,925,TP_RECOVERY,,760,1146353358,49008571,85.00
1786441357,stage3,1792,2048,512,512,0,512,7974,0,0,2,106,443,resize_cooldown,28,0,0,4,0,0,32,true,742.639,739.841,0.003768,false,false,0.000000,0,0,477,477,925,TP_RECOVERY,,638,1146361499,49010001,85.06
1786441358,stage3,1792,2048,512,512,0,512,7974,0,0,2,106,443,resize_cooldown,28,0,0,4,0,0,32,true,742.457,740.812,0.002216,false,false,0.000000,0,0,477,477,925,TP_RECOVERY,,1170,1146376512,49012786,84.35
1786441359,stage3,1792,2048,512,512,0,512,7974,0,0,2,106,443,resize_cooldown,28,0,0,4,0,0,32,true,744.376,744.376,0.000000,false,false,0.000000,0,0,477,477,925,TP_RECOVERY,,817,1146387073,49014617,85.22
1786441360,stage3,1792,2048,512,512,0,512,7974,0,0,2,106,443,resize_cooldown,28,0,0,4,0,0,32,true,746.769,746.769,0.000000,false,false,0.000000,0,0,477,477,925,TP_RECOVERY,,818,1146397513,49016456,85.02
1786441362,stage3,1792,2048,512,512,0,512,7974,0,0,2,106,443,resize_cooldown,28,0,0,4,0,0,32,true,746.696,746.328,0.000493,false,false,0.000000,0,0,477,477,925,TP_RECOVERY,,741,1146407053,49018072,85.51
1786441363,stage3,1792,2048,512,512,0,512,7974,0,0,2,106,443,resize_cooldown,28,0,0,4,0,0,32,true,748.715,748.715,0.000000,false,false,0.000000,0,0,477,477,925,TP_RECOVERY,,825,1146417806,49019899,85.48
1786441364,stage3,1792,2048,512,512,0,512,7974,0,0,2,106,443,resize_cooldown,28,0,0,4,0,0,32,true,753.071,753.071,0.000000,false,false,0.000000,0,0,477,477,925,TP_RECOVERY,,806,1146428285,49021586,86.13
1786441365,stage3,1792,2048,512,512,0,512,7974,0,0,2,106,443,resize_cooldown,28,0,0,4,0,0,32,true,754.320,754.320,0.000000,false,false,0.000000,0,0,477,477,925,TP_RECOVERY,,795,1146438572,49023307,85.67
1786441366,stage3,1792,2048,512,512,0,512,7974,0,0,2,106,443,resize_cooldown,28,0,0,4,0,0,32,true,755.604,755.604,0.000000,false,false,0.000000,0,0,477,477,925,TP_RECOVERY,,725,1146447934,49024969,84.92
1786441367,stage3,1792,2048,512,512,0,512,7974,0,0,2,106,443,resize_cooldown,28,0,0,4,0,0,32,true,755.533,754.888,0.000854,false,false,0.000000,0,0,477,477,925,TP_RECOVERY,,1119,1146462409,49027459,85.32
1786441368,stage3,1792,2048,512,512,0,512,7974,0,0,2,106,443,resize_cooldown,28,0,0,4,0,0,32,true,757.291,757.291,0.000000,false,false,0.000000,0,0,477,477,925,TP_RECOVERY,,778,1146472395,49029211,85.07
1786441369,stage3,1792,2048,512,512,0,512,7974,0,0,2,106,443,resize_cooldown,28,0,0,4,0,0,32,true,758.612,758.612,0.000000,false,false,0.000000,0,0,477,477,925,TP_RECOVERY,,830,1146483226,49031079,85.29
1786441370,stage3,1792,2048,512,512,0,512,7974,0,0,2,106,443,resize_cooldown,28,0,0,4,0,0,32,true,758.549,757.984,0.000745,false,false,0.000000,0,0,477,477,925,TP_RECOVERY,,596,1146490819,49032421,84.98
1786441371,stage3,1792,2048,512,512,0,512,7974,0,0,2,106,443,resize_cooldown,28,0,0,4,0,0,32,true,758.063,753.690,0.005769,false,false,0.000000,0,0,477,477,925,TP_RECOVERY,,738,1146500363,49034056,85.37
1786441372,stage3,1792,2048,512,512,0,512,7974,0,0,2,106,443,resize_cooldown,28,0,0,4,0,0,32,true,757.462,752.050,0.007145,false,false,0.000000,0,0,477,477,925,TP_RECOVERY,,702,1146509419,49035599,85.44
1786441373,stage3,1792,2048,512,512,0,512,7974,0,0,2,106,443,resize_cooldown,28,0,0,4,0,0,32,true,757.099,753.833,0.004314,false,false,0.000000,0,0,477,477,925,TP_RECOVERY,,740,1146518967,49037233,85.39
1786441374,stage3,1792,2048,512,512,0,512,7974,0,0,2,106,443,resize_cooldown,28,0,0,4,0,0,32,true,756.776,753.869,0.003842,false,false,0.000000,0,0,477,477,925,TP_RECOVERY,,764,1146528884,49038990,84.95
1786441375,stage3,1792,2048,512,512,0,512,7974,0,0,2,106,443,resize_cooldown,28,0,0,4,0,0,32,true,756.225,751.266,0.006558,false,false,0.000000,0,0,477,477,925,TP_RECOVERY,,670,1146537348,49040536,84.56
1786441377,stage3,1792,2048,512,512,0,512,7974,0,0,2,106,443,resize_cooldown,28,0,0,4,0,0,32,true,754.771,748.103,0.008835,false,false,0.000000,0,0,477,477,925,TP_RECOVERY,,1123,1146551853,49043110,84.93
1786441378,stage3,1792,2048,512,512,0,512,7974,0,0,2,106,443,resize_cooldown,28,0,0,4,0,0,32,true,754.186,748.916,0.006988,false,false,0.000000,0,0,477,477,925,TP_RECOVERY,,729,1146561290,49044793,84.87
1786441379,stage3,1792,2048,512,512,0,512,7974,0,0,2,106,443,resize_cooldown,28,0,0,4,0,0,32,true,753.524,747.572,0.007899,false,false,0.000000,0,0,477,477,925,TP_RECOVERY,,714,1146570390,49046506,84.16
1786441380,stage3,1792,2048,512,512,0,512,7974,0,0,2,106,443,resize_cooldown,28,0,0,4,0,0,32,true,752.518,743.455,0.012042,false,false,0.000000,0,0,477,477,925,TP_RECOVERY,,601,1146578064,49047879,84.82
1786441381,stage3,1792,2048,512,512,0,512,7974,0,0,2,106,443,resize_cooldown,28,0,0,4,0,0,32,true,751.694,744.286,0.009855,false,false,0.000000,0,0,477,477,925,TP_RECOVERY,,773,1146588001,49049631,85.01
1786441382,stage3,1792,2048,512,512,0,512,7974,0,0,2,106,443,resize_cooldown,28,0,0,4,0,0,32,true,750.914,743.892,0.009351,false,false,0.000000,0,0,477,477,925,TP_RECOVERY,,761,1146597719,49051428,84.39
1786441383,stage3,1792,2048,512,512,0,512,7974,0,0,2,106,443,resize_cooldown,28,0,0,4,0,0,32,true,750.234,744.112,0.008160,false,false,0.000000,0,0,477,477,925,TP_RECOVERY,,744,1146607312,49053142,84.84
1786441384,stage3,1792,2048,512,512,0,512,7974,0,0,2,106,443,resize_cooldown,28,0,0,4,0,0,32,true,749.356,741.451,0.010549,false,false,0.000000,0,0,477,477,925,TP_RECOVERY,,1080,1146621360,49055610,85.06
1786441385,stage3,1792,2048,512,512,0,512,7974,0,0,2,106,443,resize_cooldown,28,0,0,4,0,0,32,true,748.487,740.673,0.010440,false,false,0.000000,0,0,477,477,925,TP_RECOVERY,,750,1146630882,49057433,83.93
1786441386,stage3,1792,2048,512,512,0,512,7974,0,0,2,106,443,resize_cooldown,28,0,0,4,0,0,32,true,747.733,740.945,0.009078,false,false,0.000000,0,0,477,477,925,TP_RECOVERY,,771,1146640936,49059202,85.04
1786441387,stage3,1792,2048,512,512,0,512,7974,0,0,2,106,443,resize_cooldown,28,0,0,4,0,0,32,true,747.306,743.463,0.005143,false,false,0.000000,0,0,477,477,925,TP_RECOVERY,,703,1146649893,49060825,84.66
1786441388,stage3,1792,2048,512,512,0,512,7974,0,0,2,106,443,resize_cooldown,28,0,0,4,0,0,32,true,746.711,741.351,0.007177,false,false,0.000000,0,0,477,477,925,TP_RECOVERY,,688,1146658823,49062379,85.18
1786441389,stage3,1792,2048,512,512,0,512,7974,0,0,2,106,443,resize_cooldown,28,0,0,4,0,0,32,true,745.841,738.014,0.010494,false,false,0.000000,0,0,477,477,925,TP_RECOVERY,,759,1146668615,49064111,84.97
1786441390,stage3,1792,2048,512,512,0,512,7974,0,0,2,106,443,resize_cooldown,28,0,0,4,0,0,32,true,744.912,736.556,0.011219,false,false,0.000000,0,0,477,477,925,TP_RECOVERY,,773,1146678569,49065912,84.68
1786441392,stage3,1792,2048,512,512,0,512,7974,0,0,2,106,443,resize_cooldown,28,0,0,4,0,0,32,true,744.041,736.195,0.010545,false,false,0.000000,0,0,477,477,925,TP_RECOVERY,,751,1146688324,49067623,85.08
1786441393,stage3,1792,2048,512,512,0,512,7974,0,0,2,106,443,resize_cooldown,28,0,0,4,0,0,32,true,741.894,730.732,0.015044,false,false,0.000000,0,0,477,477,925,TP_RECOVERY,,1070,1146702434,49069930,85.95
1786441394,stage3,1792,2048,512,512,0,512,7974,0,0,2,106,443,resize_cooldown,28,0,0,4,0,0,32,true,740.568,728.639,0.016108,false,false,0.000000,0,0,477,477,925,TP_RECOVERY,,758,1146712087,49071721,84.35
1786441395,stage3,1792,2048,512,512,0,512,7974,0,0,2,106,443,resize_cooldown,28,0,0,4,0,0,32,true,739.214,727.021,0.016494,false,false,0.000000,0,0,477,477,925,TP_RECOVERY,,754,1146721829,49073513,84.46
1786441396,stage3,1792,2048,512,512,0,512,7974,0,0,2,106,443,resize_cooldown,28,0,0,4,0,0,32,true,738.281,729.893,0.011363,false,false,0.000000,0,0,477,477,925,TP_RECOVERY,,776,1146731889,49075255,85.24
1786441397,stage3,1792,2048,512,512,0,512,7974,0,0,2,106,443,resize_cooldown,28,0,0,4,0,0,32,true,737.558,731.047,0.008828,false,false,0.000000,0,0,477,477,925,TP_RECOVERY,,756,1146741656,49076951,85.20
1786441398,stage3,1792,2048,512,512,0,512,7974,0,0,2,106,443,resize_cooldown,28,0,0,4,0,0,32,true,736.591,727.891,0.011812,false,false,0.000000,0,0,477,477,925,TP_RECOVERY,,673,1146750273,49078530,84.51
1786441399,stage3,1792,2048,512,512,0,512,7974,0,0,2,106,443,resize_cooldown,28,0,0,4,0,0,32,true,735.624,726.919,0.011834,false,false,0.000000,0,0,477,477,925,TP_RECOVERY,,756,1146760205,49080305,84.84
1786441400,stage3,1792,2048,512,512,0,512,7974,0,0,2,106,443,resize_cooldown,28,0,0,4,0,0,32,true,734.539,724.775,0.013293,false,false,0.000000,0,0,477,477,925,TP_RECOVERY,,839,1146771129,49082140,85.62
1786441401,stage3,1792,2048,512,512,0,512,7974,0,0,2,106,443,resize_cooldown,28,0,0,4,0,0,32,true,734.204,731.192,0.004103,false,false,0.000000,0,0,477,477,925,TP_RECOVERY,,791,1146781370,49083920,85.19
1786441402,stage3,1792,2048,512,512,0,512,7974,0,0,2,106,443,resize_cooldown,28,0,0,4,0,0,32,true,733.872,730.882,0.004075,false,false,0.000000,0,0,477,477,925,TP_RECOVERY,,630,1146789696,49085279,85.97
1786441403,stage3,1792,2048,512,512,0,512,7974,0,0,2,106,443,resize_cooldown,28,0,0,4,0,0,32,true,733.506,730.213,0.004490,false,false,0.000000,0,0,477,477,925,TP_RECOVERY,,761,1146799472,49087096,84.33
1786441404,stage3,1792,2048,512,512,0,512,7974,0,0,2,106,443,resize_cooldown,28,0,0,4,0,0,32,true,733.045,728.899,0.005656,false,false,0.000000,0,0,477,477,925,TP_RECOVERY,,1127,1146814304,49089610,85.51
1786441405,stage3,1792,2048,512,512,0,512,7974,0,0,2,106,443,resize_cooldown,28,0,0,4,0,0,32,true,733.547,733.547,0.000000,false,false,0.000000,0,0,477,477,925,TP_RECOVERY,,801,1146824675,49091428,85.08
1786441406,stage3,1792,2048,512,512,0,512,7974,0,0,2,106,443,resize_cooldown,28,0,0,4,0,0,32,true,735.023,735.023,0.000000,false,false,0.000000,0,0,477,477,925,TP_RECOVERY,,634,1146832888,49092827,85.45
1786441407,stage3,1792,2048,512,512,0,512,7974,0,0,2,106,443,resize_cooldown,28,0,0,4,0,0,32,true,734.625,731.044,0.004875,false,false,0.000000,0,0,477,477,925,TP_RECOVERY,,740,1146842597,49094582,84.69
1786441409,stage3,1792,2048,512,512,0,512,7974,0,0,2,106,443,resize_cooldown,28,0,0,4,0,0,32,true,733.830,730.453,0.004602,false,false,0.000000,0,0,477,477,925,TP_RECOVERY,,721,1146852026,49096251,84.96
1786441410,stage3,1792,2048,512,512,0,512,7974,0,0,2,106,443,resize_cooldown,28,0,0,4,0,0,32,true,733.751,733.047,0.000961,false,false,0.000000,0,0,477,477,925,TP_RECOVERY,,690,1146861007,49097810,85.21
1786441411,stage3,1792,2048,512,512,0,512,7974,0,0,2,106,443,resize_cooldown,28,0,0,4,0,0,32,true,733.286,729.094,0.005716,false,false,0.000000,0,0,477,477,925,TP_RECOVERY,,711,1146870314,49099445,85.06
1786441412,stage3,1792,2048,512,512,0,512,7974,0,0,2,106,443,resize_cooldown,28,0,0,4,0,0,32,true,732.685,727.278,0.007380,false,false,0.000000,0,0,477,477,925,TP_RECOVERY,,647,1146878661,49100946,84.76
1786441413,stage3,1792,2048,512,512,0,512,7974,0,0,2,106,443,resize_cooldown,28,0,0,4,0,0,32,true,732.169,727.523,0.006345,false,false,0.000000,0,0,477,477,925,TP_RECOVERY,,1099,1146892997,49103588,84.44
1786441414,stage3,1792,2048,512,512,0,512,7974,0,0,2,106,443,resize_cooldown,28,0,0,4,0,0,32,true,731.855,729.034,0.003856,false,false,0.000000,0,0,477,477,925,TP_RECOVERY,,752,1146902985,49105249,85.74
1786441415,stage3,1792,2048,512,512,0,512,7974,0,0,2,106,443,resize_cooldown,28,0,0,4,0,0,32,true,731.476,728.059,0.004670,false,false,0.000000,0,0,477,477,925,TP_RECOVERY,,743,1146912622,49106928,85.16
1786441416,stage3,1792,2048,512,512,0,512,7974,0,0,2,106,443,resize_cooldown,28,0,0,4,0,0,32,true,730.988,726.595,0.006009,false,false,0.000000,0,0,477,477,925,TP_RECOVERY,,708,1146921851,49108509,85.37
1786441417,stage3,1792,2048,512,512,0,512,7974,0,0,2,106,443,resize_cooldown,28,0,0,4,0,0,32,true,730.721,728.321,0.003285,false,false,0.000000,0,0,477,477,925,TP_RECOVERY,,783,1146932052,49110364,84.61
1786441418,stage3,1792,2048,512,512,0,512,7974,0,0,2,106,443,resize_cooldown,28,0,0,4,0,0,32,true,730.288,726.392,0.005335,false,false,0.000000,0,0,477,477,925,TP_RECOVERY,,680,1146940923,49111889,85.33
1786441419,stage3,1792,2048,512,512,0,512,7974,0,0,2,106,443,resize_cooldown,28,0,0,4,0,0,32,true,730.074,728.151,0.002634,false,false,0.000000,0,0,477,477,925,TP_RECOVERY,,726,1146950514,49113614,84.76
1786441420,stage3,1792,2048,512,512,0,512,7974,0,0,2,106,443,resize_cooldown,28,0,0,4,0,0,32,true,729.856,727.887,0.002697,false,false,0.000000,0,0,477,477,925,TP_RECOVERY,,770,1146960560,49115352,85.25
1786441421,stage3,1792,2048,512,512,0,512,7974,0,0,2,106,443,resize_cooldown,28,0,0,4,0,0,32,true,729.369,724.986,0.006008,false,false,0.000000,0,0,477,477,925,TP_RECOVERY,,1045,1146974351,49117829,84.77
1786441422,stage3,1792,2048,512,512,0,512,7974,0,0,2,106,443,resize_cooldown,28,0,0,4,0,0,32,true,728.925,724.937,0.005471,false,false,0.000000,0,0,477,477,925,TP_RECOVERY,,722,1146983852,49119490,85.12
1786441424,stage3,1792,2048,512,512,0,512,7974,0,0,2,106,443,resize_cooldown,28,0,0,4,0,0,32,true,728.611,725.780,0.003886,false,false,0.000000,0,0,477,477,925,TP_RECOVERY,,658,1146992408,49121038,84.68
1786441425,stage3,1792,2048,512,512,0,512,7974,0,0,2,106,443,resize_cooldown,28,0,0,4,0,0,32,true,727.384,721.477,0.008121,false,false,0.000000,0,0,477,477,925,TP_RECOVERY,,729,1147002004,49122710,85.16
1786441426,stage3,1792,2048,512,512,0,512,7974,0,0,2,106,443,resize_cooldown,28,0,0,4,0,0,32,true,726.587,719.414,0.009873,false,false,0.000000,0,0,477,477,925,TP_RECOVERY,,704,1147011230,49124325,85.10
1786441427,stage3,1792,2048,512,512,0,512,7974,0,0,2,106,443,resize_cooldown,28,0,0,4,0,0,32,true,725.907,719.783,0.008436,false,false,0.000000,0,0,477,477,925,TP_RECOVERY,,770,1147021356,49126102,85.07
1786441428,stage3,1792,2048,512,512,0,512,7974,0,0,2,106,443,resize_cooldown,28,0,0,4,0,0,32,true,725.561,722.445,0.004295,false,false,0.000000,0,0,477,477,925,TP_RECOVERY,,759,1147031273,49127812,85.29
1786441429,stage3,1792,2048,512,512,0,512,7974,0,0,2,106,443,resize_cooldown,28,0,0,4,0,0,32,true,725.234,722.290,0.004059,false,false,0.000000,0,0,477,477,925,TP_RECOVERY,,757,1147041175,49129561,84.99
1786441430,stage3,1792,2048,512,512,0,512,7974,0,0,2,106,443,resize_cooldown,28,0,0,4,0,0,32,true,724.862,721.521,0.004610,false,false,0.000000,0,0,477,477,925,TP_RECOVERY,,1065,1147055141,49132098,84.63
1786441431,stage3,1792,2048,512,512,0,512,7974,0,0,2,106,443,resize_cooldown,28,0,0,4,0,0,32,true,724.021,716.447,0.010460,false,false,0.000000,0,0,477,477,925,TP_RECOVERY,,528,1147061402,49133237,84.61
1786441432,stage3,1792,2048,512,512,0,512,7974,0,0,2,106,443,resize_cooldown,28,0,0,4,0,0,32,true,723.787,721.678,0.002914,false,false,0.000000,0,0,477,477,925,TP_RECOVERY,,1019,1147075801,49135688,85.45
1786441433,stage3,1792,2048,512,512,0,512,7974,0,0,2,106,443,resize_cooldown,28,0,0,4,0,0,32,true,724.861,724.861,0.000000,false,false,0.000000,0,0,477,477,925,TP_RECOVERY,,774,1147086026,49137479,85.09
1786441434,stage3,1792,2048,512,512,0,512,7974,0,0,2,106,443,resize_cooldown,28,0,0,4,0,0,32,true,727.244,727.244,0.000000,false,false,0.000000,0,0,477,477,925,TP_RECOVERY,,753,1147095945,49139208,85.16
1786441435,stage3,1792,2048,512,512,0,512,7974,0,0,2,106,443,resize_cooldown,28,0,0,4,0,0,32,true,727.050,725.301,0.002405,false,false,0.000000,0,0,477,477,925,TP_RECOVERY,,841,1147107033,49141206,84.73
1786441436,stage3,1792,2048,512,512,0,512,7974,0,0,2,106,443,resize_cooldown,28,0,0,4,0,0,32,true,727.008,726.635,0.000514,false,false,0.000000,0,0,477,477,925,TP_RECOVERY,,819,1147117697,49143090,84.99
1786441437,stage3,1792,2048,512,512,0,512,7974,0,0,2,106,443,resize_cooldown,28,0,0,4,0,0,32,true,734.099,734.099,0.000000,false,false,0.000000,0,0,477,477,925,TP_RECOVERY,,847,1147128906,49145051,85.11
1786441438,stage3,1792,2048,512,512,0,512,7974,0,0,2,106,443,resize_cooldown,28,0,0,4,0,0,32,true,737.774,737.774,0.000000,false,false,0.000000,0,0,477,477,925,TP_RECOVERY,,1038,1147141725,49147390,84.57
1786441440,stage3,1792,2048,512,512,0,512,7974,0,0,2,106,443,resize_cooldown,28,0,0,4,0,0,32,true,737.755,737.590,0.000224,false,false,0.000000,0,0,477,477,925,TP_RECOVERY,,676,1147150576,49149010,84.53
1786441441,stage3,1792,2048,512,512,0,512,7974,0,0,2,106,443,resize_cooldown,28,0,0,4,0,0,32,true,741.107,741.107,0.000000,false,false,0.000000,0,0,477,477,925,TP_RECOVERY,,960,1147163959,49151392,84.89
1786441442,stage3,1792,2048,512,512,0,512,7974,0,0,2,106,443,resize_cooldown,28,0,0,4,0,0,32,true,744.868,744.868,0.000000,false,false,0.000000,0,0,477,477,925,TP_RECOVERY,,780,1147174191,49153165,85.23
1786441443,stage3,1792,2048,512,512,0,512,7974,0,0,2,106,443,resize_cooldown,28,0,0,4,0,0,32,true,747.469,747.469,0.000000,false,false,0.000000,0,0,477,477,925,TP_RECOVERY,,786,1147184423,49154980,84.93
1786441444,stage3,1792,2048,512,512,0,512,7974,0,0,2,106,443,resize_cooldown,28,0,0,4,0,0,32,true,748.349,746.994,0.001810,false,false,0.000000,0,0,477,477,925,TP_RECOVERY,,699,1147193743,49156608,85.13
1786441445,stage3,1792,2048,512,512,0,512,7974,0,0,2,106,443,resize_cooldown,28,0,0,4,0,0,32,true,748.324,748.101,0.000297,false,false,0.000000,0,0,477,477,925,TP_RECOVERY,,778,1147203921,49158449,84.68
1786441446,stage3,1792,2048,512,512,0,512,7974,0,0,2,106,443,resize_cooldown,28,0,0,4,0,0,32,true,750.289,750.289,0.000000,false,false,0.000000,0,0,477,477,925,TP_RECOVERY,,782,1147214127,49160295,84.68
1786441447,stage3,1792,2048,512,512,0,512,7974,0,0,2,106,443,resize_cooldown,28,0,0,4,0,0,32,true,750.299,750.299,0.000000,false,false,0.000000,0,0,477,477,925,TP_RECOVERY,,988,1147226472,49162497,84.86
1786441448,stage3,1792,2048,512,512,0,512,7974,0,0,2,106,443,resize_cooldown,28,0,0,4,0,0,32,true,752.507,752.507,0.000000,false,false,0.000000,0,0,477,477,925,TP_RECOVERY,,752,1147236278,49164284,84.59
1786441449,stage3,1792,2048,512,512,0,512,7974,0,0,2,106,443,resize_cooldown,28,0,0,4,0,0,32,true,752.213,749.567,0.003518,false,false,0.000000,0,0,477,477,925,TP_RECOVERY,,806,1147247617,49166360,84.52
1786441450,stage3,1792,2048,512,512,0,512,7974,0,0,2,106,443,resize_cooldown,28,0,0,4,0,0,32,true,751.975,749.830,0.002852,false,false,0.000000,0,0,477,477,925,TP_RECOVERY,,777,1147257891,49168152,85.15
1786441451,stage3,1792,2048,512,512,0,512,7974,0,0,2,106,443,resize_cooldown,28,0,0,4,0,0,32,true,751.313,745.356,0.007930,false,false,0.000000,0,0,477,477,925,TP_RECOVERY,,402,1147262535,49168969,85.04
1786441452,stage3,1792,2048,512,512,0,512,7974,0,0,2,106,443,resize_cooldown,28,0,0,4,0,0,32,true,750.232,740.503,0.012968,false,false,0.000000,0,0,477,477,925,TP_RECOVERY,,556,1147269992,49170286,84.99
1786441453,stage3,1792,2048,512,512,0,512,7974,0,0,2,106,443,resize_cooldown,28,0,0,4,0,0,32,true,748.615,734.064,0.019438,false,false,0.000000,0,0,477,477,925,TP_RECOVERY,,573,1147277640,49171606,85.28
1786441455,stage3,1792,2048,512,512,0,512,7974,0,0,2,106,443,resize_cooldown,28,0,0,4,0,0,32,true,746.874,731.197,0.020989,false,false,0.000000,0,0,477,477,925,TP_RECOVERY,,643,1147286032,49173145,84.50
1786441456,stage3,1792,2048,512,512,0,512,7974,0,0,2,106,443,resize_cooldown,28,0,0,4,0,0,32,true,744.793,726.068,0.025141,false,false,0.000000,0,0,477,477,925,TP_RECOVERY,,674,1147294941,49174727,84.92
1786441457,stage3,1792,2048,512,512,0,512,7974,0,0,2,106,443,resize_cooldown,28,0,0,4,0,0,32,true,742.557,722.433,0.027102,false,false,0.000000,0,0,477,477,925,TP_RECOVERY,,658,1147303635,49176229,85.27
1786441458,stage3,1792,2048,512,512,0,512,7974,0,0,2,106,443,resize_cooldown,28,0,0,4,0,0,32,true,739.870,715.690,0.032682,false,false,0.000000,0,0,477,477,925,TP_RECOVERY,,624,1147311910,49177630,85.52
1786441459,stage3,1792,2048,512,512,0,512,7974,0,0,2,106,443,resize_cooldown,28,0,0,4,0,0,32,true,736.712,708.286,0.038585,false,false,0.000000,0,0,477,477,925,TP_RECOVERY,,593,1147319689,49179040,84.66
1786441460,stage3,1792,2048,512,512,0,512,7974,0,0,2,106,443,resize_cooldown,28,0,0,4,0,0,32,true,729.730,698.027,0.043445,false,false,0.000000,0,0,477,477,925,TP_RECOVERY,,636,1147328053,49180499,85.15
1786441461,stage3,1792,2048,512,512,0,512,7974,0,0,2,106,443,resize_cooldown,28,0,0,4,0,0,32,true,726.372,696.144,0.041615,false,false,0.000000,0,0,477,477,925,TP_RECOVERY,,630,1147336375,49181982,84.88
1786441462,stage3,1792,2048,512,512,0,512,7974,0,0,2,106,443,resize_cooldown,28,0,0,4,0,0,32,true,722.105,683.706,0.053177,false,false,0.000000,0,0,477,477,925,TP_RECOVERY,,313,1147340575,49182679,85.77
1786441463,stage3,1792,2048,512,512,0,512,7974,0,0,2,106,443,resize_cooldown,28,0,0,4,0,0,32,true,716.960,670.657,0.064583,false,false,0.000000,0,0,477,477,925,TP_RECOVERY,,455,1147346589,49183790,84.41
1786441464,stage3,1792,2048,512,512,0,512,7974,0,0,2,106,443,resize_cooldown,28,0,0,4,0,0,32,true,711.442,661.777,0.069809,false,false,0.000000,0,0,477,477,925,TP_RECOVERY,,579,1147354189,49185245,83.93
1786441465,stage3,1792,2048,512,512,0,512,7974,0,0,2,106,443,resize_cooldown,28,0,0,4,0,0,32,true,705.683,653.849,0.073452,false,false,0.000000,0,0,477,477,925,TP_RECOVERY,,537,1147361336,49186500,85.06
1786441466,stage3,1792,2048,512,512,0,512,7974,0,0,2,106,443,resize_cooldown,28,0,0,4,0,0,32,true,699.698,645.834,0.076982,false,false,0.000000,0,0,477,477,925,TP_RECOVERY,,681,1147370272,49188080,84.98
1786441468,stage3,1792,2048,512,512,0,512,7974,0,0,2,106,443,resize_cooldown,28,0,0,4,0,0,32,true,693.012,632.839,0.086828,false,false,0.000000,0,0,477,477,925,TP_RECOVERY,,572,1147377931,49189364,85.64
1786441469,stage3,1792,2048,512,512,0,512,7974,0,0,2,106,443,resize_cooldown,28,0,0,4,0,0,32,true,686.155,624.446,0.089935,false,false,0.000000,0,0,477,477,925,TP_RECOVERY,,621,1147386041,49190879,84.26
1786441470,stage3,1792,2048,512,512,0,512,7974,0,0,2,106,443,resize_cooldown,28,0,0,4,0,0,32,true,672.442,610.719,0.091789,false,false,0.000000,0,0,477,477,925,TP_RECOVERY,,608,1147394130,49192320,84.88
1786441471,stage3,1792,2048,512,512,0,512,7974,0,0,2,106,443,resize_cooldown,28,0,0,4,0,0,32,true,665.596,603.979,0.092575,false,false,0.000000,0,0,477,477,925,TP_RECOVERY,,619,1147402350,49193778,84.93
1786441472,stage3,1792,2048,512,512,0,512,7974,0,0,2,106,443,resize_cooldown,28,0,0,4,0,0,32,true,658.441,594.045,0.097801,false,false,0.000000,0,0,477,477,925,TP_RECOVERY,,542,1147534995,49207000,90.94
1786441473,stage3,1792,2048,512,512,0,512,7974,0,0,2,106,443,resize_cooldown,28,0,0,4,0,0,32,true,651.118,585.212,0.101220,false,false,0.000000,0,0,477,477,925,TP_RECOVERY,,613,1147542869,49208401,84.89
1786441474,stage3,1792,2048,512,512,0,512,7974,0,0,2,106,443,resize_cooldown,28,0,0,4,0,0,32,true,643.973,579.672,0.099850,false,false,0.000000,0,0,477,477,925,TP_RECOVERY,,697,1147552288,49210150,84.34
1786441475,stage4,1792,2048,512,512,0,512,7974,0,0,2,106,443,resize_cooldown,28,0,0,4,0,0,32,true,636.657,570.813,0.103421,false,false,0.000000,0,0,477,477,925,TP_RECOVERY,,504,1147558550,49211250,85.06
1786441477,stage4,1792,2048,512,512,0,512,7974,0,0,2,106,443,resize_cooldown,28,0,0,4,0,0,32,true,628.897,559.053,0.111058,false,false,0.000000,0,0,477,477,925,TP_RECOVERY,,475,1147564478,49212333,84.55
1786441478,stage4,1792,2048,512,512,0,512,7974,0,0,2,106,443,resize_cooldown,28,0,0,4,0,0,32,true,621.375,553.678,0.108947,false,false,0.000000,0,0,477,477,925,TP_RECOVERY,,594,1147571798,49213696,84.30
1786441479,stage4,1792,2048,512,512,0,512,7974,0,0,2,106,443,resize_cooldown,28,0,0,4,0,0,32,true,613.888,546.506,0.109762,false,false,0.000000,0,0,477,477,925,TP_RECOVERY,,595,1147579225,49215103,84.07
1786441480,stage4,1792,2048,512,512,0,512,7974,0,0,2,106,443,resize_cooldown,28,0,0,4,0,0,32,true,606.337,538.380,0.112079,false,false,0.000000,0,0,477,477,925,TP_RECOVERY,,297,1147582897,49215710,85.81
1786441481,stage4,1792,2048,512,512,0,512,7974,0,0,2,106,443,resize_cooldown,28,0,0,4,0,0,32,true,588.916,515.455,0.124740,false,false,0.000000,0,0,477,477,925,TP_RECOVERY,,620,1147590782,49217096,85.05
1786441482,stage4,1792,2048,512,512,0,512,7974,0,0,2,106,443,resize_cooldown,28,0,0,4,0,0,32,true,581.893,518.686,0.108624,false,false,0.000000,0,0,477,477,925,TP_RECOVERY,,747,1147600329,49218802,84.84
1786441483,stage4,1792,2048,512,512,0,512,7974,0,0,2,106,443,resize_cooldown,28,0,0,4,0,0,32,true,576.342,526.384,0.086681,false,false,0.000000,0,0,477,477,925,TP_RECOVERY,,762,1147610092,49220564,84.71
1786441485,stage4,1792,2048,512,512,0,512,7974,0,0,2,106,443,resize_cooldown,28,0,0,4,0,0,32,true,571.822,531.145,0.071137,false,false,0.000000,0,0,477,477,925,TP_RECOVERY,,725,1147619388,49222211,84.95
1786441486,stage4,1792,2048,512,512,0,512,7974,0,0,2,106,443,resize_cooldown,28,0,0,4,0,0,32,true,568.395,537.551,0.054266,false,false,0.000000,0,0,477,477,925,TP_RECOVERY,,711,1147628449,49223850,84.68
1786441487,stage4,1792,2048,512,512,0,512,7974,0,0,2,106,443,resize_cooldown,28,0,0,4,0,0,32,true,565.718,541.625,0.042589,false,false,0.000000,0,0,477,477,925,TP_RECOVERY,,764,1147638180,49225633,84.51
1786441488,stage4,1792,2048,512,512,0,512,7974,0,0,2,106,443,resize_cooldown,28,0,0,4,0,0,32,true,563.991,548.443,0.027567,false,false,0.000000,0,0,477,477,925,TP_RECOVERY,,777,1147648086,49227433,84.62
1786441489,stage4,1792,2048,512,512,0,512,7974,0,0,2,106,443,resize_cooldown,28,0,0,4,0,0,32,true,563.193,556.009,0.012755,false,false,0.000000,0,0,477,477,925,TP_RECOVERY,,755,1147657792,49229174,84.79
1786441490,stage4,1792,2048,512,512,0,512,7974,0,0,2,106,443,resize_cooldown,28,0,0,4,0,0,32,true,563.156,562.826,0.000585,false,false,0.000000,0,0,477,477,925,TP_RECOVERY,,729,1147667154,49230809,85.13
1786441491,stage4,1792,2048,512,512,0,512,7974,0,0,2,106,443,resize_cooldown,28,0,0,4,0,0,32,true,562.329,554.891,0.013228,false,false,0.000000,0,0,477,477,925,TP_RECOVERY,,423,1147672499,49231786,84.55
1786441492,stage4,1792,2048,512,512,0,512,7974,0,0,2,106,443,resize_cooldown,28,0,0,4,0,0,32,true,561.207,551.100,0.018008,false,false,0.000000,0,0,477,477,925,TP_RECOVERY,,503,1147678956,49232969,84.52
1786441493,stage4,1792,2048,512,512,0,512,7974,0,0,2,106,443,resize_cooldown,28,0,0,4,0,0,32,true,560.057,549.715,0.018467,false,false,0.000000,0,0,477,477,925,TP_RECOVERY,,285,1147682464,49233623,84.29
1786441495,stage4,1792,2048,512,512,0,512,7974,0,0,2,106,443,resize_cooldown,28,0,0,4,0,0,32,true,556.072,535.338,0.037287,false,false,0.000000,0,0,477,477,925,TP_RECOVERY,,943,1147694642,49235829,84.66
1786441496,stage4,1792,2048,512,512,0,512,7974,0,0,2,106,443,resize_cooldown,28,0,0,4,0,0,32,true,554.560,540.959,0.024527,false,false,0.000000,0,0,477,477,925,TP_RECOVERY,,637,1147702783,49237309,84.62
1786441497,stage4,1792,2048,512,512,0,512,7974,0,0,2,106,443,resize_cooldown,28,0,0,4,0,0,32,true,553.696,545.914,0.014055,false,false,0.000000,0,0,477,477,925,TP_RECOVERY,,759,1147712444,49239126,84.17
1786441498,stage4,1792,2048,512,512,0,512,7974,0,0,2,106,443,resize_cooldown,28,0,0,4,0,0,32,true,555.611,555.611,0.000000,false,false,0.000000,0,0,477,477,925,TP_RECOVERY,,797,1147722721,49240950,84.93
1786441499,stage4,1792,2048,512,512,0,512,7974,0,0,2,106,443,resize_cooldown,28,0,0,4,0,0,32,true,563.213,563.213,0.000000,false,false,0.000000,0,0,477,477,925,TP_RECOVERY,,562,1147730061,49242215,85.30
1786441500,stage4,1792,2048,512,512,0,512,7974,0,0,2,106,443,resize_cooldown,28,0,0,4,0,0,32,true,561.937,553.426,0.015147,false,false,0.000000,0,0,477,477,925,TP_RECOVERY,,474,1147735994,49243254,85.10
1786441501,stage4,1792,2048,512,512,0,512,7974,0,0,2,106,443,resize_cooldown,28,0,0,4,0,0,32,true,560.918,551.749,0.016347,false,false,0.000000,0,0,477,477,925,TP_RECOVERY,,553,1147743200,49244483,85.43
1786441502,stage4,1792,2048,512,512,0,512,7974,0,0,2,106,443,resize_cooldown,28,0,0,4,0,0,32,true,559.218,543.913,0.027369,false,false,0.000000,0,0,477,477,925,TP_RECOVERY,,231,1147746024,49244981,85.01
1786441504,stage4,1792,2048,512,512,0,512,7974,0,0,2,106,443,resize_cooldown,28,0,0,4,0,0,32,true,556.503,532.070,0.043904,false,false,0.000000,0,0,477,477,925,TP_RECOVERY,,800,1147756322,49246759,85.28
1786441505,stage4,1792,2048,512,512,0,512,7974,0,0,2,106,443,resize_cooldown,28,0,0,4,0,0,32,true,554.845,539.925,0.026892,false,false,0.000000,0,0,477,477,925,TP_RECOVERY,,719,1147765572,49248406,84.89
1786441506,stage4,1792,2048,512,512,0,512,7974,0,0,2,106,443,resize_cooldown,28,0,0,4,0,0,32,true,554.066,547.058,0.012650,false,false,0.000000,0,0,477,477,925,TP_RECOVERY,,766,1147775417,49250188,84.67
1786441507,stage4,1792,2048,512,512,0,512,7974,0,0,2,106,443,resize_cooldown,28,0,0,4,0,0,32,true,563.269,563.269,0.000000,false,false,0.000000,0,0,477,477,925,TP_RECOVERY,,767,1147785394,49251891,85.42
1786441508,stage4,1792,2048,512,512,0,512,7974,0,0,2,106,443,resize_cooldown,28,0,0,4,0,0,32,true,562.862,559.196,0.006513,false,false,0.000000,0,0,477,477,925,TP_RECOVERY,,545,1147792339,49253133,84.83
1786441509,stage4,1792,2048,512,512,0,512,7974,0,0,2,106,443,resize_cooldown,28,0,0,4,0,0,32,true,562.800,562.244,0.000989,false,false,0.000000,0,0,477,477,925,TP_RECOVERY,,295,1147796066,49253782,85.17
1786441510,stage4,1792,2048,512,512,0,512,7974,0,0,2,106,443,resize_cooldown,28,0,0,4,0,0,32,true,575.104,575.104,0.000000,false,false,0.000000,0,0,477,477,925,TP_RECOVERY,,448,1147801872,49254764,85.53
1786441512,stage4,1792,2048,512,512,0,512,7974,0,0,2,106,443,resize_cooldown,28,0,0,4,0,0,32,true,574.181,565.880,0.014457,false,false,0.000000,0,0,477,477,925,TP_RECOVERY,,457,1147807625,49255819,84.50
1786441513,stage4,1792,2048,512,512,0,512,7974,0,0,2,106,443,resize_cooldown,28,0,0,4,0,0,32,true,571.250,544.872,0.046177,false,false,0.000000,0,0,477,477,925,TP_RECOVERY,,406,1147812665,49256748,84.44
1786441514,stage4,1792,2048,512,512,0,512,7974,0,0,2,106,443,resize_cooldown,28,0,0,4,0,0,32,true,568.561,544.354,0.042575,false,false,0.000000,0,0,477,477,925,TP_RECOVERY,,744,1147822433,49258428,85.32
1786441515,stage4,1792,2048,512,512,0,512,7974,0,0,2,106,443,resize_cooldown,28,0,0,4,0,0,32,true,566.212,545.072,0.037336,false,false,0.000000,0,0,477,477,925,TP_RECOVERY,,681,1147831169,49259987,84.86
1786441516,stage4,1792,2048,512,512,0,512,7974,0,0,2,106,443,resize_cooldown,28,0,0,4,0,0,32,true,563.844,542.528,0.037804,false,false,0.000000,0,0,477,477,925,TP_RECOVERY,,724,1147840587,49261646,85.02
1786441517,stage4,1792,2048,512,512,0,512,7974,0,0,2,106,443,resize_cooldown,28,0,0,4,0,0,32,true,561.794,543.352,0.032827,false,false,0.000000,0,0,477,477,925,TP_RECOVERY,,782,1147850614,49263433,84.87
1786441518,stage4,1792,2048,512,512,0,512,7974,0,0,2,106,443,resize_cooldown,28,0,0,4,0,0,32,true,559.753,541.375,0.032831,false,false,0.000000,0,0,477,477,925,TP_RECOVERY,,447,1147856270,49264453,84.72
1786441519,stage4,1792,2048,512,512,0,512,7974,0,0,2,106,443,resize_cooldown,28,0,0,4,0,0,32,true,556.395,526.173,0.054317,false,false,0.000000,0,0,477,477,925,TP_RECOVERY,,483,1147862621,49265521,85.60
1786441520,stage4,1792,2048,512,512,0,512,7974,0,0,2,106,443,resize_cooldown,28,0,0,4,0,0,32,true,551.832,510.766,0.074417,false,false,0.000000,0,0,477,477,925,TP_RECOVERY,,302,1147866358,49266182,84.97
1786441521,stage4,1792,2048,512,512,0,512,7974,0,0,2,106,443,resize_cooldown,28,0,0,4,0,0,32,true,543.710,505.728,0.069857,false,false,0.000000,0,0,477,477,925,TP_RECOVERY,,355,1147870806,49266987,84.68
1786441522,stage4,1792,2048,512,512,0,512,7974,0,0,2,106,443,resize_cooldown,28,0,0,4,0,0,32,true,538.758,494.197,0.082711,false,false,0.000000,0,0,477,477,925,TP_RECOVERY,,23,1147871001,49266987,100.00
1786441523,stage4,1792,2048,512,512,0,512,7974,0,0,2,106,443,resize_cooldown,28,0,0,4,0,0,32,true,535.446,505.634,0.055677,false,false,0.000000,0,0,477,477,925,TP_RECOVERY,,720,1147880394,49268616,85.22
1786441525,stage4,1792,2048,512,512,0,512,7974,0,0,2,106,443,resize_cooldown,28,0,0,4,0,0,32,true,533.647,517.459,0.030335,false,false,0.000000,0,0,477,477,925,TP_RECOVERY,,650,1147888722,49270092,84.94
1786441526,stage4,1792,2048,512,512,0,512,7974,0,0,2,106,443,resize_cooldown,28,0,0,4,0,0,32,true,532.196,519.139,0.024534,false,false,0.000000,0,0,477,477,925,TP_RECOVERY,,753,1147898607,49271786,85.37
1786441527,stage4,1792,2048,512,512,0,512,7974,0,0,2,106,443,resize_cooldown,28,0,0,4,0,0,32,true,530.649,516.725,0.026240,false,false,0.000000,0,0,477,477,925,TP_RECOVERY,,683,1147907415,49273388,84.61
1786441528,stage4,1792,2048,512,512,0,512,7974,0,0,2,106,443,resize_cooldown,28,0,0,4,0,0,32,true,529.247,516.630,0.023840,false,false,0.000000,0,0,477,477,925,TP_RECOVERY,,760,1147917208,49275116,85.00
1786441529,stage4,1792,2048,512,512,0,512,7974,0,0,2,106,443,resize_cooldown,28,0,0,4,0,0,32,true,527.758,514.358,0.025390,false,false,0.000000,0,0,477,477,925,TP_RECOVERY,,721,1147926649,49276744,85.29
1786441530,stage4,1792,2048,512,512,0,512,7974,0,0,2,106,443,resize_cooldown,28,0,0,4,0,0,32,true,527.324,523.415,0.007413,false,false,0.000000,0,0,477,477,925,TP_RECOVERY,,681,1147935416,49278305,84.89
1786441531,stage4,1792,2048,512,512,0,512,7974,0,0,2,106,443,resize_cooldown,28,0,0,4,0,0,32,true,534.668,534.668,0.000000,false,false,0.000000,0,0,477,477,925,TP_RECOVERY,,1021,1147948695,49280703,84.70
1786441532,stage4,1792,2048,512,512,0,512,7974,0,0,2,106,443,resize_cooldown,28,0,0,4,0,0,32,true,535.096,535.096,0.000000,false,false,0.000000,0,0,477,477,925,TP_RECOVERY,,185,1147950977,49281097,85.28
1786441533,stage4,1792,2048,512,512,0,512,7974,0,0,2,106,443,resize_cooldown,28,0,0,4,0,0,32,true,541.543,541.543,0.000000,false,false,0.000000,0,0,477,477,925,TP_RECOVERY,,405,1147956118,49282039,84.51
1786441534,stage4,1792,2048,512,512,0,512,7974,0,0,2,106,443,resize_cooldown,28,0,0,4,0,0,32,true,550.908,550.908,0.000000,false,false,0.000000,0,0,477,477,925,TP_RECOVERY,,518,1147962781,49283209,85.06
1786441535,stage4,1792,2048,512,512,0,512,7974,0,0,2,106,443,resize_cooldown,28,0,0,4,0,0,32,true,549.449,536.324,0.023888,false,false,0.000000,0,0,477,477,925,TP_RECOVERY,,197,1147965302,49283632,85.63
1786441536,stage4,1792,2048,512,512,0,512,7974,0,0,2,106,443,resize_cooldown,28,0,0,4,0,0,32,true,542.382,510.926,0.057997,false,false,0.000000,0,0,477,477,925,TP_RECOVERY,,735,1147974749,49285352,84.60
1786441537,stage4,1792,2048,512,512,0,512,7974,0,0,2,106,443,resize_cooldown,28,0,0,4,0,0,32,true,538.964,508.203,0.057074,false,false,0.000000,0,0,477,477,925,TP_RECOVERY,,682,1147983570,49286906,85.02
1786441538,stage4,1792,2048,512,512,0,512,7974,0,0,2,106,443,resize_cooldown,28,0,0,4,0,0,32,true,536.931,518.629,0.034086,false,false,0.000000,0,0,477,477,925,TP_RECOVERY,,735,1147993250,49288589,85.19
1786441540,stage4,1792,2048,512,512,0,512,7974,0,0,2,106,443,resize_cooldown,28,0,0,4,0,0,32,true,535.793,525.557,0.019106,false,false,0.000000,0,0,477,477,925,TP_RECOVERY,,324,1147997412,49289351,84.52
1786441541,stage4,1792,2048,512,512,0,512,7974,0,0,2,106,443,resize_cooldown,28,0,0,4,0,0,32,true,535.723,535.094,0.001175,false,false,0.000000,0,0,477,477,925,TP_RECOVERY,,1081,1148011480,49291870,84.81
1786441542,stage4,1792,2048,512,512,0,512,7974,0,0,2,106,443,resize_cooldown,28,0,0,4,0,0,32,true,537.740,537.740,0.000000,false,false,0.000000,0,0,477,477,925,TP_RECOVERY,,457,1148017298,49292940,84.47
1786441543,stage4,1792,2048,512,512,0,512,7974,0,0,2,106,443,resize_cooldown,28,0,0,4,0,0,32,true,549.619,549.619,0.000000,false,false,0.000000,0,0,477,477,925,TP_RECOVERY,,309,1148021183,49293631,84.90
1786441544,stage4,1792,2048,512,512,0,512,7974,0,0,2,106,443,resize_cooldown,28,0,0,4,0,0,32,true,547.859,532.014,0.028922,false,false,0.000000,0,0,477,477,925,TP_RECOVERY,,340,1148025394,49294350,85.42
1786441545,stage4,1792,2048,512,512,0,512,7974,0,0,2,106,443,resize_cooldown,28,0,0,4,0,0,32,true,544.734,516.610,0.051628,false,false,0.000000,0,0,477,477,925,TP_RECOVERY,,249,1148028746,49294956,84.69
1786441546,stage4,1792,2048,512,512,0,512,7974,0,0,2,106,443,resize_cooldown,28,0,0,4,0,0,32,true,540.171,499.107,0.076021,false,false,0.000000,0,0,477,477,925,TP_RECOVERY,,347,1148033198,49295767,84.59
1786441547,stage4,1792,2048,512,512,0,512,7974,0,0,2,106,443,resize_cooldown,28,0,0,4,0,0,32,true,530.020,486.641,0.081844,false,false,0.000000,0,0,477,477,925,TP_RECOVERY,,713,1148042573,49297434,84.90
1786441548,stage4,1792,2048,512,512,0,512,7974,0,0,2,106,443,resize_cooldown,28,0,0,4,0,0,32,true,527.053,500.352,0.050661,false,false,0.000000,0,0,477,477,925,TP_RECOVERY,,715,1148051811,49299135,84.45
1786441549,stage4,1792,2048,512,512,0,512,7974,0,0,2,106,443,resize_cooldown,28,0,0,4,0,0,32,true,525.444,510.960,0.027565,false,false,0.000000,0,0,477,477,925,TP_RECOVERY,,620,1148059869,49300580,84.79
1786441550,stage4,1792,2048,512,512,0,512,7974,0,0,2,106,443,resize_cooldown,28,0,0,4,0,0,32,true,525.221,523.209,0.003829,false,false,0.000000,0,0,477,477,925,TP_RECOVERY,,733,1148069424,49302294,84.79
1786441552,stage4,1792,2048,512,512,0,512,7974,0,0,2,106,443,resize_cooldown,28,0,0,4,0,0,32,true,538.994,538.994,0.000000,false,false,0.000000,0,0,477,477,925,TP_RECOVERY,,741,1148078963,49304042,84.51
1786441553,stage4,1792,2048,512,512,0,512,7974,0,0,2,106,443,resize_cooldown,28,0,0,4,0,0,32,true,562.433,562.433,0.000000,false,false,0.000000,0,0,477,477,925,TP_RECOVERY,,787,1148089160,49305895,84.62
1786441554,stage4,1792,2048,512,512,0,512,7974,0,0,2,106,443,resize_cooldown,28,0,0,4,0,0,32,true,568.373,568.373,0.000000,false,false,0.000000,0,0,477,477,925,TP_RECOVERY,,904,1148100494,49307834,85.39
1786441555,stage4,1792,2048,512,512,0,512,7974,0,0,2,106,443,resize_cooldown,28,0,0,4,0,0,32,true,569.813,569.813,0.000000,false,false,0.000000,0,0,477,477,925,TP_RECOVERY,,719,1148110224,49309618,84.51
1786441556,stage4,1792,2048,512,512,0,512,7974,0,0,2,106,443,resize_cooldown,28,0,0,4,0,0,32,true,568.813,559.816,0.015817,false,false,0.000000,0,0,477,477,925,TP_RECOVERY,,502,1148116846,49310792,84.94
1786441557,stage4,1792,2048,512,512,0,512,7974,0,0,2,106,443,resize_cooldown,28,0,0,4,0,0,32,true,566.814,548.828,0.031733,false,false,0.000000,0,0,477,477,925,TP_RECOVERY,,144,1148118461,49311053,86.09
1786441558,stage4,1792,2048,512,512,0,512,7974,0,0,2,106,443,resize_cooldown,28,0,0,4,0,0,32,true,562.884,527.509,0.062846,false,false,0.000000,0,0,477,477,925,TP_RECOVERY,,94,1148119610,49311260,84.73
1786441559,stage4,1792,2048,512,512,0,512,7974,0,0,2,106,443,resize_cooldown,28,0,0,4,0,0,32,true,557.048,504.526,0.094286,false,false,0.000000,0,0,477,477,925,TP_RECOVERY,,67,1148120480,49311395,86.57
1786441560,stage4,1792,2048,512,512,0,512,7974,0,0,2,106,443,resize_cooldown,28,0,0,4,0,0,32,true,551.044,497.007,0.098063,false,false,0.000000,0,0,477,477,925,TP_RECOVERY,,665,1148129236,49312966,84.79
1786441561,stage4,1792,2048,512,512,0,512,7974,0,0,2,106,443,resize_cooldown,28,0,0,4,0,0,32,true,545.587,496.478,0.090012,false,false,0.000000,0,0,477,477,925,TP_RECOVERY,,885,1148140234,49314903,85.03
1786441562,stage4,1792,2048,512,512,0,512,7974,0,0,2,106,443,resize_cooldown,28,0,0,4,0,0,32,true,541.216,501.874,0.072692,false,false,0.000000,0,0,477,477,925,TP_RECOVERY,,880,1148152484,49317108,84.75
1786441563,stage4,1792,2048,512,512,0,512,7974,0,0,2,106,443,resize_cooldown,28,0,0,4,0,0,32,true,536.001,516.305,0.036748,false,false,0.000000,0,0,477,477,925,TP_RECOVERY,,611,1148160450,49318527,84.88
1786441564,stage4,1792,2048,512,512,0,512,7974,0,0,2,106,443,resize_cooldown,28,0,0,4,0,0,32,true,534.049,516.481,0.032897,false,false,0.000000,0,0,477,477,925,TP_RECOVERY,,430,1148165890,49319465,85.29
1786441566,stage4,1792,2048,512,512,0,512,7974,0,0,2,106,443,resize_cooldown,28,0,0,4,0,0,32,true,533.606,529.613,0.007482,false,false,0.000000,0,0,477,477,925,TP_RECOVERY,,476,1148172113,49320549,85.16
1786441567,stage4,1792,2048,512,512,0,512,7974,0,0,2,106,443,resize_cooldown,28,0,0,4,0,0,32,true,532.444,521.986,0.019641,false,false,0.000000,0,0,477,477,925,TP_RECOVERY,,440,1148177827,49321522,85.45
1786441568,stage4,1792,2048,512,512,0,512,7974,0,0,2,106,443,resize_cooldown,28,0,0,4,0,0,32,true,530.133,509.335,0.039231,false,false,0.000000,0,0,477,477,925,TP_RECOVERY,,270,1148181236,49322119,85.10
1786441569,stage4,1792,2048,512,512,0,512,7974,0,0,2,106,443,resize_cooldown,28,0,0,4,0,0,32,true,525.969,488.491,0.071255,false,false,0.000000,0,0,477,477,925,TP_RECOVERY,,358,1148185869,49322894,85.67
1786441570,stage4,1792,2048,512,512,0,512,7974,0,0,2,106,443,resize_cooldown,28,0,0,4,0,0,32,true,522.065,486.930,0.067299,false,false,0.000000,0,0,477,477,925,TP_RECOVERY,,633,1148194171,49324370,84.90
1786441571,stage4,1792,2048,512,512,0,512,7974,0,0,2,106,443,resize_cooldown,28,0,0,4,0,0,32,true,518.008,481.495,0.070487,false,false,0.000000,0,0,477,477,925,TP_RECOVERY,,622,1148202476,49325793,85.37
1786441572,stage4,1792,2048,512,512,0,512,7974,0,0,2,106,443,resize_cooldown,28,0,0,4,0,0,32,true,515.436,492.294,0.044900,false,false,0.000000,0,0,477,477,925,TP_RECOVERY,,744,1148212265,49327488,85.24
1786441573,stage4,1792,2048,512,512,0,512,7974,0,0,2,106,443,resize_cooldown,28,0,0,4,0,0,32,true,513.945,500.520,0.026121,false,false,0.000000,0,0,477,477,925,TP_RECOVERY,,597,1148219990,49328895,84.59
1786441574,stage4,1792,2048,512,512,0,512,7974,0,0,2,106,443,resize_cooldown,28,0,0,4,0,0,32,true,514.274,514.274,0.000000,false,false,0.000000,0,0,477,477,925,TP_RECOVERY,,728,1148229632,49330596,85.00
1786441575,stage4,1792,2048,512,512,0,512,7974,0,0,2,106,443,resize_cooldown,28,0,0,4,0,0,32,true,526.956,526.956,0.000000,false,false,0.000000,0,0,477,477,925,TP_RECOVERY,,612,1148237573,49332013,84.86
1786441576,stage4,1792,2048,512,512,0,512,7974,0,0,2,106,443,resize_cooldown,28,0,0,4,0,0,32,true,539.219,539.219,0.000000,false,false,0.000000,0,0,477,477,925,TP_RECOVERY,,650,1148246028,49333600,84.20
1786441577,stage4,1792,2048,512,512,0,512,7974,0,0,2,106,443,resize_cooldown,28,0,0,4,0,0,32,true,549.867,549.867,0.000000,false,false,0.000000,0,0,477,477,925,TP_RECOVERY,,715,1148255461,49335310,84.65
1786441578,stage4,1792,2048,512,512,0,512,7974,0,0,2,106,443,resize_cooldown,28,0,0,4,0,0,32,true,549.516,546.357,0.005748,false,false,0.000000,0,0,477,477,925,TP_RECOVERY,,590,1148263130,49336721,84.46
1786441579,stage4,1792,2048,512,512,0,512,7974,0,0,2,106,443,resize_cooldown,28,0,0,4,0,0,32,true,549.117,548.515,0.001097,false,false,0.000000,0,0,477,477,925,TP_RECOVERY,,689,1148272143,49338435,84.02
1786441580,stage4,1792,2048,512,512,0,512,7974,0,0,2,106,443,resize_cooldown,28,0,0,4,0,0,32,true,548.682,544.763,0.007142,false,false,0.000000,0,0,477,477,925,TP_RECOVERY,,680,1148281054,49340040,84.74
1786441582,stage4,1792,2048,512,512,0,512,7974,0,0,2,106,443,resize_cooldown,28,0,0,4,0,0,32,true,547.992,541.791,0.011316,false,false,0.000000,0,0,477,477,925,TP_RECOVERY,,648,1148289504,49341592,84.48
1786441583,stage4,1792,2048,512,512,0,512,7974,0,0,2,106,443,resize_cooldown,28,0,0,4,0,0,32,true,547.992,541.791,0.011316,false,false,0.000000,0,0,477,477,925,TP_RECOVERY,,353,1148294020,49342409,84.68
1786441584,stage4,1792,2048,512,512,0,512,7974,0,0,2,106,443,resize_cooldown,28,0,0,4,0,0,32,true,545.447,522.533,0.042009,false,false,0.000000,0,0,477,477,925,TP_RECOVERY,,489,1148300351,49343510,85.19
1786441585,stage4,1792,2048,512,512,0,512,7974,0,0,2,106,443,resize_cooldown,28,0,0,4,0,0,32,true,543.197,522.950,0.037274,false,false,0.000000,0,0,477,477,925,TP_RECOVERY,,762,1148310338,49345317,84.68
1786441586,stage4,1792,2048,512,512,0,512,7974,0,0,2,106,443,resize_cooldown,28,0,0,4,0,0,32,true,541.452,525.751,0.028998,false,false,0.000000,0,0,477,477,925,TP_RECOVERY,,694,1148319280,49346999,84.17
1786441587,stage4,1792,2048,512,512,0,512,7974,0,0,2,106,443,resize_cooldown,28,0,0,4,0,0,32,true,548.699,548.699,0.000000,false,false,0.000000,0,0,477,477,925,TP_RECOVERY,,1177,1148334933,49349800,84.82
1786441588,stage4,1792,2048,512,512,0,512,7974,0,0,2,106,443,resize_cooldown,28,0,0,4,0,0,32,true,571.781,571.781,0.000000,false,false,0.000000,0,0,477,477,925,TP_RECOVERY,,807,1148345584,49351670,85.07
1786441589,stage4,1792,2048,512,512,0,512,7974,0,0,2,106,443,resize_cooldown,28,0,0,4,0,0,32,true,594.340,594.340,0.000000,false,false,0.000000,0,0,477,477,925,TP_RECOVERY,,717,1148355074,49353323,85.17
1786441590,stage4,1792,2048,512,512,0,512,7974,0,0,2,106,443,resize_cooldown,28,0,0,4,0,0,32,true,606.289,606.289,0.000000,false,false,0.000000,0,0,477,477,925,TP_RECOVERY,,816,1148365820,49355170,85.33
1786441591,stage4,1792,2048,512,512,0,512,7974,0,0,2,106,443,resize_cooldown,28,0,0,4,0,0,32,true,606.210,605.500,0.001170,false,false,0.000000,0,0,477,477,925,TP_RECOVERY,,725,1148375301,49356850,84.95
1786441592,stage4,1792,2048,512,512,0,512,7974,0,0,2,106,443,resize_cooldown,28,0,0,4,0,0,32,true,607.718,607.718,0.000000,false,false,0.000000,0,0,477,477,925,TP_RECOVERY,,757,1148385320,49358583,85.25
1786441593,stage4,1792,2048,512,512,0,512,7974,0,0,2,106,443,resize_cooldown,28,0,0,4,0,0,32,true,609.842,609.842,0.000000,false,false,0.000000,0,0,477,477,925,TP_RECOVERY,,786,1148395589,49360443,84.66
1786441594,stage4,1792,2048,512,512,0,512,7974,0,0,2,106,443,resize_cooldown,28,0,0,4,0,0,32,true,616.088,616.088,0.000000,false,false,0.000000,0,0,477,477,925,TP_RECOVERY,,824,1148676647,49367250,97.64
1786441595,stage4,1792,2048,512,512,0,512,7974,0,0,2,106,443,resize_cooldown,28,0,0,4,0,0,32,true,628.729,628.729,0.000000,false,false,0.000000,0,0,477,477,925,TP_RECOVERY,,716,1148685837,49368883,84.91
1786441596,stage4,1792,2048,512,512,0,512,7974,0,0,2,106,443,resize_cooldown,28,0,0,4,0,0,32,true,639.070,639.070,0.000000,false,false,0.000000,0,0,477,477,925,TP_RECOVERY,,1159,1148700690,49371602,84.53
1786441598,stage4,1792,2048,512,512,0,512,7974,0,0,2,106,443,resize_cooldown,28,0,0,4,0,0,32,true,650.362,650.362,0.000000,false,false,0.000000,0,0,477,477,925,TP_RECOVERY,,744,1148710246,49373298,84.93
1786441599,stage4,1792,2048,512,512,0,512,7974,0,0,2,106,443,resize_cooldown,28,0,0,4,0,0,32,true,665.070,665.070,0.000000,false,false,0.000000,0,0,477,477,925,TP_RECOVERY,,788,1148720447,49375027,85.51
1786441600,stage4,1792,2048,512,512,0,512,7974,0,0,2,106,443,resize_cooldown,28,0,0,4,0,0,32,true,688.912,688.912,0.000000,false,false,0.000000,0,0,477,477,925,TP_RECOVERY,,419,1148725834,49375965,85.17
1786441601,stage4,1792,2048,512,512,0,512,7974,0,0,2,106,443,resize_cooldown,28,0,0,4,0,0,32,true,688.436,684.154,0.006220,false,false,0.000000,0,0,477,477,925,TP_RECOVERY,,540,1148732587,49377155,85.02
1786441602,stage4,1792,2048,512,512,0,512,7974,0,0,2,106,443,resize_cooldown,28,0,0,4,0,0,32,true,687.860,682.669,0.007546,false,false,0.000000,0,0,477,477,925,TP_RECOVERY,,598,1148740264,49378475,85.33
1786441603,stage4,1792,2048,512,512,0,512,7974,0,0,2,106,443,resize_cooldown,28,0,0,4,0,0,32,true,686.798,677.245,0.013910,false,false,0.000000,0,0,477,477,925,TP_RECOVERY,,592,1148747760,49379882,84.20
1786441604,stage4,1792,2048,512,512,0,512,7974,0,0,2,106,443,resize_cooldown,28,0,0,4,0,0,32,true,683.192,663.808,0.028373,false,false,0.000000,0,0,477,477,925,TP_RECOVERY,,552,1148754836,49381119,85.12
1786441605,stage4,1792,2048,512,512,0,512,7974,0,0,2,106,443,resize_cooldown,28,0,0,4,0,0,32,true,680.918,660.455,0.030052,false,false,0.000000,0,0,477,477,925,TP_RECOVERY,,561,1148761973,49382392,84.86
1786441606,stage4,1792,2048,512,512,0,512,7974,0,0,2,106,443,resize_cooldown,28,0,0,4,0,0,32,true,678.914,660.878,0.026567,false,false,0.000000,0,0,477,477,925,TP_RECOVERY,,610,1148769762,49383769,84.98
1786441607,stage4,1792,2048,512,512,0,512,7974,0,0,2,106,443,resize_cooldown,28,0,0,4,0,0,32,true,676.727,657.043,0.029087,false,false,0.000000,0,0,477,477,925,TP_RECOVERY,,599,1148777422,49385146,84.76
1786441608,stage4,1792,2048,512,512,0,512,7974,0,0,2,106,443,resize_cooldown,28,0,0,4,0,0,32,true,674.472,654.181,0.030085,false,false,0.000000,0,0,477,477,925,TP_RECOVERY,,346,1148781761,49385876,85.60
1786441609,stage4,1792,2048,512,512,0,512,7974,0,0,2,106,443,resize_cooldown,28,0,0,4,0,0,32,true,671.650,646.249,0.037819,false,false,0.000000,0,0,477,477,925,TP_RECOVERY,,564,1148789060,49387110,85.54
1786441610,stage4,1792,2048,512,512,0,512,7974,0,0,2,106,443,resize_cooldown,28,0,0,4,0,0,32,true,668.473,639.876,0.042779,false,false,0.000000,0,0,477,477,925,TP_RECOVERY,,533,1148795958,49388282,85.48
1786441612,stage4,1792,2048,512,512,0,512,7974,0,0,2,106,443,resize_cooldown,28,0,0,4,0,0,32,true,665.298,636.723,0.042951,false,false,0.000000,0,0,477,477,925,TP_RECOVERY,,577,1148803250,49389659,84.12
1786441613,stage4,1792,2048,512,512,0,512,7974,0,0,2,106,443,resize_cooldown,28,0,0,4,0,0,32,true,661.087,623.186,0.057330,false,false,0.000000,0,0,477,477,925,TP_RECOVERY,,227,1148805979,49390150,84.75
1786441614,stage4,1792,2048,512,512,0,512,7974,0,0,2,106,443,resize_cooldown,28,0,0,4,0,0,32,true,656.662,616.839,0.060645,false,false,0.000000,0,0,477,477,925,TP_RECOVERY,,28,1148806220,49390156,97.57
1786441615,stage4,1792,2048,512,512,0,512,7974,0,0,2,106,443,resize_cooldown,28,0,0,4,0,0,32,true,650.277,592.813,0.088368,false,false,0.000000,0,0,477,477,925,TP_RECOVERY,,17,1148806253,49390156,100.00
1786441616,stage4,1792,2048,512,512,0,512,7974,0,0,2,106,443,resize_cooldown,28,0,0,4,0,0,32,true,650.277,592.813,0.088368,false,false,0.000000,0,0,477,477,925,TP_RECOVERY,,23,1148806448,49390156,100.00
1786441617,stage4,1792,2048,512,512,0,512,7974,0,0,2,106,443,resize_cooldown,28,0,0,4,0,0,32,true,650.277,592.813,0.088368,false,false,0.000000,0,0,477,477,925,TP_RECOVERY,,20,1148806497,49390161,90.74
1786441618,stage4,1792,2048,512,512,0,512,7974,0,0,2,106,443,resize_cooldown,28,0,0,4,0,0,32,true,650.277,592.813,0.088368,false,false,0.000000,0,0,477,477,925,TP_RECOVERY,,16,1148806519,49390161,100.00
1786441619,stage4,1792,2048,512,512,0,512,7974,0,0,2,106,443,resize_cooldown,28,0,0,4,0,0,32,true,650.277,592.813,0.088368,false,false,0.000000,0,0,477,477,925,TP_RECOVERY,,15,1148806702,49390161,100.00
1786441620,stage4,1792,2048,512,512,0,512,7974,0,0,2,106,443,resize_cooldown,28,0,0,4,0,0,32,true,650.277,592.813,0.088368,false,false,0.000000,0,0,477,477,925,TP_RECOVERY,,28,1148806765,49390164,95.45
1786441621,stage5,1792,2048,512,512,0,512,7974,0,0,2,106,443,resize_cooldown,28,0,0,4,0,0,32,true,638.311,530.618,0.168716,false,false,0.000000,0,0,477,477,925,TP_RECOVERY,,162,1148807887,49390217,95.49
1786441623,stage5,1792,2048,512,512,0,512,7974,0,0,2,106,443,resize_cooldown,28,0,0,4,0,0,32,true,625.169,506.895,0.189188,false,false,0.000000,0,0,477,477,925,TP_RECOVERY,,28,1148808174,49390232,95.03
1786441624,stage5,1792,2048,512,512,0,512,7974,0,0,2,106,443,resize_cooldown,28,0,0,4,0,0,32,true,610.434,477.812,0.217258,false,false,0.000000,0,0,477,477,925,TP_RECOVERY,,16,1148808197,49390232,100.00
1786441625,stage5,1792,2048,512,512,0,512,7974,0,0,2,106,443,resize_cooldown,28,0,0,4,0,0,32,true,576.283,415.829,0.278429,false,false,0.000000,0,0,477,477,925,TP_RECOVERY,,16,1148808219,49390232,100.00
1786441626,stage5,1792,2048,512,512,0,512,7974,0,0,2,106,443,resize_cooldown,28,0,0,4,0,0,32,true,576.283,415.829,0.278429,false,false,0.000000,0,0,477,477,925,TP_RECOVERY,,27,1148808417,49390232,100.00
1786441627,stage5,1792,2048,512,512,0,512,7974,0,0,2,106,443,resize_cooldown,28,0,0,4,0,0,32,true,576.283,415.829,0.278429,false,false,0.000000,0,0,477,477,925,TP_RECOVERY,,16,1148808434,49390237,77.27
1786441628,stage5,1792,2048,512,512,0,512,7974,0,0,2,106,443,resize_cooldown,28,0,0,4,0,0,32,true,554.192,355.375,0.358751,true,false,0.000000,0,0,477,477,927,TP_RECOVERY,,16,1148808456,49390237,100.00
1786441629,stage5,1792,2048,512,512,0,512,7974,0,0,2,106,443,resize_cooldown,28,0,0,4,0,0,32,true,531.203,324.298,0.389502,true,false,0.000000,0,0,477,477,929,TP_RECOVERY,,25,1148808643,49390246,95.41
1786441630,stage5,1792,2048,512,512,0,512,7974,0,0,2,106,443,resize_cooldown,28,0,0,4,0,0,32,true,507.024,289.416,0.429186,true,false,0.000000,0,0,477,477,931,TP_RECOVERY,,16,1148808665,49390246,100.00
1786441631,stage5,1792,2048,512,512,0,512,7974,0,0,2,106,443,resize_cooldown,28,0,0,4,0,0,32,true,483.136,268.141,0.444999,true,false,0.000000,0,0,477,477,933,TP_RECOVERY,,23,1148808860,49390246,100.00
1786441632,stage5,1792,2048,512,512,0,512,7974,0,0,2,106,443,resize_cooldown,28,0,0,4,0,0,32,true,459.579,247.563,0.461326,true,false,0.000000,0,0,477,477,935,TP_RECOVERY,,18,1148808883,49390246,100.00
1786441633,stage5,1792,2048,512,512,0,512,7974,0,0,2,106,443,resize_cooldown,28,0,0,4,0,0,32,true,436.108,224.872,0.484366,true,false,0.000000,0,0,477,477,937,TP_RECOVERY,,16,1148808905,49390246,100.00
1786441634,stage5,1792,2048,512,512,0,512,7974,0,0,2,106,443,resize_cooldown,28,0,0,4,0,0,32,true,390.207,187.243,0.520146,true,false,0.000000,0,0,477,477,941,TP_RECOVERY,,27,1148809104,49390248,99.00
1786441636,stage5,1792,2048,512,512,0,512,7974,0,0,2,106,443,resize_cooldown,28,0,0,4,0,0,32,true,367.546,163.596,0.554898,true,false,0.000000,0,0,477,477,943,TP_RECOVERY,,16,1148809121,49390253,77.27
1786441637,stage5,1792,2048,512,512,0,512,7974,0,0,2,106,443,resize_cooldown,28,0,0,4,0,0,32,true,344.923,141.318,0.590292,true,false,0.000000,0,0,477,477,945,TP_RECOVERY,,16,1148809143,49390253,100.00
1786441638,stage5,1792,2048,512,512,0,512,7974,0,0,2,106,443,resize_cooldown,28,0,0,4,0,0,32,true,322.145,117.135,0.636389,true,false,0.000000,0,0,477,477,947,TP_RECOVERY,,27,1148809341,49390253,100.00
1786441639,stage5,1792,2048,512,512,0,512,7974,0,0,2,106,443,resize_cooldown,28,0,0,4,0,0,32,true,299.477,95.472,0.681204,true,false,0.000000,0,0,477,477,949,TP_RECOVERY,,16,1148809363,49390253,100.00
1786441640,stage5,1792,2048,512,512,0,512,7974,0,0,2,106,443,resize_cooldown,28,0,0,4,0,0,32,true,277.128,75.988,0.725801,true,false,0.000000,0,0,477,477,951,TP_RECOVERY,,17,1148809388,49390253,100.00
1786441641,stage5,1792,2048,512,512,0,512,7974,0,0,2,106,443,resize_cooldown,28,0,0,4,0,0,32,true,254.947,55.312,0.783044,true,false,0.000000,0,0,477,477,953,TP_RECOVERY,,24,1148809581,49390253,100.00
1786441642,stage5,1792,2048,512,512,0,512,7974,0,0,2,106,443,resize_cooldown,28,0,0,4,0,0,32,true,232.755,33.025,0.858111,true,false,0.000000,0,0,477,477,955,TP_RECOVERY,,16,1148809598,49390258,77.27
1786441643,stage5,1792,2048,512,512,0,512,7974,0,0,2,106,443,resize_cooldown,28,0,0,4,0,0,32,true,211.813,23.337,0.889821,true,false,0.000000,0,0,477,477,957,TP_RECOVERY,,25,1148809790,49390262,97.96
1786441645,stage5,1792,2048,512,512,0,512,7974,0,0,2,106,443,resize_cooldown,28,0,0,4,0,0,32,true,192.991,22.467,0.000000,false,false,0.000000,0,0,477,477,959,TP_RECOVERY,,16,1148809812,49390262,100.00
1786441646,stage5,1792,2048,512,512,0,512,7974,0,0,2,106,443,resize_cooldown,28,0,0,4,0,0,32,true,192.991,22.280,0.000000,false,false,0.000000,0,0,477,477,959,TP_RECOVERY,,18,1148809836,49390262,100.00
1786441647,stage5,1792,2048,512,512,0,512,7974,0,0,2,106,443,resize_cooldown,28,0,0,4,0,0,32,true,192.991,22.466,0.000000,false,false,0.000000,0,0,477,477,959,TP_RECOVERY,,25,1148810028,49390266,97.96
1786441648,stage5,1792,2048,512,512,0,512,7974,0,0,2,106,443,resize_cooldown,28,0,0,4,0,0,32,true,192.991,22.255,0.000000,false,false,0.000000,0,0,477,477,959,TP_RECOVERY,,16,1148810050,49390266,100.00
1786441649,stage5,1792,2048,512,512,0,512,7974,0,0,2,106,443,resize_cooldown,28,0,0,4,0,0,32,true,192.991,22.059,0.000000,false,false,0.000000,0,0,477,477,959,TP_RECOVERY,,16,1148810072,49390266,100.00
1786441650,stage5,1792,2048,512,512,0,512,7974,0,0,2,106,443,resize_cooldown,28,0,0,4,0,0,32,true,192.991,22.234,0.000000,false,false,0.000000,0,0,477,477,959,TP_RECOVERY,,60,1148920680,49675275,27.96
1786441651,stage5,1792,2048,512,512,0,512,7974,0,0,2,106,443,resize_cooldown,28,0,0,4,0,0,32,true,175.901,22.087,0.874435,true,false,0.000000,0,0,477,477,961,TP_RECOVERY,,16,1148920702,49675275,100.00
1786441652,stage5,1792,2048,512,512,0,512,7974,0,0,2,106,443,resize_cooldown,28,0,0,4,0,0,32,true,160.433,21.221,0.867725,true,false,0.000000,0,0,477,477,963,TP_RECOVERY,,23,1148920897,49675275,100.00
1786441653,stage5,1792,2048,512,512,0,512,7974,0,0,2,106,443,resize_cooldown,28,0,0,4,0,0,32,true,146.319,19.294,0.868134,true,false,0.000000,0,0,477,477,965,TP_RECOVERY,,27,1149081469,49909814,40.64
1786441655,stage5,1792,2048,512,512,0,512,7974,0,0,2,106,443,resize_cooldown,28,0,0,4,0,0,32,true,137.854,61.672,0.552630,true,false,0.000000,0,0,477,477,967,TP_RECOVERY,,2325,1149105604,49914082,84.97
1786441656,stage5,1792,2048,512,512,0,512,7974,0,0,2,106,443,resize_cooldown,28,0,0,4,0,0,32,true,141.953,247.083,0.000000,false,false,0.000000,0,0,477,477,967,TP_RECOVERY,,3096,1149137888,49919233,86.24
1786441657,stage5,1792,2048,512,512,0,512,7974,0,0,2,106,443,resize_cooldown,28,0,0,4,0,0,32,true,339.502,339.502,0.000000,false,false,0.000000,0,0,477,477,967,TP_RECOVERY,,4466,1149184586,49926696,86.22
1786441658,stage5,1792,2048,512,512,0,512,7974,0,0,2,106,443,resize_cooldown,28,0,0,4,0,0,32,true,421.825,421.825,0.000000,false,false,0.000000,0,0,477,477,967,TP_RECOVERY,,2532,1149211052,49930951,86.15
1786441659,stage5,1792,2048,512,512,0,512,7974,0,0,2,106,443,resize_cooldown,28,0,0,4,0,0,32,true,463.724,463.724,0.000000,false,false,0.000000,0,0,477,477,967,TP_RECOVERY,,480,1149216061,49931697,87.04
1786441660,stage5,1792,2048,512,512,0,512,7974,0,0,2,106,443,resize_cooldown,28,0,0,4,0,0,32,true,559.702,559.702,0.000000,false,false,0.000000,0,0,477,477,967,TP_RECOVERY,,3846,1149256947,49938049,86.55
1786441661,stage5,1792,2048,512,512,0,512,7974,0,0,2,106,443,resize_cooldown,28,0,0,4,0,0,32,true,655.296,655.296,0.000000,false,false,0.000000,0,0,477,477,967,TP_RECOVERY,,2877,1149287107,49942899,86.15
1786441662,stage5,1792,2048,512,512,0,512,7974,0,0,2,106,443,resize_cooldown,28,0,0,4,0,0,32,true,738.691,738.691,0.000000,false,false,0.000000,0,0,477,477,967,TP_RECOVERY,,2511,1149313805,49947005,86.67
1786441663,stage5,1792,2048,512,512,0,512,7974,0,0,2,106,443,resize_cooldown,28,0,0,4,0,0,32,true,837.856,837.856,0.000000,false,false,0.000000,0,0,477,477,967,TP_RECOVERY,,2999,1149345582,49951856,86.76
1786441664,stage5,1792,2048,512,512,0,512,7974,0,0,2,106,443,resize_cooldown,28,0,0,4,0,0,32,true,908.172,908.172,0.000000,false,false,0.000000,0,0,477,477,967,TP_RECOVERY,,2138,1149368210,49955346,86.64
1786441665,stage5,1792,2048,512,512,0,512,7974,0,0,2,106,443,resize_cooldown,28,0,0,4,0,0,32,true,986.238,986.238,0.000000,false,false,0.000000,0,0,477,477,967,TP_RECOVERY,,3089,1149401307,49960546,86.42
1786441666,stage5,1792,2048,512,512,0,512,7974,0,0,2,106,443,resize_cooldown,28,0,0,4,0,0,32,true,1055.497,1055.497,0.000000,false,false,0.000000,0,0,477,477,967,TP_RECOVERY,,2969,1149432539,49965289,86.82
1786441667,stage5,1792,2048,512,512,0,512,7974,0,0,2,106,443,resize_cooldown,28,0,0,4,0,0,32,true,1156.438,1156.438,0.000000,false,false,0.000000,0,0,477,477,967,TP_RECOVERY,,2908,1149463684,49970020,86.81
1786441668,stage5,1792,2048,512,512,0,512,7974,0,0,2,106,443,resize_cooldown,28,0,0,4,0,0,32,true,1250.761,1250.761,0.000000,false,false,0.000000,0,0,477,477,967,TP_RECOVERY,,3001,1149495680,49974864,86.85
1786441670,stage5,1792,2048,512,512,0,512,7974,0,0,2,106,443,resize_cooldown,28,0,0,4,0,0,32,true,1350.649,1350.649,0.000000,false,false,0.000000,0,0,477,477,967,TP_RECOVERY,,2972,1149527747,49979479,87.42
1786441671,stage5,1792,2048,512,512,0,512,7974,0,0,2,106,443,resize_cooldown,28,0,0,4,0,0,32,true,1424.063,1424.063,0.000000,false,false,0.000000,0,0,477,477,967,TP_RECOVERY,,2230,1149551826,49983017,87.19
1786441672,stage5,1792,2048,512,512,0,512,7974,0,0,2,106,443,resize_cooldown,28,0,0,4,0,0,32,true,1524.593,1524.593,0.000000,false,false,0.000000,0,0,477,477,967,TP_RECOVERY,,2533,1149579271,49987071,87.13
1786441673,stage5,1792,2048,512,512,0,512,7974,0,0,2,106,443,resize_cooldown,28,0,0,4,0,0,32,true,1597.595,1597.595,0.000000,false,false,0.000000,0,0,477,477,967,TP_RECOVERY,,2946,1149611182,49991698,87.34
1786441674,stage5,1792,2048,512,512,0,512,7974,0,0,2,106,443,resize_cooldown,28,0,0,4,0,0,32,true,1695.510,1695.510,0.000000,false,false,0.000000,0,0,477,477,967,TP_RECOVERY,,2985,1149643921,49996278,87.73
1786441675,stage5,1792,2048,512,512,0,512,7974,0,0,2,106,443,resize_cooldown,28,0,0,4,0,0,32,true,1866.499,1866.499,0.000000,false,false,0.000000,0,0,477,477,967,TP_RECOVERY,,3651,1149683968,50001817,87.85
1786441676,stage5,1792,2048,512,512,0,512,7974,0,0,2,106,443,resize_cooldown,28,0,0,4,0,0,32,true,1965.663,1965.663,0.000000,false,false,0.000000,0,0,477,477,967,TP_RECOVERY,,3026,1149717215,50006527,87.59
1786441677,stage5,1792,2048,512,512,0,512,7974,0,0,2,106,443,resize_cooldown,28,0,0,4,0,0,32,true,2067.011,2067.011,0.000000,false,false,0.000000,0,0,477,477,967,TP_RECOVERY,,3072,1149750784,50011128,87.95
1786441678,stage5,1792,2048,512,512,0,512,7974,0,0,2,106,443,resize_cooldown,28,0,0,4,0,0,32,true,2147.365,2147.365,0.000000,false,false,0.000000,0,0,477,477,967,TP_RECOVERY,,2433,1149777373,50014775,87.94
1786441679,stage5,1792,2048,512,512,0,512,7974,0,0,2,106,443,resize_cooldown,28,0,0,4,0,0,32,true,2247.409,2247.409,0.000000,false,false,0.000000,0,0,477,477,967,TP_RECOVERY,,3044,1149810719,50019421,87.77
1786441680,stage5,1792,2048,512,512,0,512,7974,0,0,2,106,443,resize_cooldown,28,0,0,4,0,0,32,true,2346.844,2346.844,0.000000,false,false,0.000000,0,0,477,477,967,TP_RECOVERY,,3014,1149844146,50023927,88.12
1786441681,stage5,1792,2048,512,512,0,512,7974,0,0,2,106,443,resize_cooldown,28,0,0,4,0,0,32,true,2445.156,2445.156,0.000000,false,false,0.000000,0,0,477,477,967,TP_RECOVERY,,2983,1149877269,50028295,88.35
1786441682,stage5,1792,2048,512,512,0,512,7974,0,0,2,106,443,resize_cooldown,28,0,0,4,0,0,32,true,2518.873,2518.873,0.000000,false,false,0.000000,0,0,477,477,967,TP_RECOVERY,,2263,1149902578,50031642,88.32
1786441684,stage5,1792,2048,512,512,0,512,7974,0,0,2,106,443,resize_cooldown,28,0,0,4,0,0,32,true,2589.067,2589.067,0.000000,false,false,0.000000,0,0,477,477,967,TP_RECOVERY,,2126,1149926168,50034770,88.29
1786441685,stage5,1792,2048,512,512,0,512,7974,0,0,2,106,443,resize_cooldown,28,0,0,4,0,0,32,true,2584.232,2572.081,0.004702,false,false,0.000000,0,0,477,477,967,TP_RECOVERY,,1631,1149944549,50037170,88.45
1786441686,stage5,1792,2048,512,512,0,512,7974,0,0,2,106,443,resize_cooldown,28,0,0,4,0,0,32,true,2579.664,2538.545,0.015940,false,false,0.000000,0,0,477,477,967,TP_RECOVERY,,4078,1149990418,50043210,88.36
1786441687,stage5,1792,2048,512,512,0,512,7974,0,0,2,106,443,resize_cooldown,28,0,0,4,0,0,32,true,2575.525,2538.273,0.014464,false,false,0.000000,0,0,477,477,967,TP_RECOVERY,,2979,1150023845,50047610,88.37
1786441688,stage5,1792,2048,512,512,0,512,7974,0,0,2,106,443,resize_cooldown,28,0,0,4,0,0,32,true,2573.547,2555.744,0.006917,false,false,0.000000,0,0,477,477,967,TP_RECOVERY,,3041,1150058076,50051924,88.81
1786441689,stage5,1792,2048,512,512,0,512,7974,0,0,2,106,443,resize_cooldown,28,0,0,4,0,0,32,true,2613.975,2613.975,0.000000,false,false,0.000000,0,0,477,477,967,TP_RECOVERY,,3022,1150092310,50056292,88.68
1786441690,stage5,1792,2048,512,512,0,512,7974,0,0,2,106,443,resize_cooldown,28,0,0,4,0,0,32,true,2610.639,2580.621,0.011498,false,false,0.000000,0,0,477,477,967,TP_RECOVERY,,1965,1150114456,50059162,88.53
1786441691,stage5,1792,2048,512,512,0,512,7974,0,0,2,106,443,resize_cooldown,28,0,0,4,0,0,32,true,2607.951,2583.753,0.009278,false,false,0.000000,0,0,477,477,967,TP_RECOVERY,,2919,1150147908,50063313,88.96
1786441693,stage5,1792,2048,512,512,0,512,7974,0,0,2,106,443,resize_cooldown,28,0,0,4,0,0,32,true,2607.159,2600.034,0.002733,false,false,0.000000,0,0,477,477,967,TP_RECOVERY,,2916,1150181058,50067474,88.85
1786441694,stage5,1792,2048,512,512,0,512,7974,0,0,2,106,443,resize_cooldown,28,0,0,4,0,0,32,true,2605.138,2586.949,0.006982,false,false,0.000000,0,0,477,477,967,TP_RECOVERY,,3613,1150222630,50072486,89.24
1786441695,stage5,1792,2048,512,512,0,512,7974,0,0,2,106,443,resize_cooldown,28,0,0,4,0,0,32,true,2604.120,2594.958,0.003518,false,false,0.000000,0,0,477,477,967,TP_RECOVERY,,3029,1150257371,50076748,89.07
1786441696,stage5,1792,2048,512,512,0,512,7974,0,0,2,106,443,resize_cooldown,28,0,0,4,0,0,32,true,2616.186,2616.186,0.000000,false,false,0.000000,0,0,477,477,967,TP_RECOVERY,,2880,1150290489,50080765,89.18
1786441697,stage5,1792,2048,512,512,0,512,7974,0,0,2,106,443,resize_cooldown,28,0,0,4,0,0,32,true,2641.340,2641.340,0.000000,false,false,0.000000,0,0,477,477,967,TP_RECOVERY,,3027,1150325371,50084946,89.30
1786441698,stage5,1792,2048,512,512,0,512,7974,0,0,2,106,443,resize_cooldown,28,0,0,4,0,0,32,true,2638.305,2609.604,0.010878,false,false,0.000000,0,0,477,477,967,TP_RECOVERY,,1971,1150348077,50087680,89.25
1786441699,stage5,1792,2048,512,512,0,512,7974,0,0,2,106,443,resize_cooldown,28,0,0,4,0,0,32,true,2634.332,2598.580,0.013572,false,false,0.000000,0,0,477,477,967,TP_RECOVERY,,2781,1150380368,50091531,89.34
1786441700,stage5,1792,2048,512,512,0,512,7974,0,0,2,106,443,resize_cooldown,28,0,0,4,0,0,32,true,2633.076,2621.773,0.004293,false,false,0.000000,0,0,477,477,967,TP_RECOVERY,,2910,1150414112,50095491,89.50
1786441701,stage5,1792,2048,512,512,0,512,7974,0,0,2,106,443,resize_cooldown,28,0,0,4,0,0,32,true,2629.811,2600.423,0.011175,false,false,0.000000,0,0,477,477,967,TP_RECOVERY,,2953,1150448553,50099519,89.53
1786441702,stage5,1792,2048,512,512,0,512,7974,0,0,2,106,443,resize_cooldown,28,0,0,4,0,0,32,true,2629.763,2629.332,0.000164,false,false,0.000000,0,0,477,477,967,TP_RECOVERY,,2423,1150476707,50102936,89.18
1786441703,stage5,1792,2048,512,512,0,512,7974,0,0,2,106,443,resize_cooldown,28,0,0,4,0,0,32,true,2623.178,2563.914,0.022592,false,false,0.000000,0,0,477,477,967,TP_RECOVERY,,1839,1150497985,50105522,89.16
1786441704,stage5,1792,2048,512,512,0,512,7974,0,0,2,106,443,resize_cooldown,28,0,0,4,0,0,32,true,2617.112,2562.516,0.020861,false,false,0.000000,0,0,477,477,967,TP_RECOVERY,,2163,1150523081,50108464,89.51
1786441706,stage5,1792,2048,512,512,0,512,7974,0,0,2,106,443,resize_cooldown,28,0,0,4,0,0,32,true,2604.764,2493.632,0.042665,false,false,0.000000,0,0,477,477,967,TP_RECOVERY,,1255,1150537982,50110177,89.69
1786441707,stage5,1792,2048,512,512,0,512,7974,0,0,2,106,443,resize_cooldown,28,0,0,4,0,0,32,true,2588.290,2440.022,0.057284,false,false,0.000000,0,0,477,477,967,TP_RECOVERY,,1365,1150553876,50112091,89.25
1786441708,stage5,1792,2048,512,512,0,512,7974,0,0,2,106,443,resize_cooldown,28,0,0,4,0,0,32,true,2564.708,2352.467,0.082754,false,false,0.000000,0,0,477,477,967,TP_RECOVERY,,3077,1150589790,50116414,89.26
1786441709,stage5,1792,2048,512,512,0,512,7974,0,0,2,106,443,resize_cooldown,28,0,0,4,0,0,32,true,2526.787,2357.031,0.067182,false,false,0.000000,0,0,477,477,967,TP_RECOVERY,,2798,1150622889,50120321,89.44
1786441710,stage5,1792,2048,512,512,0,512,7974,0,0,2,106,443,resize_cooldown,28,0,0,4,0,0,32,true,2509.959,2358.509,0.060340,false,false,0.000000,0,0,477,477,967,TP_RECOVERY,,2801,1150656127,50124254,89.42
1786441711,stage5,1792,2048,512,512,0,512,7974,0,0,2,106,443,resize_cooldown,28,0,0,4,0,0,32,true,2495.112,2361.488,0.053554,false,false,0.000000,0,0,477,477,967,TP_RECOVERY,,3031,1150691641,50128376,89.60
1786441712,stage5,1792,2048,512,512,0,512,7974,0,0,2,106,443,resize_cooldown,28,0,0,4,0,0,32,true,2484.507,2389.065,0.038415,false,false,0.000000,0,0,477,477,967,TP_RECOVERY,,3110,1150728229,50132724,89.38
1786441713,stage5,1792,2048,512,512,0,512,7974,0,0,2,106,443,resize_cooldown,28,0,0,4,0,0,32,true,2475.037,2389.806,0.034436,false,false,0.000000,0,0,477,477,967,TP_RECOVERY,,2549,1150758561,50136205,89.71
1786441714,stage5,1792,2048,512,512,0,512,7974,0,0,2,106,443,resize_cooldown,28,0,0,4,0,0,32,true,2471.458,2439.249,0.013033,false,false,0.000000,0,0,477,477,967,TP_RECOVERY,,1465,1150775936,50138221,89.60
1786441715,stage5,1792,2048,512,512,0,512,7974,0,0,2,106,443,resize_cooldown,28,0,0,4,0,0,32,true,2462.865,2385.528,0.031401,false,false,0.000000,0,0,477,477,967,TP_RECOVERY,,1721,1150796311,50140667,89.28
1786441717,stage5,1792,2048,512,512,0,512,7974,0,0,2,106,443,resize_cooldown,28,0,0,4,0,0,32,true,2448.889,2323.105,0.051364,false,false,0.000000,0,0,477,477,967,TP_RECOVERY,,608,1150803337,50141478,89.65
1786441718,stage5,1792,2048,512,512,0,512,7974,0,0,2,106,443,resize_cooldown,28,0,0,4,0,0,32,true,2429.648,2256.474,0.071275,false,false,0.000000,0,0,477,477,967,TP_RECOVERY,,1297,1150818827,50143288,89.54
1786441719,stage5,1792,2048,512,512,0,512,7974,0,0,2,106,443,resize_cooldown,28,0,0,4,0,0,32,true,2406.108,2194.246,0.088052,false,false,0.000000,0,0,477,477,967,TP_RECOVERY,,569,1150825420,50144090,89.15
1786441720,stage5,1792,2048,512,512,0,512,7974,0,0,2,106,443,resize_cooldown,28,0,0,4,0,0,32,true,2378.026,2125.293,0.106279,false,false,0.000000,0,0,477,477,967,TP_RECOVERY,,2946,1150860374,50148210,89.46
1786441721,stage5,1792,2048,512,512,0,512,7974,0,0,2,106,443,resize_cooldown,28,0,0,4,0,0,32,true,2356.474,2162.502,0.082315,false,false,0.000000,0,0,477,477,967,TP_RECOVERY,,3067,1150897296,50152467,89.66
1786441722,stage5,1792,2048,512,512,0,512,7974,0,0,2,106,443,resize_cooldown,28,0,0,4,0,0,32,true,2335.717,2148.909,0.079979,false,false,0.000000,0,0,477,477,967,TP_RECOVERY,,2533,1150927551,50156014,89.51
1786441723,stage5,1792,2048,512,512,0,512,7974,0,0,2,106,443,resize_cooldown,28,0,0,4,0,0,32,true,2299.267,2138.454,0.069941,false,false,0.000000,0,0,477,477,967,TP_RECOVERY,,2993,1150963157,50160283,89.29
1786441724,stage5,1792,2048,512,512,0,512,7974,0,0,2,106,443,resize_cooldown,28,0,0,4,0,0,32,true,2285.268,2159.282,0.055130,false,false,0.000000,0,0,477,477,967,TP_RECOVERY,,2897,1150997883,50164317,89.59
1786441726,stage5,1792,2048,512,512,0,512,7974,0,0,2,106,443,resize_cooldown,28,0,0,4,0,0,32,true,2285.268,2159.282,0.055130,false,false,0.000000,0,0,477,477,967,TP_RECOVERY,,2877,1151032759,50168500,89.29
1786441727,stage5,1792,2048,512,512,0,512,7974,0,0,2,106,443,resize_cooldown,28,0,0,4,0,0,32,true,2270.090,2133.487,0.060175,false,false,0.000000,0,0,477,477,967,TP_RECOVERY,,2090,1151057542,50171536,89.09
1786441728,stage5,1792,2048,512,512,0,512,7974,0,0,2,106,443,resize_cooldown,28,0,0,4,0,0,32,true,2244.140,2131.763,0.050076,false,false,0.000000,0,0,477,477,967,TP_RECOVERY,,2952,1151092828,50175750,89.33
1786441729,stage5,1792,2048,512,512,0,512,7974,0,0,2,106,443,resize_cooldown,28,0,0,4,0,0,32,true,2236.326,2166.004,0.031445,false,false,0.000000,0,0,477,477,967,TP_RECOVERY,,4385,1151146289,50182094,89.39
1786441730,stage5,1792,2048,512,512,0,512,7974,0,0,2,106,443,resize_cooldown,28,0,0,4,0,0,32,true,2224.058,2113.640,0.049647,false,false,0.000000,0,0,477,477,967,TP_RECOVERY,,1140,1151160058,50183720,89.44
1786441731,stage5,1792,2048,512,512,0,512,7974,0,0,2,106,443,resize_cooldown,28,0,0,4,0,0,32,true,2209.829,2081.771,0.057949,false,false,0.000000,0,0,477,477,967,TP_RECOVERY,,2066,1151184891,50186793,88.99
1786441732,stage5,1792,2048,512,512,0,512,7974,0,0,2,106,443,resize_cooldown,28,0,0,4,0,0,32,true,2193.970,2051.242,0.065055,false,false,0.000000,0,0,477,477,967,TP_RECOVERY,,953,1151196301,50188111,89.64
1786441733,stage5,1792,2048,512,512,0,512,7974,0,0,2,106,443,resize_cooldown,28,0,0,4,0,0,32,true,2171.925,1973.521,0.091350,false,false,0.000000,0,0,477,477,967,TP_RECOVERY,,793,1151205754,50189266,89.11
1786441734,stage5,1792,2048,512,512,0,512,7974,0,0,2,106,443,resize_cooldown,28,0,0,4,0,0,32,true,2151.588,1968.548,0.085072,false,false,0.000000,0,0,477,477,967,TP_RECOVERY,,2632,1151237676,50193013,89.50
1786441735,stage5,1792,2048,512,512,0,512,7974,0,0,2,106,443,resize_cooldown,28,0,0,4,0,0,32,true,2135.753,1993.245,0.066725,false,false,0.000000,0,0,477,477,967,TP_RECOVERY,,2887,1151272695,50197245,89.22
1786441736,stage5,1792,2048,512,512,0,512,7974,0,0,2,106,443,resize_cooldown,28,0,0,4,0,0,32,true,2128.317,2061.389,0.031446,false,false,0.000000,0,0,477,477,967,TP_RECOVERY,,2954,1151308858,50201509,89.45
1786441738,stage5,1792,2048,512,512,0,512,7974,0,0,2,106,443,resize_cooldown,28,0,0,4,0,0,32,true,2126.590,2111.044,0.007310,false,false,0.000000,0,0,477,477,967,TP_RECOVERY,,2140,1151334655,50204676,89.07
1786441739,stage5,1792,2048,512,512,0,512,7974,0,0,2,106,443,resize_cooldown,28,0,0,4,0,0,32,true,2167.981,2167.981,0.000000,false,false,0.000000,0,0,477,477,967,TP_RECOVERY,,2866,1151369477,50209000,88.95
1786441740,stage5,1792,2048,512,512,0,512,7974,0,0,2,106,443,resize_cooldown,28,0,0,4,0,0,32,true,2160.176,2114.044,0.021356,false,false,0.000000,0,0,477,477,967,TP_RECOVERY,,885,1151380644,50210338,89.30
1786441741,stage5,1792,2048,512,512,0,512,7974,0,0,2,106,443,resize_cooldown,28,0,0,4,0,0,32,true,2150.925,2067.669,0.038707,false,false,0.000000,0,0,477,477,967,TP_RECOVERY,,3059,1151687112,50219248,97.17
1786441742,stage5,1792,2048,512,512,0,512,7974,0,0,2,106,443,resize_cooldown,28,0,0,4,0,0,32,true,2135.432,1995.995,0.065297,false,false,0.000000,0,0,477,477,967,TP_RECOVERY,,984,1151697648,50220563,88.90
1786441743,stage5,1792,2048,512,512,0,512,7974,0,0,2,106,443,resize_cooldown,28,0,0,4,0,0,32,true,2112.290,1904.006,0.098605,false,false,0.000000,0,0,477,477,967,TP_RECOVERY,,165,1151699273,50220751,89.63
1786441744,stage5,1792,2048,512,512,0,512,7974,0,0,2,106,443,resize_cooldown,28,0,0,4,0,0,32,true,2090.334,1892.737,0.094529,false,false,0.000000,0,0,477,477,967,TP_RECOVERY,,3040,1151732099,50224803,89.01
1786441745,stage5,1792,2048,512,512,0,512,7974,0,0,2,106,443,resize_cooldown,28,0,0,4,0,0,32,true,2073.363,1920.621,0.073669,false,false,0.000000,0,0,477,477,967,TP_RECOVERY,,2493,1151758945,50228136,88.96
1786441746,stage5,1792,2048,512,512,0,512,7974,0,0,2,106,443,resize_cooldown,28,0,0,4,0,0,32,true,2061.710,1956.834,0.050869,false,false,0.000000,0,0,477,477,967,TP_RECOVERY,,2335,1151784152,50231219,89.10
1786441747,stage5,1792,2048,512,512,0,512,7974,0,0,2,106,443,resize_cooldown,28,0,0,4,0,0,32,true,2059.956,2044.166,0.007665,false,false,0.000000,0,0,477,477,967,TP_RECOVERY,,2784,1151814119,50234971,88.87
1786441748,stage5,1792,2048,512,512,0,512,7974,0,0,2,106,443,resize_cooldown,28,0,0,4,0,0,32,true,2101.372,2101.372,0.000000,false,false,0.000000,0,0,477,477,967,TP_RECOVERY,,2414,1151840150,50238140,89.15
1786441750,stage5,1792,2048,512,512,0,512,7974,0,0,2,106,443,resize_cooldown,28,0,0,4,0,0,32,true,2111.206,2111.206,0.000000,false,false,0.000000,0,0,477,477,967,TP_RECOVERY,,1490,1151856250,50240033,89.48
1786441751,stage5,1792,2048,512,512,0,512,7974,0,0,2,106,443,resize_cooldown,28,0,0,4,0,0,32,true,2126.004,2126.004,0.000000,false,false,0.000000,0,0,477,477,967,TP_RECOVERY,,1667,1151874148,50242321,88.67
1786441752,stage5,1792,2048,512,512,0,512,7974,0,0,2,106,443,resize_cooldown,28,0,0,4,0,0,32,true,2120.816,2074.121,0.022017,false,false,0.000000,0,0,477,477,967,TP_RECOVERY,,2197,1151897854,50245216,89.12
1786441753,stage5,1792,2048,512,512,0,512,7974,0,0,2,106,443,resize_cooldown,28,0,0,4,0,0,32,true,2112.698,2039.635,0.034583,false,false,0.000000,0,0,477,477,967,TP_RECOVERY,,688,1151905267,50246084,89.52
1786441754,stage5,1792,2048,512,512,0,512,7974,0,0,2,106,443,resize_cooldown,28,0,0,4,0,0,32,true,2100.558,1991.303,0.052012,false,false,0.000000,0,0,477,477,967,TP_RECOVERY,,2799,1151935394,50249751,89.15
1786441755,stage5,1792,2048,512,512,0,512,7974,0,0,2,106,443,resize_cooldown,28,0,0,4,0,0,32,true,2083.372,2011.414,0.034539,false,false,0.000000,0,0,477,477,967,TP_RECOVERY,,3183,1151969640,50254030,88.89
1786441756,stage5,1792,2048,512,512,0,512,7974,0,0,2,106,443,resize_cooldown,28,0,0,4,0,0,32,true,2078.443,2034.086,0.021342,false,false,0.000000,0,0,477,477,967,TP_RECOVERY,,2978,1152001805,50257980,89.06
1786441757,stage5,1792,2048,512,512,0,512,7974,0,0,2,106,443,resize_cooldown,28,0,0,4,0,0,32,true,2073.677,2030.782,0.020685,false,false,0.000000,0,0,477,477,967,TP_RECOVERY,,2753,1152031549,50261595,89.16
1786441758,stage5,1792,2048,512,512,0,512,7974,0,0,2,106,443,resize_cooldown,28,0,0,4,0,0,32,true,2066.022,1997.129,0.033346,false,false,0.000000,0,0,477,477,967,TP_RECOVERY,,3391,1152067937,50266157,88.86
1786441759,stage5,1792,2048,512,512,0,512,7974,0,0,2,106,443,resize_cooldown,28,0,0,4,0,0,32,true,2058.981,1995.611,0.030777,false,false,0.000000,0,0,477,477,967,TP_RECOVERY,,2865,1152098834,50269993,88.96
1786441760,stage5,1792,2048,512,512,0,512,7974,0,0,2,106,443,resize_cooldown,28,0,0,4,0,0,32,true,2057.154,2040.705,0.007996,false,false,0.000000,0,0,477,477,967,TP_RECOVERY,,2177,1152122198,50272928,88.84
1786441761,stage5,1792,2048,512,512,0,512,7974,0,0,2,106,443,resize_cooldown,28,0,0,4,0,0,32,true,2053.556,2021.180,0.015766,false,false,0.000000,0,0,477,477,967,TP_RECOVERY,,1077,1152133833,50274323,89.29
1786441762,stage5,1792,2048,512,512,0,512,7974,0,0,2,106,443,resize_cooldown,28,0,0,4,0,0,32,true,2051.317,2031.165,0.009824,false,false,0.000000,0,0,477,477,967,TP_RECOVERY,,1792,1152153160,50276686,89.11
1786441763,stage5,1792,2048,512,512,0,512,7974,0,0,2,106,443,resize_cooldown,28,0,0,4,0,0,32,true,2059.688,2059.688,0.000000,false,false,0.000000,0,0,477,477,967,TP_RECOVERY,,1795,1152172472,50279060,89.05
1786441764,stage5,1792,2048,512,512,0,512,7974,0,0,2,106,443,resize_cooldown,28,0,0,4,0,0,32,true,2058.245,2045.254,0.006311,false,false,0.000000,0,0,477,477,967,TP_RECOVERY,,307,1152175706,50279460,88.99
1786441766,stage5,1792,2048,512,512,0,512,7974,0,0,2,106,443,resize_cooldown,28,0,0,4,0,0,32,true,2050.047,1976.266,0.035990,false,false,0.000000,0,0,477,477,967,TP_RECOVERY,,2389,1152201430,50282561,89.24
1786441767,stage5,1792,2048,512,512,0,512,7974,0,0,2,106,443,resize_cooldown,28,0,0,4,0,0,32,true,2040.533,1954.906,0.041963,false,false,0.000000,0,0,477,477,967,TP_RECOVERY,,2487,1152228168,50285830,89.11
1786441768,stage5,1792,2048,512,512,0,512,7974,0,0,2,106,443,resize_cooldown,28,0,0,4,0,0,32,true,2031.587,1951.076,0.039629,false,false,0.000000,0,0,477,477,967,TP_RECOVERY,,2873,1152259310,50289566,89.29
1786441769,stage5,1792,2048,512,512,0,512,7974,0,0,2,106,443,resize_cooldown,28,0,0,4,0,0,32,true,2025.815,1973.869,0.025642,false,false,0.000000,0,0,477,477,967,TP_RECOVERY,,2809,1152289570,50293279,89.07
1786441770,stage5,1792,2048,512,512,0,512,7974,0,0,2,106,443,resize_cooldown,28,0,0,4,0,0,32,true,2022.328,1990.942,0.015520,false,false,0.000000,0,0,477,477,967,TP_RECOVERY,,2758,1152319392,50296913,89.14
1786441771,stage5,1792,2048,512,512,0,512,7974,0,0,2,106,443,resize_cooldown,28,0,0,4,0,0,32,true,2022.328,1990.942,0.015520,false,false,0.000000,0,0,477,477,967,TP_RECOVERY,,65,1152320020,50296967,92.08
1786441772,stage5,1792,2048,512,512,0,512,7974,0,0,2,106,443,resize_cooldown,28,0,0,4,0,0,32,true,2022.328,1990.942,0.015520,false,false,0.000000,0,0,477,477,967,TP_RECOVERY,,24,1152320131,50296976,92.50
1786441773,stage5,1792,2048,512,512,0,512,7974,0,0,2,106,443,resize_cooldown,28,0,0,4,0,0,32,true,2020.648,2005.527,0.007483,false,false,0.000000,0,0,477,477,967,TP_RECOVERY,,1063,1152331474,50298368,89.07
1786441774,stage5,1792,2048,512,512,0,512,7974,0,0,2,106,443,resize_cooldown,28,0,0,4,0,0,32,true,2080.055,2080.055,0.000000,false,false,0.000000,0,0,477,477,967,TP_RECOVERY,,1828,1152350844,50300672,89.37
1786441775,stage5,1792,2048,512,512,0,512,7974,0,0,2,106,443,resize_cooldown,28,0,0,4,0,0,32,true,2073.644,2015.950,0.027823,false,false,0.000000,0,0,477,477,967,TP_RECOVERY,,14,1152350864,50300672,100.00
1786441776,cooldown,1792,2048,512,512,0,512,7974,0,0,2,106,443,resize_cooldown,28,0,0,4,0,0,32,true,2058.894,1926.144,0.064477,false,false,0.000000,0,0,477,477,967,TP_RECOVERY,,16,1152350885,50300672,100.00
1786441777,cooldown,1792,2048,512,512,0,512,7974,0,0,2,106,443,resize_cooldown,28,0,0,4,0,0,32,true,2037.271,1842.661,0.095525,false,false,0.000000,0,0,477,477,967,TP_RECOVERY,,21,1152351078,50300672,100.00
1786441778,cooldown,1792,2048,512,512,0,512,7974,0,0,2,106,443,resize_cooldown,28,0,0,4,0,0,32,true,2007.914,1743.699,0.131587,false,false,0.000000,0,0,477,477,967,TP_RECOVERY,,14,1152351098,50300672,100.00
1786441779,cooldown,1792,2048,512,512,0,512,7974,0,0,2,106,443,resize_cooldown,28,0,0,4,0,0,32,true,1971.800,1646.778,0.164835,false,false,0.000000,0,0,477,477,967,TP_RECOVERY,,16,1152351119,50300672,100.00
1786441780,cooldown,1792,2048,512,512,0,512,7974,0,0,2,106,443,resize_cooldown,28,0,0,4,0,0,32,true,1895.356,1545.930,0.184359,false,false,0.000000,0,0,477,477,967,TP_RECOVERY,,21,1152351312,50300672,100.00
1786441782,cooldown,1792,2048,512,512,0,512,7974,0,0,2,106,443,resize_cooldown,28,0,0,4,0,0,32,true,1855.273,1494.520,0.194448,false,false,0.000000,0,0,477,477,967,TP_RECOVERY,,14,1152351332,50300672,100.00
1786441783,cooldown,1792,2048,512,512,0,512,7974,0,0,2,106,443,resize_cooldown,28,0,0,4,0,0,32,true,1813.775,1440.290,0.205916,false,false,0.000000,0,0,477,477,967,TP_RECOVERY,,23,1152351526,50300672,100.00
1786441784,cooldown,1792,2048,512,512,0,512,7974,0,0,2,106,443,resize_cooldown,28,0,0,4,0,0,32,true,1770.802,1384.049,0.218406,false,false,0.000000,0,0,477,477,967,TP_RECOVERY,,14,1152351546,50300672,100.00
1786441785,cooldown,1792,2048,512,512,0,512,7974,0,0,2,106,443,resize_cooldown,28,0,0,4,0,0,32,true,1722.264,1285.422,0.253644,false,false,0.000000,0,0,477,477,967,TP_RECOVERY,,14,1152351566,50300672,100.00
1786441786,cooldown,1792,2048,512,512,0,512,7974,0,0,2,106,443,resize_cooldown,28,0,0,4,0,0,32,true,1667.667,1176.289,0.294649,false,false,0.000000,0,0,477,477,967,TP_RECOVERY,,23,1152351760,50300672,100.00
1786441787,cooldown,1792,2048,512,512,0,512,7974,0,0,2,106,443,resize_cooldown,28,0,0,4,0,0,32,true,1608.250,1073.500,0.332504,true,false,0.000000,0,0,477,477,969,TP_RECOVERY,,14,1152351780,50300672,100.00
1786441788,cooldown,1792,2048,512,512,0,512,7974,0,0,2,106,443,resize_cooldown,28,0,0,4,0,0,32,true,1544.796,973.708,0.369685,true,false,0.000000,0,0,477,477,971,TP_RECOVERY,,14,1152351800,50300672,100.00
1786441789,cooldown,1792,2048,512,512,0,512,7974,0,0,2,106,443,resize_cooldown,28,0,0,4,0,0,32,true,1480.857,905.410,0.388590,true,false,0.000000,0,0,477,477,973,TP_RECOVERY,,23,1152351994,50300672,100.00
1786441790,cooldown,1792,2048,512,512,0,512,7974,0,0,2,106,443,resize_cooldown,28,0,0,4,0,0,32,true,1413.096,803.242,0.431573,true,false,0.000000,0,0,477,477,975,TP_RECOVERY,,14,1152352014,50300672,100.00
1786441791,cooldown,1792,2048,512,512,0,512,7974,0,0,2,106,443,resize_cooldown,28,0,0,4,0,0,32,true,1343.369,715.828,0.467140,true,false,0.000000,0,0,477,477,977,TP_RECOVERY,,14,1152352034,50300672,100.00
1786441792,cooldown,1792,2048,512,512,0,512,7974,0,0,2,106,443,resize_cooldown,28,0,0,4,0,0,32,true,1275.777,667.455,0.476825,true,false,0.000000,0,0,477,477,979,TP_RECOVERY,,23,1152352228,50300672,100.00
1786441793,cooldown,1792,2048,512,512,0,512,7974,0,0,2,106,443,resize_cooldown,28,0,0,4,0,0,32,true,1208.645,604.453,0.499892,true,false,0.000000,0,0,477,477,981,TP_RECOVERY,,14,1152352248,50300672,100.00
1786441794,cooldown,1792,2048,512,512,0,512,7974,0,0,2,106,443,resize_cooldown,28,0,0,4,0,0,32,true,1142.571,547.904,0.520464,true,false,0.000000,0,0,477,477,983,TP_RECOVERY,,16,1152352269,50300672,100.00
1786441795,cooldown,1792,2048,512,512,0,512,7974,0,0,2,106,443,resize_cooldown,28,0,0,4,0,0,32,true,1081.705,533.913,0.506415,true,false,0.000000,0,0,477,477,985,TP_RECOVERY,,21,1152352462,50300672,100.00
1786441796,cooldown,1792,2048,512,512,0,512,7974,0,0,2,106,443,resize_cooldown,28,0,0,4,0,0,32,true,1024.108,505.733,0.506172,true,false,0.000000,0,0,477,477,987,TP_RECOVERY,,14,1152352482,50300672,100.00
1786441797,cooldown,1792,2048,512,512,0,512,7974,0,0,2,106,443,resize_cooldown,28,0,0,4,0,0,32,true,964.060,423.628,0.560579,true,false,0.000000,0,0,477,477,989,TP_RECOVERY,,16,1152352503,50300672,100.00
1786441798,cooldown,1792,2048,512,512,0,512,7974,0,0,2,106,443,resize_cooldown,28,0,0,4,0,0,32,true,832.688,224.843,0.729979,true,false,0.000000,0,0,477,477,993,TP_RECOVERY,,21,1152352696,50300672,100.00
1786441800,cooldown,1792,2048,512,512,0,512,7974,0,0,2,106,443,resize_cooldown,28,0,0,4,0,0,32,true,832.688,125.888,0.000000,false,false,0.000000,0,0,477,477,993,TP_RECOVERY,,6,1152352704,50300672,100.00
1786441801,cooldown,1792,2048,512,512,0,512,7974,0,0,2,106,443,resize_cooldown,28,0,0,4,0,0,32,true,832.688,122.166,0.000000,false,false,0.000000,0,0,477,477,993,TP_RECOVERY,,24,1152352737,50300672,100.00
1786441802,cooldown,1792,2048,512,512,0,512,7974,0,0,2,106,443,resize_cooldown,28,0,0,4,0,0,32,true,761.305,118.858,0.843876,true,false,0.000000,0,0,477,477,995,TP_RECOVERY,,21,1152352930,50300672,100.00
1786441803,cooldown,1792,2048,512,512,0,512,7974,0,0,2,106,443,resize_cooldown,28,0,0,4,0,0,32,true,694.819,96.448,0.861189,true,false,0.000000,0,0,477,477,997,TP_RECOVERY,,14,1152352950,50300672,100.00
1786441804,cooldown,1792,2048,512,512,0,512,7974,0,0,2,106,443,resize_cooldown,28,0,0,4,0,0,32,true,627.099,17.618,0.971905,true,false,0.000000,0,0,477,477,999,TP_RECOVERY,,23,1152353144,50300672,100.00
1786441805,cooldown,1792,2048,512,512,0,512,7974,0,0,2,106,443,resize_cooldown,28,0,0,4,0,0,32,true,566.151,17.618,0.968881,true,false,0.000000,0,0,477,477,1001,TP_RECOVERY,,14,1152353164,50300672,100.00
1786441806,cooldown,1792,2048,512,512,0,512,7974,0,0,2,106,443,resize_cooldown,28,0,0,4,0,0,32,true,511.294,17.584,0.965609,true,false,0.000000,0,0,477,477,1003,TP_RECOVERY,,14,1152353184,50300672,100.00
1786441807,cooldown,1792,2048,512,512,0,512,7974,0,0,2,106,443,resize_cooldown,28,0,0,4,0,0,32,true,461.927,17.617,0.961861,true,false,0.000000,0,0,477,477,1005,TP_RECOVERY,,23,1152353378,50300672,100.00
1786441808,cooldown,1792,2048,512,512,0,512,7974,0,0,2,106,443,resize_cooldown,28,0,0,4,0,0,32,true,417.496,17.617,0.957803,true,false,0.000000,0,0,477,477,1007,TP_RECOVERY,,14,1152353398,50300672,100.00
1786441809,cooldown,1792,2048,512,512,0,512,7974,0,0,2,106,443,resize_cooldown,28,0,0,4,0,0,32,true,377.508,17.616,0.953335,true,false,0.000000,0,0,477,477,1009,TP_RECOVERY,,14,1152353418,50300672,100.00
1786441810,cooldown,1792,2048,512,512,0,512,7974,0,0,2,106,443,resize_cooldown,28,0,0,4,0,0,32,true,341.538,17.815,0.947839,true,false,0.000000,0,0,477,477,1011,TP_RECOVERY,,23,1152353612,50300672,100.00
1786441811,cooldown,1792,2048,512,512,0,512,7974,0,0,2,106,443,resize_cooldown,28,0,0,4,0,0,32,true,309.189,18.047,0.941630,true,false,0.000000,0,0,477,477,1013,TP_RECOVERY,,14,1152353632,50300672,100.00
1786441812,cooldown,1792,2048,512,512,0,512,7974,0,0,2,106,443,resize_cooldown,28,0,0,4,0,0,32,true,280.072,18.014,0.935682,true,false,0.000000,0,0,477,477,1015,TP_RECOVERY,,16,1152353653,50300672,100.00
1786441813,cooldown,1792,2048,512,512,0,512,7974,0,0,2,106,443,resize_cooldown,28,0,0,4,0,0,32,true,253.866,18.014,0.929041,true,false,0.000000,0,0,477,477,1017,TP_RECOVERY,,21,1152353846,50300672,100.00
1786441814,cooldown,1792,2048,512,512,0,512,7974,0,0,2,106,443,resize_cooldown,28,0,0,4,0,0,32,true,230.281,18.012,0.921781,true,false,0.000000,0,0,477,477,1019,TP_RECOVERY,,14,1152353866,50300672,100.00
1786441815,cooldown,1792,2048,512,512,0,512,7974,0,0,2,106,443,resize_cooldown,28,0,0,4,0,0,32,true,209.054,18.012,0.913842,true,false,0.000000,0,0,477,477,1021,TP_RECOVERY,,16,1152353887,50300672,100.00
1786441817,cooldown,1792,2048,512,512,0,512,7974,0,0,2,106,443,resize_cooldown,28,0,0,4,0,0,32,true,189.950,18.012,0.905175,true,false,0.000000,0,0,477,477,1023,TP_RECOVERY,,23,1152354083,50300674,98.99
1786441818,cooldown,1792,2048,512,512,0,512,7974,0,0,2,106,443,resize_cooldown,28,0,0,4,0,0,32,true,157.244,17.611,0.888000,true,false,0.000000,0,0,477,477,1027,TP_RECOVERY,,14,1152354103,50300674,100.00
1786441819,cooldown,1792,2048,512,512,0,512,7974,0,0,2,106,443,resize_cooldown,28,0,0,4,0,0,32,true,143.284,17.637,0.876908,true,false,0.000000,0,0,477,477,1029,TP_RECOVERY,,16,1152354124,50300674,100.00
1786441820,cooldown,1792,2048,512,512,0,512,7974,0,0,2,106,443,resize_cooldown,28,0,0,4,0,0,32,true,130.719,17.637,0.865075,true,false,0.000000,0,0,477,477,1031,TP_RECOVERY,,13,1152354305,50300674,100.00
1786441821,cooldown,1792,2048,512,512,0,512,7974,0,0,2,106,443,resize_cooldown,28,0,0,4,0,0,32,true,119.411,17.638,0.852294,true,false,0.000000,0,0,477,477,1033,TP_RECOVERY,,22,1152354337,50300674,100.00
1786441822,cooldown,1792,2048,512,512,0,512,7974,0,0,2,106,443,resize_cooldown,28,0,0,4,0,0,32,true,109.234,17.638,0.838531,true,false,0.000000,0,0,477,477,1035,TP_RECOVERY,,23,1152354531,50300674,100.00
1786441823,cooldown,1792,2048,512,512,0,512,7974,0,0,2,106,443,resize_cooldown,28,0,0,4,0,0,32,true,100.074,17.636,0.823772,true,false,0.000000,0,0,477,477,1037,TP_RECOVERY,,14,1152354551,50300674,100.00
1786441824,cooldown,1792,2048,512,512,0,512,7974,0,0,2,106,443,resize_cooldown,28,0,0,4,0,0,32,true,91.830,17.636,0.807951,true,false,0.000000,0,0,477,477,1039,TP_RECOVERY,,14,1152354571,50300674,100.00
1786441825,cooldown,1792,2048,512,512,0,512,7974,0,0,2,106,443,resize_cooldown,28,0,0,4,0,0,32,true,84.411,17.636,0.791068,true,false,0.000000,0,0,477,477,1041,TP_RECOVERY,,23,1152354765,50300674,100.00
1786441826,cooldown,1792,2048,512,512,0,512,7974,0,0,2,106,443,resize_cooldown,28,0,0,4,0,0,32,true,77.733,17.636,0.773123,true,false,0.000000,0,0,477,477,1043,TP_RECOVERY,,14,1152354785,50300674,100.00
1786441827,cooldown,1792,2048,512,512,0,512,7974,0,0,2,106,443,resize_cooldown,28,0,0,4,0,0,32,true,71.723,17.635,0.754118,true,false,0.000000,0,0,477,477,1045,TP_RECOVERY,,14,1152354805,50300674,100.00
1786441828,cooldown,1792,2048,512,512,0,512,7974,0,0,2,106,443,resize_cooldown,28,0,0,4,0,0,32,true,66.315,17.635,0.734069,true,false,0.000000,0,0,477,477,1047,TP_RECOVERY,,23,1152354999,50300674,100.00
1786441829,cooldown,1792,2048,512,512,0,512,7974,0,0,2,106,443,resize_cooldown,28,0,0,4,0,0,32,true,61.493,18.101,0.705636,true,false,0.000000,0,0,477,477,1049,TP_RECOVERY,,14,1152355019,50300674,100.00
1786441830,cooldown,1792,2048,512,512,0,512,7974,0,0,2,106,443,resize_cooldown,28,0,0,4,0,0,32,true,57.154,18.101,0.683289,true,false,0.000000,0,0,477,477,1051,TP_RECOVERY,,14,1152355039,50300674,100.00
1786441831,cooldown,1792,2048,512,512,0,512,7974,0,0,2,106,443,resize_cooldown,28,0,0,4,0,0,32,true,53.249,18.102,0.660056,true,false,0.000000,0,0,477,477,1053,TP_RECOVERY,,23,1152355233,50300674,100.00
1786441832,cooldown,1792,2048,512,512,0,512,7974,0,0,2,106,443,resize_cooldown,28,0,0,4,0,0,32,true,49.734,18.103,0.636001,true,false,0.000000,0,0,477,477,1055,TP_RECOVERY,,14,1152355253,50300674,100.00
1786441833,cooldown,1792,2048,512,512,0,512,7974,0,0,2,106,443,resize_cooldown,28,0,0,4,0,0,32,true,46.571,18.103,0.611279,true,false,0.000000,0,0,477,477,1057,TP_RECOVERY,,16,1152355274,50300674,100.00
1786441835,cooldown,1792,2048,512,512,0,512,7974,0,0,2,106,443,resize_cooldown,28,0,0,4,0,0,32,true,43.724,18.102,0.586005,true,false,0.000000,0,0,477,477,1059,TP_RECOVERY,,21,1152355467,50300674,100.00
